module,candidate,kind,first_string_index
,__metaclass__,function_or_attr,5
,__abstractmethods__,function_or_attr,6
,__closure__,function_or_attr,7
,__enter__,function_or_attr,12
,__exit__,function_or_attr,13
,__builtins__,function_or_attr,14
,__all__,function_or_attr,15
,__cmp__,function_or_attr,17
,__iter__,function_or_attr,18
,__compiled__,function_or_attr,20
,__nuitka__,function_or_attr,21
,inspect,function_or_attr,22
,compile,function_or_attr,23
,range,function_or_attr,24
,super,function_or_attr,26
,sum,function_or_attr,27
,__import__,function_or_attr,29
,bytearray,function_or_attr,30
,staticmethod,function_or_attr,31
,classmethod,function_or_attr,32
,name,function_or_attr,35
,globals,function_or_attr,36
,locals,function_or_attr,37
,fromlist,function_or_attr,38
,level,function_or_attr,39
,path,function_or_attr,48
,basename,function_or_attr,49
,dirname,function_or_attr,50
,abspath,function_or_attr,51
,isabs,function_or_attr,52
,normpath,function_or_attr,53
,exists,function_or_attr,54
,isdir,function_or_attr,55
,isfile,function_or_attr,56
,listdir,function_or_attr,57
,stat,function_or_attr,58
,lstat,function_or_attr,59
,close,function_or_attr,60
,getattr,function_or_attr,61
,__cached__,function_or_attr,62
,print,function_or_attr,63
,end,function_or_attr,64
,file,function_or_attr,65
,bytes,function_or_attr,66
,__annotations__,function_or_attr,69
,send,function_or_attr,70
,throw,function_or_attr,71
,site,function_or_attr,72
,type,function_or_attr,73
,len,function_or_attr,74
,repr,function_or_attr,75
,int,function_or_attr,76
,iter,function_or_attr,77
,_initializing,function_or_attr,79
,parent,function_or_attr,80
,types,function_or_attr,81
,ascii,function_or_attr,82
,punycode,function_or_attr,83
,__main__,function_or_attr,84
,as_file,function_or_attr,85
,register,function_or_attr,86
,__class_getitem__,function_or_attr,87
,reconfigure,function_or_attr,88
,encoding,function_or_attr,89
,line_buffering,function_or_attr,90
,__match_args__,function_or_attr,91
,__aenter__,function_or_attr,92
,__aexit__,function_or_attr,93
,fileno,function_or_attr,95
,python.exe,qualname,96
,attrs,function_or_attr,97
,attr,function_or_attr,98
__main__,resources,function_or_attr,1
__main__,icon.ico,qualname,2
__main__,executable,function_or_attr,3
__main__,frozen,function_or_attr,5
__main__,onefile_,function_or_attr,6
__main__,startswith,function_or_attr,7
__main__,logger,function_or_attr,9
__main__,info,function_or_attr,10
__main__,shutil,function_or_attr,12
__main__,rmtree,function_or_attr,13
__main__,ignore_errors,function_or_attr,14
__main__,error,function_or_attr,16
__main__,containing_dir,function_or_attr,19
__main__,argv,function_or_attr,21
__main__,__mro_entries__,function_or_attr,28
__main__,bases,function_or_attr,29
__main__,windll,function_or_attr,30
__main__,shell32,function_or_attr,31
__main__,SetCurrentProcessExplicitAppUserModelID,class_or_import,32
__main__,warning,function_or_attr,35
__main__,QApplication,class_or_import,37
__main__,app,function_or_attr,38
__main__,KortexWorker,class_or_import,40
__main__,Fusion,class_or_import,44
__main__,get_work_directory,function_or_attr,45
__main__,work_dir,function_or_attr,46
__main__,resolve_app_icon_path,function_or_attr,48
__main__,QIcon,class_or_import,49
__main__,config,function_or_attr,55
__main__,ConfigManager,class_or_import,58
__main__,config_manager,function_or_attr,59
__main__,LicenseClient,class_or_import,61
__main__,license_client,function_or_attr,62
__main__,LicenseExpiredSignal,class_or_import,63
__main__,license_signal,function_or_attr,64
__main__,expired,function_or_attr,65
__main__,handle_license_expiration,function_or_attr,67
__main__,main_window,function_or_attr,68
__main__,validate,function_or_attr,69
__main__,show_activation_dialog,function_or_attr,72
__main__,QMessageBox,class_or_import,75
__main__,Icon,class_or_import,77
__main__,Warning,class_or_import,78
__main__,StandardButton,class_or_import,86
__main__,exec,function_or_attr,88
__main__,ActivationDialog,class_or_import,89
__main__,DialogCode,class_or_import,90
__main__,Accepted,class_or_import,91
__main__,fishing_tab,function_or_attr,96
__main__,_fishing_bot,function_or_attr,97
__main__,running,function_or_attr,98
__main__,is_running,function_or_attr,101
__main__,send_license_expired_notification,function_or_attr,102
__main__,hide,function_or_attr,105
__main__,expired_message,function_or_attr,106
__main__,show,function_or_attr,108
__main__,start_background_check,function_or_attr,109
__main__,on_license_expired,function_or_attr,110
__main__,quit,function_or_attr,112
__main__,load_telegram_settings,function_or_attr,114
__main__,enabled,function_or_attr,115
__main__,bot_token,function_or_attr,116
__main__,strip,function_or_attr,118
__main__,debug,function_or_attr,119
__main__,chat_id,function_or_attr,121
__main__,admin_ids,function_or_attr,123
__main__,requests,function_or_attr,127
__main__,text,function_or_attr,133
__main__,parse_mode,function_or_attr,134
__main__,HTML,class_or_import,135
__main__,post,function_or_attr,136
__main__,json,function_or_attr,137
__main__,timeout,function_or_attr,138
__main__,status_code,function_or_attr,139
__main__,check_and_activate_license,function_or_attr,144
__main__,MainWindow,class_or_import,146
__main__,stop_background_check,function_or_attr,149
__main__,exception,function_or_attr,151
__main__,Critical,class_or_import,153
__main__,AntiCrack,class_or_import,157
__main__,check_all_comprehensive,function_or_attr,158
__main__,critical,function_or_attr,159
__main__,on_anti_crack_threat,function_or_attr,163
__main__,main.<locals>.on_anti_crack_threat,local_qualname,164
__main__,start_monitoring,function_or_attr,165
__main__,callback,function_or_attr,166
__main__,interval,function_or_attr,167
__main__,atexit,function_or_attr,170
__main__,cleanup_temp_directory,function_or_attr,171
__main__,LicensedApplication,class_or_import,172
__main__,run,function_or_attr,173
__main__,called,function_or_attr,178
__main__,star_arg_dict,function_or_attr,179
__main__,__getitem__,function_or_attr,181
__main__,star_arg_list,function_or_attr,183
__main__,sys,function_or_attr,187
__main__,logging,function_or_attr,189
__main__,ctypes,function_or_attr,190
__main__,PyQt6.QtWidgets,class_qualname,191
__main__,PyQt6.QtCore,class_qualname,194
__main__,QTimer,class_or_import,195
__main__,QObject,class_or_import,196
__main__,PyQt6.QtGui,class_qualname,201
__main__,ui.main_window,qualname,203
__main__,license,function_or_attr,206
__main__,anti_crack_advanced,function_or_attr,209
__main__,INFO,class_or_import,212
__main__,level,function_or_attr,214
__main__,Main,class_or_import,217
__main__,return,function_or_attr,219
__main__,__prepare__,function_or_attr,220
__main__,__qualname__,function_or_attr,224
__main__,str,function_or_attr,225
__main__,__orig_bases__,function_or_attr,226
__main__,LicensedApplication.__init__,qualname,228
__main__,LicensedApplication.check_and_activate_license,qualname,230
__main__,LicensedApplication.show_activation_dialog,qualname,233
__main__,reason,function_or_attr,234
__main__,LicensedApplication.on_license_expired,qualname,235
__main__,LicensedApplication.handle_license_expiration,qualname,236
__main__,LicensedApplication.send_license_expired_notification,qualname,237
__main__,LicensedApplication.run,qualname,239
__main__,main,function_or_attr,240
__main__,main.py,qualname,241
__main__,self,function_or_attr,244
__main__,app_id,function_or_attr,245
__main__,icon_path,function_or_attr,247
__main__,icon,function_or_attr,248
__main__,config_dir,function_or_attr,249
__main__,is_valid,function_or_attr,251
__main__,message,function_or_attr,252
__main__,is_compiled,function_or_attr,253
__main__,exe_path,function_or_attr,254
__main__,temp_dir,function_or_attr,255
__main__,activated,function_or_attr,261
__main__,failed_checks,function_or_attr,263
__main__,threats,function_or_attr,266
__main__,fishing_bot,function_or_attr,270
__main__,candidates,function_or_attr,272
__main__,exit_code,function_or_attr,275
__main__,msg_box,function_or_attr,277
__main__,telegram_settings,function_or_attr,280
__main__,admin_ids_str,function_or_attr,284
__main__,url,function_or_attr,287
__main__,payload,function_or_attr,288
__main__,response,function_or_attr,289
__main__,dialog,function_or_attr,294
__main__,result,function_or_attr,295
__parents_main__,resources,function_or_attr,1
__parents_main__,icon.ico,qualname,2
__parents_main__,executable,function_or_attr,3
__parents_main__,frozen,function_or_attr,5
__parents_main__,onefile_,function_or_attr,6
__parents_main__,startswith,function_or_attr,7
__parents_main__,logger,function_or_attr,9
__parents_main__,info,function_or_attr,10
__parents_main__,shutil,function_or_attr,12
__parents_main__,rmtree,function_or_attr,13
__parents_main__,ignore_errors,function_or_attr,14
__parents_main__,error,function_or_attr,16
__parents_main__,containing_dir,function_or_attr,19
__parents_main__,argv,function_or_attr,21
__parents_main__,windll,function_or_attr,28
__parents_main__,shell32,function_or_attr,29
__parents_main__,SetCurrentProcessExplicitAppUserModelID,class_or_import,30
__parents_main__,warning,function_or_attr,33
__parents_main__,QApplication,class_or_import,35
__parents_main__,app,function_or_attr,36
__parents_main__,KortexWorker,class_or_import,38
__parents_main__,Fusion,class_or_import,42
__parents_main__,get_work_directory,function_or_attr,43
__parents_main__,work_dir,function_or_attr,44
__parents_main__,resolve_app_icon_path,function_or_attr,46
__parents_main__,QIcon,class_or_import,47
__parents_main__,config,function_or_attr,53
__parents_main__,ConfigManager,class_or_import,56
__parents_main__,config_manager,function_or_attr,57
__parents_main__,LicenseClient,class_or_import,59
__parents_main__,license_client,function_or_attr,60
__parents_main__,LicenseExpiredSignal,class_or_import,61
__parents_main__,license_signal,function_or_attr,62
__parents_main__,expired,function_or_attr,63
__parents_main__,handle_license_expiration,function_or_attr,65
__parents_main__,main_window,function_or_attr,66
__parents_main__,validate,function_or_attr,67
__parents_main__,show_activation_dialog,function_or_attr,70
__parents_main__,QMessageBox,class_or_import,73
__parents_main__,Icon,class_or_import,75
__parents_main__,Warning,class_or_import,76
__parents_main__,StandardButton,class_or_import,84
__parents_main__,exec,function_or_attr,86
__parents_main__,ActivationDialog,class_or_import,87
__parents_main__,DialogCode,class_or_import,88
__parents_main__,Accepted,class_or_import,89
__parents_main__,fishing_tab,function_or_attr,94
__parents_main__,_fishing_bot,function_or_attr,95
__parents_main__,running,function_or_attr,96
__parents_main__,is_running,function_or_attr,99
__parents_main__,send_license_expired_notification,function_or_attr,100
__parents_main__,hide,function_or_attr,103
__parents_main__,expired_message,function_or_attr,104
__parents_main__,show,function_or_attr,106
__parents_main__,start_background_check,function_or_attr,107
__parents_main__,on_license_expired,function_or_attr,108
__parents_main__,quit,function_or_attr,110
__parents_main__,load_telegram_settings,function_or_attr,112
__parents_main__,enabled,function_or_attr,113
__parents_main__,bot_token,function_or_attr,114
__parents_main__,strip,function_or_attr,116
__parents_main__,debug,function_or_attr,117
__parents_main__,chat_id,function_or_attr,119
__parents_main__,admin_ids,function_or_attr,121
__parents_main__,requests,function_or_attr,125
__parents_main__,text,function_or_attr,131
__parents_main__,parse_mode,function_or_attr,132
__parents_main__,HTML,class_or_import,133
__parents_main__,post,function_or_attr,134
__parents_main__,json,function_or_attr,135
__parents_main__,timeout,function_or_attr,136
__parents_main__,status_code,function_or_attr,137
__parents_main__,check_and_activate_license,function_or_attr,142
__parents_main__,MainWindow,class_or_import,144
__parents_main__,stop_background_check,function_or_attr,147
__parents_main__,exception,function_or_attr,149
__parents_main__,Critical,class_or_import,151
__parents_main__,AntiCrack,class_or_import,155
__parents_main__,check_all_comprehensive,function_or_attr,156
__parents_main__,critical,function_or_attr,157
__parents_main__,on_anti_crack_threat,function_or_attr,161
__parents_main__,main.<locals>.on_anti_crack_threat,local_qualname,162
__parents_main__,start_monitoring,function_or_attr,163
__parents_main__,callback,function_or_attr,164
__parents_main__,interval,function_or_attr,165
__parents_main__,atexit,function_or_attr,168
__parents_main__,cleanup_temp_directory,function_or_attr,169
__parents_main__,LicensedApplication,class_or_import,170
__parents_main__,run,function_or_attr,171
__parents_main__,multiprocessing.spawn,qualname,174
__parents_main__,__nuitka_freeze_support.<locals>.<lambda>,local_qualname,176
__parents_main__,spawn,function_or_attr,177
__parents_main__,_fixup_main_from_path,function_or_attr,178
__parents_main__,__nuitka_original_args,function_or_attr,179
__parents_main__,pipe_handle,function_or_attr,181
__parents_main__,None,class_or_import,182
__parents_main__,kwds,function_or_attr,183
__parents_main__,modules,function_or_attr,184
__parents_main__,__parents_main__,function_or_attr,185
__parents_main__,spawn_main,function_or_attr,186
__parents_main__,origin,function_or_attr,188
__parents_main__,has_location,function_or_attr,189
__parents_main__,sys,function_or_attr,190
__parents_main__,logging,function_or_attr,192
__parents_main__,ctypes,function_or_attr,193
__parents_main__,PyQt6.QtWidgets,class_qualname,194
__parents_main__,PyQt6.QtCore,class_qualname,197
__parents_main__,QTimer,class_or_import,198
__parents_main__,QObject,class_or_import,199
__parents_main__,PyQt6.QtGui,class_qualname,204
__parents_main__,ui.main_window,qualname,206
__parents_main__,license,function_or_attr,209
__parents_main__,anti_crack_advanced,function_or_attr,212
__parents_main__,INFO,class_or_import,215
__parents_main__,level,function_or_attr,217
__parents_main__,Main,class_or_import,220
__parents_main__,return,function_or_attr,222
__parents_main__,__prepare__,function_or_attr,223
__parents_main__,__getitem__,function_or_attr,224
__parents_main__,__qualname__,function_or_attr,228
__parents_main__,str,function_or_attr,229
__parents_main__,__orig_bases__,function_or_attr,230
__parents_main__,LicensedApplication.__init__,qualname,232
__parents_main__,LicensedApplication.check_and_activate_license,qualname,234
__parents_main__,LicensedApplication.show_activation_dialog,qualname,237
__parents_main__,reason,function_or_attr,238
__parents_main__,LicensedApplication.on_license_expired,qualname,239
__parents_main__,LicensedApplication.handle_license_expiration,qualname,240
__parents_main__,LicensedApplication.send_license_expired_notification,qualname,241
__parents_main__,LicensedApplication.run,qualname,243
__parents_main__,main,function_or_attr,244
__parents_main__,__nuitka_freeze_support,function_or_attr,245
__parents_main__,main.py,qualname,246
__parents_main__,mod_name,function_or_attr,247
__parents_main__,self,function_or_attr,250
__parents_main__,app_id,function_or_attr,251
__parents_main__,icon_path,function_or_attr,253
__parents_main__,icon,function_or_attr,254
__parents_main__,config_dir,function_or_attr,255
__parents_main__,builtins,function_or_attr,257
__parents_main__,multiprocessing,function_or_attr,258
__parents_main__,args,function_or_attr,260
__parents_main__,arg,function_or_attr,261
__parents_main__,name,function_or_attr,262
__parents_main__,value,function_or_attr,263
__parents_main__,is_valid,function_or_attr,265
__parents_main__,message,function_or_attr,266
__parents_main__,is_compiled,function_or_attr,267
__parents_main__,exe_path,function_or_attr,268
__parents_main__,temp_dir,function_or_attr,269
__parents_main__,activated,function_or_attr,275
__parents_main__,failed_checks,function_or_attr,277
__parents_main__,threats,function_or_attr,280
__parents_main__,fishing_bot,function_or_attr,284
__parents_main__,candidates,function_or_attr,286
__parents_main__,exit_code,function_or_attr,289
__parents_main__,msg_box,function_or_attr,291
__parents_main__,telegram_settings,function_or_attr,294
__parents_main__,admin_ids_str,function_or_attr,298
__parents_main__,url,function_or_attr,301
__parents_main__,payload,function_or_attr,302
__parents_main__,response,function_or_attr,303
__parents_main__,dialog,function_or_attr,308
__parents_main__,result,function_or_attr,309
config_manager,config_dir,function_or_attr,0
config_manager,fishing_settings.json,qualname,2
config_manager,fishing_settings_file,function_or_attr,3
config_manager,telegram_settings.json,qualname,4
config_manager,telegram_settings_file,function_or_attr,5
config_manager,makedirs,function_or_attr,6
config_manager,auto_meal,function_or_attr,7
config_manager,auto_change_bait,function_or_attr,8
config_manager,store_in_backpack,function_or_attr,9
config_manager,store_in_trunk,function_or_attr,10
config_manager,shutdown_on_overweight,function_or_attr,11
config_manager,hotkey,function_or_attr,12
config_manager,fish_settings,function_or_attr,13
config_manager,garbage_settings,function_or_attr,14
config_manager,bag,function_or_attr,16
config_manager,corn,function_or_attr,17
config_manager,pack,function_or_attr,18
config_manager,json,function_or_attr,20
config_manager,load,function_or_attr,21
config_manager,pop,function_or_attr,24
config_manager,ocean_fishing,function_or_attr,25
config_manager,dump,function_or_attr,29
config_manager,ensure_ascii,function_or_attr,30
config_manager,indent,function_or_attr,31
config_manager,load_fishing_settings,function_or_attr,34
config_manager,bot_token,function_or_attr,40
config_manager,chat_id,function_or_attr,41
config_manager,admin_ids,function_or_attr,42
config_manager,enabled,function_or_attr,43
config_manager,auto_start,function_or_attr,44
config_manager,notifications,function_or_attr,45
config_manager,caught_fish,function_or_attr,47
config_manager,meal,function_or_attr,48
config_manager,backpack_storage,function_or_attr,49
config_manager,inventory_full,function_or_attr,50
config_manager,fishing_restored,function_or_attr,51
config_manager,tackle_ended,function_or_attr,52
config_manager,bait_changed,function_or_attr,53
config_manager,origin,function_or_attr,60
config_manager,has_location,function_or_attr,61
config_manager,config_manager,function_or_attr,63
config_manager,ConfigManager,class_or_import,65
config_manager,__qualname__,function_or_attr,66
config_manager,config,function_or_attr,67
config_manager,ConfigManager.__init__,qualname,68
config_manager,ConfigManager.load_fishing_settings,qualname,69
config_manager,save_fishing_settings,function_or_attr,70
config_manager,ConfigManager.save_fishing_settings,qualname,71
config_manager,get_fish_to_keep,function_or_attr,72
config_manager,ConfigManager.get_fish_to_keep,qualname,73
config_manager,get_fish_to_release,function_or_attr,74
config_manager,ConfigManager.get_fish_to_release,qualname,75
config_manager,get_garbage_to_eject,function_or_attr,76
config_manager,ConfigManager.get_garbage_to_eject,qualname,77
config_manager,get_garbage_to_keep,function_or_attr,78
config_manager,ConfigManager.get_garbage_to_keep,qualname,79
config_manager,load_telegram_settings,function_or_attr,80
config_manager,ConfigManager.load_telegram_settings,qualname,81
config_manager,save_telegram_settings,function_or_attr,82
config_manager,ConfigManager.save_telegram_settings,qualname,83
config_manager,config_manager.py,qualname,84
config_manager,self,function_or_attr,86
config_manager,settings,function_or_attr,89
config_manager,default_settings,function_or_attr,95
config_manager,merged,function_or_attr,98
config_manager,clean_settings,function_or_attr,102
license,environ,function_or_attr,0
license,NUITKA_PACKAGE_license,class_or_import,1
license,origin,function_or_attr,3
license,has_location,function_or_attr,4
license,submodule_search_locations,function_or_attr,5
license,hwid_generator,function_or_attr,6
license,get_hwid,function_or_attr,7
license,license_client,function_or_attr,9
license,LicenseClient,class_or_import,10
license,activation_dialog,function_or_attr,12
license,ActivationDialog,class_or_import,13
license.activation_dialog,license_client,function_or_attr,0
license.activation_dialog,WindowType,class_or_import,3
license.activation_dialog,Dialog,class_or_import,4
license.activation_dialog,MSWindowsFixedSizeDialogHint,class_or_import,5
license.activation_dialog,setup_ui,function_or_attr,6
license.activation_dialog,BACKGROUND_COLOR,class_or_import,13
license.activation_dialog,TEXT_COLOR,class_or_import,15
license.activation_dialog,CARD_COLOR,class_or_import,17
license.activation_dialog,SIDEBAR_COLOR,class_or_import,19
license.activation_dialog,MAGENTA_COLOR,class_or_import,22
license.activation_dialog,QVBoxLayout,class_or_import,32
license.activation_dialog,QLabel,class_or_import,35
license.activation_dialog,AlignmentFlag,class_or_import,40
license.activation_dialog,AlignCenter,class_or_import,41
license.activation_dialog,TEXT_SECONDARY,class_or_import,45
license.activation_dialog,QFrame,class_or_import,49
license.activation_dialog,get_hwid,function_or_attr,52
license.activation_dialog,TextInteractionFlag,class_or_import,60
license.activation_dialog,TextSelectableByMouse,class_or_import,61
license.activation_dialog,QLineEdit,class_or_import,64
license.activation_dialog,key_input,function_or_attr,65
license.activation_dialog,_format_key_input,function_or_attr,71
license.activation_dialog,_on_activate_clicked,function_or_attr,73
license.activation_dialog,QTextEdit,class_or_import,74
license.activation_dialog,status_text,function_or_attr,75
license.activation_dialog,QHBoxLayout,class_or_import,79
license.activation_dialog,QPushButton,class_or_import,80
license.activation_dialog,activate_button,function_or_attr,82
license.activation_dialog,clicked,function_or_attr,84
license.activation_dialog,close_button,function_or_attr,87
license.activation_dialog,reject,function_or_attr,89
license.activation_dialog,CursorShape,class_or_import,101
license.activation_dialog,PointingHandCursor,class_or_import,102
license.activation_dialog,ActivationDialog.setup_ui.<locals>.<lambda>,local_qualname,104
license.activation_dialog,QTimer,class_or_import,108
license.activation_dialog,self,function_or_attr,111
license.activation_dialog,_open_url,function_or_attr,112
license.activation_dialog,min,function_or_attr,121
license.activation_dialog,isalnum,function_or_attr,123
license.activation_dialog,ActivationDialog._format_key_input.<locals>.<genexpr>,local_qualname,126
license.activation_dialog,cleaned,function_or_attr,127
license.activation_dialog,text,function_or_attr,128
license.activation_dialog,replace,function_or_attr,129
license.activation_dialog,strip,function_or_attr,132
license.activation_dialog,_show_status,function_or_attr,133
license.activation_dialog,error,function_or_attr,135
license.activation_dialog,info,function_or_attr,137
license.activation_dialog,ActivationDialog._on_activate_clicked.<locals>.<lambda>,local_qualname,139
license.activation_dialog,_do_activation,function_or_attr,141
license.activation_dialog,key,function_or_attr,142
license.activation_dialog,activate,function_or_attr,143
license.activation_dialog,success,function_or_attr,145
license.activation_dialog,license_activated,function_or_attr,146
license.activation_dialog,accept,function_or_attr,148
license.activation_dialog,logger,function_or_attr,151
license.activation_dialog,maximum,function_or_attr,164
license.activation_dialog,QDesktopServices,class_or_import,166
license.activation_dialog,QUrl,class_or_import,168
license.activation_dialog,origin,function_or_attr,172
license.activation_dialog,has_location,function_or_attr,173
license.activation_dialog,sys,function_or_attr,174
license.activation_dialog,logging,function_or_attr,175
license.activation_dialog,PyQt6.QtWidgets,class_qualname,176
license.activation_dialog,QDialog,class_or_import,177
license.activation_dialog,QApplication,class_or_import,185
license.activation_dialog,PyQt6.QtCore,class_qualname,188
license.activation_dialog,PyQt6.QtGui,class_qualname,194
license.activation_dialog,QFont,class_or_import,195
license.activation_dialog,ActivationDialog,class_or_import,199
license.activation_dialog,__prepare__,function_or_attr,206
license.activation_dialog,__getitem__,function_or_attr,208
license.activation_dialog,license.activation_dialog,qualname,211
license.activation_dialog,__qualname__,function_or_attr,213
license.activation_dialog,str,function_or_attr,214
license.activation_dialog,ActivationDialog.__init__,qualname,215
license.activation_dialog,ActivationDialog.setup_ui,qualname,216
license.activation_dialog,ActivationDialog._format_key_input,qualname,217
license.activation_dialog,ActivationDialog._on_activate_clicked,qualname,218
license.activation_dialog,ActivationDialog._do_activation,qualname,219
license.activation_dialog,message,function_or_attr,221
license.activation_dialog,status_type,function_or_attr,222
license.activation_dialog,ActivationDialog._show_status,qualname,223
license.activation_dialog,url,function_or_attr,224
license.activation_dialog,ActivationDialog._open_url,qualname,225
license.activation_dialog,__orig_bases__,function_or_attr,226
license.activation_dialog,parent,function_or_attr,242
license.activation_dialog,formatted,function_or_attr,252
license.activation_dialog,cursor_pos,function_or_attr,253
license.activation_dialog,color,function_or_attr,259
license.activation_dialog,html,function_or_attr,260
license.activation_dialog,scrollbar,function_or_attr,261
license.activation_dialog,main_layout,function_or_attr,263
license.activation_dialog,title_label,function_or_attr,264
license.activation_dialog,subtitle_label,function_or_attr,265
license.activation_dialog,hwid_card,function_or_attr,266
license.activation_dialog,hwid_layout,function_or_attr,267
license.activation_dialog,hwid,function_or_attr,268
license.activation_dialog,hwid_title,function_or_attr,269
license.activation_dialog,hwid_value,function_or_attr,270
license.activation_dialog,key_label,function_or_attr,271
license.activation_dialog,button_layout,function_or_attr,272
license.activation_dialog,links_card,function_or_attr,273
license.activation_dialog,links_layout,function_or_attr,274
license.activation_dialog,links_title,function_or_attr,275
license.activation_dialog,tg_layout,function_or_attr,276
license.activation_dialog,tg_label,function_or_attr,277
license.activation_dialog,tg_link,function_or_attr,278
license.activation_dialog,fp_layout,function_or_attr,279
license.activation_dialog,fp_label,function_or_attr,280
license.activation_dialog,fp_link,function_or_attr,281
license.hwid_generator,winreg,function_or_attr,0
license.hwid_generator,KEY_READ,class_or_import,1
license.hwid_generator,KEY_WOW64_64KEY,class_or_import,2
license.hwid_generator,KEY_WOW64_32KEY,class_or_import,3
license.hwid_generator,OpenKey,class_or_import,4
license.hwid_generator,HKEY_LOCAL_MACHINE,class_or_import,5
license.hwid_generator,QueryValueEx,class_or_import,7
license.hwid_generator,MachineGuid,class_or_import,8
license.hwid_generator,strip,function_or_attr,9
license.hwid_generator,logger,function_or_attr,10
license.hwid_generator,warning,function_or_attr,11
license.hwid_generator,UNKNOWN_GUID,class_or_import,13
license.hwid_generator,windll,function_or_attr,15
license.hwid_generator,kernel32,function_or_attr,16
license.hwid_generator,GetVolumeInformationW,class_or_import,17
license.hwid_generator,c_wchar_p,function_or_attr,18
license.hwid_generator,c_uint,function_or_attr,19
license.hwid_generator,POINTER,class_or_import,20
license.hwid_generator,c_ulong,function_or_attr,21
license.hwid_generator,argtypes,function_or_attr,22
license.hwid_generator,c_int,function_or_attr,23
license.hwid_generator,restype,function_or_attr,24
license.hwid_generator,environ,function_or_attr,25
license.hwid_generator,SystemDrive,class_or_import,26
license.hwid_generator,rstrip,function_or_attr,28
license.hwid_generator,SystemRoot,class_or_import,30
license.hwid_generator,seen,function_or_attr,34
license.hwid_generator,add,function_or_attr,35
license.hwid_generator,get_volume_info,function_or_attr,36
license.hwid_generator,byref,function_or_attr,37
license.hwid_generator,value,function_or_attr,38
license.hwid_generator,UNKNOWN_SERIAL,class_or_import,42
license.hwid_generator,COMPUTERNAME,class_or_import,44
license.hwid_generator,USERNAME,class_or_import,46
license.hwid_generator,platform,function_or_attr,48
license.hwid_generator,machine,function_or_attr,49
license.hwid_generator,release,function_or_attr,50
license.hwid_generator,hashlib,function_or_attr,52
license.hwid_generator,sha256,function_or_attr,53
license.hwid_generator,hexdigest,function_or_attr,55
license.hwid_generator,info,function_or_attr,57
license.hwid_generator,get_windows_machine_guid,function_or_attr,59
license.hwid_generator,get_volume_serial,function_or_attr,60
license.hwid_generator,debug,function_or_attr,61
license.hwid_generator,get_stable_fallback_id,function_or_attr,64
license.hwid_generator,encode,function_or_attr,67
license.hwid_generator,error,function_or_attr,70
license.hwid_generator,windows_machine_guid,function_or_attr,74
license.hwid_generator,volume_serial,function_or_attr,75
license.hwid_generator,hwid,function_or_attr,76
license.hwid_generator,get_hwid,function_or_attr,77
license.hwid_generator,origin,function_or_attr,80
license.hwid_generator,has_location,function_or_attr,81
license.hwid_generator,ctypes,function_or_attr,82
license.hwid_generator,logging,function_or_attr,84
license.hwid_generator,HWIDGenerator,class_or_import,86
license.hwid_generator,return,function_or_attr,87
license.hwid_generator,get_hwid_components,function_or_attr,89
license.hwid_generator,win_guid,function_or_attr,92
license.hwid_generator,vol_serial,function_or_attr,93
license.hwid_generator,fallback,function_or_attr,94
license.hwid_generator,combined,function_or_attr,95
license.hwid_generator,hwid_hash,function_or_attr,96
license.hwid_generator,emergency,function_or_attr,98
license.hwid_generator,computer_name,function_or_attr,99
license.hwid_generator,username,function_or_attr,100
license.hwid_generator,system_root,function_or_attr,101
license.hwid_generator,seed,function_or_attr,104
license.hwid_generator,drives_to_try,function_or_attr,107
license.hwid_generator,sys_drive,function_or_attr,108
license.hwid_generator,drive,function_or_attr,111
license.hwid_generator,serial,function_or_attr,114
license.hwid_generator,flags_to_try,function_or_attr,116
license.hwid_generator,flags,function_or_attr,117
license.hwid_generator,key,function_or_attr,118
license.license_client,Path,class_or_import,0
license.license_client,config_dir,function_or_attr,1
license.license_client,license.enc,qualname,2
license.license_client,license_file,function_or_attr,3
license.license_client,mkdir,function_or_attr,4
license.license_client,parents,function_or_attr,5
license.license_client,exist_ok,function_or_attr,6
license.license_client,Fernet,class_or_import,7
license.license_client,_ENCRYPTION_KEY,function_or_attr,8
license.license_client,_cipher,function_or_attr,9
license.license_client,_license_key,function_or_attr,10
license.license_client,get_hwid,function_or_attr,11
license.license_client,_hwid,function_or_attr,12
license.license_client,_license_data,function_or_attr,13
license.license_client,_is_valid,function_or_attr,14
license.license_client,_check_thread,function_or_attr,15
license.license_client,threading,function_or_attr,16
license.license_client,Event,class_or_import,17
license.license_client,_stop_event,function_or_attr,18
license.license_client,Lock,class_or_import,19
license.license_client,_check_lock,function_or_attr,20
license.license_client,_expiration_callback,function_or_attr,21
license.license_client,_load_local_license,function_or_attr,22
license.license_client,logger,function_or_attr,23
license.license_client,info,function_or_attr,24
license.license_client,encrypt,function_or_attr,27
license.license_client,encode,function_or_attr,28
license.license_client,decrypt,function_or_attr,31
license.license_client,decode,function_or_attr,32
license.license_client,hwid,function_or_attr,34
license.license_client,datetime,function_or_attr,35
license.license_client,now,function_or_attr,36
license.license_client,timezone,function_or_attr,37
license.license_client,utc,function_or_attr,38
license.license_client,isoformat,function_or_attr,39
license.license_client,saved_at,function_or_attr,40
license.license_client,json,function_or_attr,41
license.license_client,dumps,function_or_attr,42
license.license_client,_encrypt_data,function_or_attr,43
license.license_client,error,function_or_attr,47
license.license_client,absolute,function_or_attr,54
license.license_client,encrypted,function_or_attr,58
license.license_client,_decrypt_data,function_or_attr,60
license.license_client,loads,function_or_attr,61
license.license_client,warning,function_or_attr,64
license.license_client,_delete_local_license,function_or_attr,66
license.license_client,key,function_or_attr,67
license.license_client,_check_local_expiration,function_or_attr,68
license.license_client,expires_at,function_or_attr,70
license.license_client,traceback,function_or_attr,72
license.license_client,format_exc,function_or_attr,76
license.license_client,unlink,function_or_attr,78
license.license_client,endswith,function_or_attr,82
license.license_client,fromisoformat,function_or_attr,84
license.license_client,replace,function_or_attr,85
license.license_client,tzinfo,function_or_attr,88
license.license_client,strip,function_or_attr,95
license.license_client,SERVER_URL,class_or_import,100
license.license_client,APP_NAME,class_or_import,101
license.license_client,requests,function_or_attr,104
license.license_client,post,function_or_attr,105
license.license_client,timeout,function_or_attr,107
license.license_client,status_code,function_or_attr,108
license.license_client,activated_at,function_or_attr,110
license.license_client,_save_local_license,function_or_attr,112
license.license_client,detail,function_or_attr,118
license.license_client,expired,function_or_attr,122
license.license_client,exceptions,function_or_attr,125
license.license_client,Timeout,class_or_import,126
license.license_client,ConnectionError,class_or_import,128
license.license_client,_handle_license_invalid,function_or_attr,138
license.license_client,is_alive,function_or_attr,172
license.license_client,Thread,class_or_import,175
license.license_client,_background_check_loop,function_or_attr,176
license.license_client,LicenseChecker,class_or_import,177
license.license_client,target,function_or_attr,178
license.license_client,daemon,function_or_attr,179
license.license_client,name,function_or_attr,180
license.license_client,CHECK_INTERVAL,class_or_import,183
license.license_client,self,function_or_attr,193
license.license_client,is_set,function_or_attr,194
license.license_client,validate,function_or_attr,196
license.license_client,wait,function_or_attr,202
license.license_client,is_valid,function_or_attr,206
license.license_client,origin,function_or_attr,210
license.license_client,has_location,function_or_attr,211
license.license_client,logging,function_or_attr,212
license.license_client,Optional,class_or_import,217
license.license_client,Dict,class_or_import,218
license.license_client,Any,class_or_import,219
license.license_client,Callable,class_or_import,220
license.license_client,cryptography.fernet,qualname,221
license.license_client,pathlib,function_or_attr,223
license.license_client,hwid_generator,function_or_attr,225
license.license_client,anti_crack_advanced,function_or_attr,227
license.license_client,AntiCrack,class_or_import,228
license.license_client,protected,function_or_attr,229
license.license_client,LicenseClient,class_or_import,233
license.license_client,license.license_client,qualname,234
license.license_client,__qualname__,function_or_attr,237
license.license_client,kortexworker,function_or_attr,239
license.license_client,LicenseClient.__init__,qualname,241
license.license_client,data,function_or_attr,242
license.license_client,return,function_or_attr,243
license.license_client,LicenseClient._encrypt_data,qualname,244
license.license_client,encrypted_data,function_or_attr,245
license.license_client,LicenseClient._decrypt_data,qualname,247
license.license_client,license_data,function_or_attr,248
license.license_client,LicenseClient._save_local_license,qualname,249
license.license_client,LicenseClient._load_local_license,qualname,251
license.license_client,LicenseClient._delete_local_license,qualname,252
license.license_client,LicenseClient._check_local_expiration,qualname,253
license.license_client,license_key,function_or_attr,254
license.license_client,activate,function_or_attr,256
license.license_client,LicenseClient.activate,qualname,257
license.license_client,LicenseClient.validate,qualname,259
license.license_client,reason,function_or_attr,260
license.license_client,LicenseClient._handle_license_invalid,qualname,261
license.license_client,expiration_callback,function_or_attr,262
license.license_client,start_background_check,function_or_attr,263
license.license_client,LicenseClient.start_background_check,qualname,264
license.license_client,stop_background_check,function_or_attr,265
license.license_client,LicenseClient.stop_background_check,qualname,266
license.license_client,LicenseClient._background_check_loop,qualname,267
license.license_client,LicenseClient.is_valid,qualname,268
license.license_client,get_license_info,function_or_attr,270
license.license_client,LicenseClient.get_license_info,qualname,271
license.license_client,LicenseClient.get_hwid,qualname,273
license.license_client,message,function_or_attr,281
license.license_client,expires_at_str,function_or_attr,284
license.license_client,now_naive,function_or_attr,287
license.license_client,json_data,function_or_attr,302
license.license_client,url,function_or_attr,314
license.license_client,response,function_or_attr,316
license.license_client,result,function_or_attr,317
license.license_client,expires_str,function_or_attr,318
license.license_client,user_msg,function_or_attr,330
license.license_client,frozen_msg,function_or_attr,331
telegram,environ,function_or_attr,1
telegram,NUITKA_PACKAGE_telegram,class_or_import,2
telegram,origin,function_or_attr,4
telegram,has_location,function_or_attr,5
telegram,submodule_search_locations,function_or_attr,6
telegram,bot_manager,function_or_attr,7
telegram,TelegramBotManager,class_or_import,8
telegram.bot_manager,token,function_or_attr,0
telegram.bot_manager,admin_ids,function_or_attr,1
telegram.bot_manager,log_callback,function_or_attr,2
telegram.bot_manager,bot,function_or_attr,3
telegram.bot_manager,running,function_or_attr,5
telegram.bot_manager,_thread,function_or_attr,6
telegram.bot_manager,_loop,function_or_attr,7
telegram.bot_manager,logger,function_or_attr,8
telegram.bot_manager,info,function_or_attr,9
telegram.bot_manager,_log,function_or_attr,11
telegram.bot_manager,threading,function_or_attr,13
telegram.bot_manager,Thread,class_or_import,14
telegram.bot_manager,_run_bot_thread,function_or_attr,15
telegram.bot_manager,target,function_or_attr,16
telegram.bot_manager,daemon,function_or_attr,17
telegram.bot_manager,is_running,function_or_attr,22
telegram.bot_manager,call_soon_threadsafe,function_or_attr,23
telegram.bot_manager,is_alive,function_or_attr,25
telegram.bot_manager,timeout,function_or_attr,27
telegram.bot_manager,asyncio,function_or_attr,30
telegram.bot_manager,new_event_loop,function_or_attr,31
telegram.bot_manager,set_event_loop,function_or_attr,32
telegram.bot_manager,run_until_complete,function_or_attr,33
telegram.bot_manager,_run_bot,function_or_attr,34
telegram.bot_manager,Bot,class_or_import,38
telegram.bot_manager,self,function_or_attr,39
telegram.bot_manager,DefaultBotProperties,class_or_import,40
telegram.bot_manager,ParseMode,class_or_import,41
telegram.bot_manager,HTML,class_or_import,42
telegram.bot_manager,parse_mode,function_or_attr,43
telegram.bot_manager,default,function_or_attr,45
telegram.bot_manager,Dispatcher,class_or_import,46
telegram.bot_manager,get_notification_manager,function_or_attr,47
telegram.bot_manager,initialize,function_or_attr,48
telegram.bot_manager,register_menu_handlers,function_or_attr,50
telegram.bot_manager,register_fishing_handlers,function_or_attr,51
telegram.bot_manager,register_screenshot_handlers,function_or_attr,52
telegram.bot_manager,register_system_handlers,function_or_attr,53
telegram.bot_manager,register_notifications_handlers,function_or_attr,54
telegram.bot_manager,errors,function_or_attr,55
telegram.bot_manager,exception,function_or_attr,56
telegram.bot_manager,_network_error_handler,function_or_attr,57
telegram.bot_manager,TelegramBotManager._run_bot.<locals>._network_error_handler,local_qualname,58
telegram.bot_manager,start_polling,function_or_attr,60
telegram.bot_manager,TelegramBotManager._run_bot,qualname,62
telegram.bot_manager,TelegramNetworkError,class_or_import,64
telegram.bot_manager,origin,function_or_attr,66
telegram.bot_manager,has_location,function_or_attr,67
telegram.bot_manager,logging,function_or_attr,68
telegram.bot_manager,Optional,class_or_import,69
telegram.bot_manager,Callable,class_or_import,70
telegram.bot_manager,aiogram,function_or_attr,71
telegram.bot_manager,aiogram.client.default,qualname,74
telegram.bot_manager,aiogram.enums,qualname,76
telegram.bot_manager,aiogram.exceptions,qualname,78
telegram.bot_manager,handlers.menu_handler,qualname,80
telegram.bot_manager,handlers.fishing_handler,qualname,82
telegram.bot_manager,handlers.screenshot_handler,qualname,84
telegram.bot_manager,handlers.system_handler,qualname,86
telegram.bot_manager,handlers.notifications_handler,qualname,88
telegram.bot_manager,notification_manager,function_or_attr,90
telegram.bot_manager,TelegramBot,class_or_import,93
telegram.bot_manager,telegram.bot_manager,qualname,94
telegram.bot_manager,TelegramBotManager,class_or_import,96
telegram.bot_manager,__qualname__,function_or_attr,97
telegram.bot_manager,TelegramBotManager.__init__,qualname,98
telegram.bot_manager,message,function_or_attr,99
telegram.bot_manager,TelegramBotManager._log,qualname,100
telegram.bot_manager,TelegramBotManager.start,qualname,101
telegram.bot_manager,TelegramBotManager.stop,qualname,102
telegram.bot_manager,TelegramBotManager._run_bot_thread,qualname,103
telegram.bot_manager,event,function_or_attr,113
telegram.handlers,environ,function_or_attr,2
telegram.handlers,NUITKA_PACKAGE_telegram,class_or_import,3
telegram.handlers,handlers,function_or_attr,5
telegram.handlers,NUITKA_PACKAGE_telegram_handlers,class_or_import,6
telegram.handlers,origin,function_or_attr,8
telegram.handlers,has_location,function_or_attr,9
telegram.handlers,submodule_search_locations,function_or_attr,10
telegram.handlers,register_menu_handlers,function_or_attr,11
telegram.handlers,register_fishing_handlers,function_or_attr,12
telegram.handlers,register_screenshot_handlers,function_or_attr,13
telegram.handlers,register_system_handlers,function_or_attr,14
telegram.handlers.fish_names_map,FISH_NAMES,class_or_import,0
telegram.handlers.fish_names_map,replace,function_or_attr,1
telegram.handlers.fish_names_map,title,function_or_attr,4
telegram.handlers.fish_names_map,origin,function_or_attr,7
telegram.handlers.fish_names_map,has_location,function_or_attr,8
telegram.handlers.fish_names_map,albula,function_or_attr,9
telegram.handlers.fish_names_map,ancient_gyneria,function_or_attr,10
telegram.handlers.fish_names_map,barracuda,function_or_attr,11
telegram.handlers.fish_names_map,bream_leshch,function_or_attr,12
telegram.handlers.fish_names_map,common_snook,function_or_attr,13
telegram.handlers.fish_names_map,golavl,function_or_attr,14
telegram.handlers.fish_names_map,korichnevy_som,function_or_attr,15
telegram.handlers.fish_names_map,krasny_gorbyl,function_or_attr,16
telegram.handlers.fish_names_map,krugly_trahinot,function_or_attr,17
telegram.handlers.fish_names_map,marlin,function_or_attr,18
telegram.handlers.fish_names_map,obyknovennaya_shchuka,function_or_attr,19
telegram.handlers.fish_names_map,polosaty_lavrak,function_or_attr,20
telegram.handlers.fish_names_map,pribrezhny_bass,function_or_attr,21
telegram.handlers.fish_names_map,raduzhnaya_forel,function_or_attr,22
telegram.handlers.fish_names_map,rechnoy_okun,function_or_attr,23
telegram.handlers.fish_names_map,roach_plotva,function_or_attr,24
telegram.handlers.fish_names_map,roach_vobla,function_or_attr,25
telegram.handlers.fish_names_map,rudd_krasnoperka,function_or_attr,26
telegram.handlers.fish_names_map,ruster,function_or_attr,27
telegram.handlers.fish_names_map,sazan,function_or_attr,28
telegram.handlers.fish_names_map,serebryany_karas,function_or_attr,29
telegram.handlers.fish_names_map,seriola,function_or_attr,30
telegram.handlers.fish_names_map,som_obyknovennyy,function_or_attr,31
telegram.handlers.fish_names_map,steelhead_salmon,function_or_attr,32
telegram.handlers.fish_names_map,sterlet,function_or_attr,33
telegram.handlers.fish_names_map,sudak_obyknovennyy,function_or_attr,34
telegram.handlers.fish_names_map,tarpon,function_or_attr,35
telegram.handlers.fish_names_map,temny_gorbyl,function_or_attr,36
telegram.handlers.fish_names_map,toksichny_okun,function_or_attr,37
telegram.handlers.fish_names_map,zerkalny_karp,function_or_attr,38
telegram.handlers.fish_names_map,zhereh,function_or_attr,39
telegram.handlers.fish_names_map,fish_id,function_or_attr,71
telegram.handlers.fish_names_map,return,function_or_attr,72
telegram.handlers.fish_names_map,get_fish_name,function_or_attr,73
telegram.handlers.fishing_handler,fishing_bot_instance,function_or_attr,0
telegram.handlers.fishing_handler,config_manager,function_or_attr,2
telegram.handlers.fishing_handler,load_fishing_settings,function_or_attr,3
telegram.handlers.fishing_handler,running,function_or_attr,4
telegram.handlers.fishing_handler,auto_meal,function_or_attr,7
telegram.handlers.fishing_handler,auto_change_bait,function_or_attr,10
telegram.handlers.fishing_handler,store_in_backpack,function_or_attr,13
telegram.handlers.fishing_handler,store_in_trunk,function_or_attr,16
telegram.handlers.fishing_handler,shutdown_on_overweight,function_or_attr,19
telegram.handlers.fishing_handler,InlineKeyboardBuilder,class_or_import,22
telegram.handlers.fishing_handler,button,function_or_attr,23
telegram.handlers.fishing_handler,text,function_or_attr,25
telegram.handlers.fishing_handler,callback_data,function_or_attr,26
telegram.handlers.fishing_handler,adjust,function_or_attr,42
telegram.handlers.fishing_handler,as_markup,function_or_attr,43
telegram.handlers.fishing_handler,fish_settings,function_or_attr,45
telegram.handlers.fishing_handler,Path,class_or_import,46
telegram.handlers.fishing_handler,resources,function_or_attr,47
telegram.handlers.fishing_handler,fishing,function_or_attr,48
telegram.handlers.fishing_handler,fish2k,function_or_attr,49
telegram.handlers.fishing_handler,sorted,function_or_attr,50
telegram.handlers.fishing_handler,glob,function_or_attr,51
telegram.handlers.fishing_handler,stem,function_or_attr,53
telegram.handlers.fishing_handler,get_fish_name,function_or_attr,54
telegram.handlers.fishing_handler,fish_list,function_or_attr,55
telegram.handlers.fishing_handler,min,function_or_attr,56
telegram.handlers.fishing_handler,builder,function_or_attr,59
telegram.handlers.fishing_handler,InlineKeyboardButton,class_or_import,63
telegram.handlers.fishing_handler,row,function_or_attr,67
telegram.handlers.fishing_handler,garbage_settings,function_or_attr,71
telegram.handlers.fishing_handler,corn,function_or_attr,72
telegram.handlers.fishing_handler,bag,function_or_attr,74
telegram.handlers.fishing_handler,pack,function_or_attr,76
telegram.handlers.fishing_handler,phase,function_or_attr,85
telegram.handlers.fishing_handler,resolution_type,function_or_attr,88
telegram.handlers.fishing_handler,user_id,function_or_attr,99
telegram.handlers.fishing_handler,return,function_or_attr,100
telegram.handlers.fishing_handler,is_admin_user,function_or_attr,101
telegram.handlers.fishing_handler,register_fishing_handlers.<locals>.is_admin_user,local_qualname,102
telegram.handlers.fishing_handler,callback_query,function_or_attr,103
telegram.handlers.fishing_handler,data,function_or_attr,105
telegram.handlers.fishing_handler,startswith,function_or_attr,106
telegram.handlers.fishing_handler,callback,function_or_attr,108
telegram.handlers.fishing_handler,CallbackQuery,class_or_import,109
telegram.handlers.fishing_handler,fishing_handler,function_or_attr,112
telegram.handlers.fishing_handler,register_fishing_handlers.<locals>.fishing_handler,local_qualname,113
telegram.handlers.fishing_handler,fish_settings_handler,function_or_attr,116
telegram.handlers.fishing_handler,register_fishing_handlers.<locals>.fish_settings_handler,local_qualname,117
telegram.handlers.fishing_handler,garbage_settings_handler,function_or_attr,120
telegram.handlers.fishing_handler,register_fishing_handlers.<locals>.garbage_settings_handler,local_qualname,121
telegram.handlers.fishing_handler,admin_ids,function_or_attr,123
telegram.handlers.fishing_handler,from_user,function_or_attr,124
telegram.handlers.fishing_handler,answer,function_or_attr,126
telegram.handlers.fishing_handler,show_alert,function_or_attr,128
telegram.handlers.fishing_handler,toggle,function_or_attr,130
telegram.handlers.fishing_handler,message,function_or_attr,136
telegram.handlers.fishing_handler,edit_reply_markup,function_or_attr,137
telegram.handlers.fishing_handler,get_fishing_menu_keyboard,function_or_attr,138
telegram.handlers.fishing_handler,reply_markup,function_or_attr,139
telegram.handlers.fishing_handler,toggle_meal,function_or_attr,140
telegram.handlers.fishing_handler,save_fishing_settings,function_or_attr,143
telegram.handlers.fishing_handler,reload_settings,function_or_attr,144
telegram.handlers.fishing_handler,toggle_bait,function_or_attr,148
telegram.handlers.fishing_handler,toggle_backpack,function_or_attr,154
telegram.handlers.fishing_handler,toggle_trunk,function_or_attr,158
telegram.handlers.fishing_handler,toggle_shutdown,function_or_attr,162
telegram.handlers.fishing_handler,edit_text,function_or_attr,166
telegram.handlers.fishing_handler,get_fish_settings_keyboard,function_or_attr,167
telegram.handlers.fishing_handler,get_garbage_settings_keyboard,function_or_attr,169
telegram.handlers.fishing_handler,status,function_or_attr,171
telegram.handlers.fishing_handler,get_fishing_status,function_or_attr,172
telegram.handlers.fishing_handler,page,function_or_attr,177
telegram.handlers.fishing_handler,origin,function_or_attr,181
telegram.handlers.fishing_handler,has_location,function_or_attr,182
telegram.handlers.fishing_handler,pathlib,function_or_attr,183
telegram.handlers.fishing_handler,aiogram,function_or_attr,185
telegram.handlers.fishing_handler,Dispatcher,class_or_import,186
telegram.handlers.fishing_handler,aiogram.types,qualname,189
telegram.handlers.fishing_handler,aiogram.utils.keyboard,qualname,192
telegram.handlers.fishing_handler,ConfigManager,class_or_import,194
telegram.handlers.fishing_handler,telegram.handlers.fish_names_map,qualname,196
telegram.handlers.fishing_handler,set_fishing_bot,function_or_attr,198
telegram.handlers.fishing_handler,register_fishing_handlers,function_or_attr,202
telegram.handlers.fishing_handler,parts,function_or_attr,206
telegram.handlers.fishing_handler,action,function_or_attr,207
telegram.handlers.fishing_handler,fish_id,function_or_attr,208
telegram.handlers.fishing_handler,settings,function_or_attr,210
telegram.handlers.fishing_handler,current,function_or_attr,212
telegram.handlers.fishing_handler,garbage_id,function_or_attr,224
telegram.handlers.fishing_handler,resources_path,function_or_attr,233
telegram.handlers.fishing_handler,file_path,function_or_attr,235
telegram.handlers.fishing_handler,fish_name,function_or_attr,237
telegram.handlers.fishing_handler,items_per_page,function_or_attr,238
telegram.handlers.fishing_handler,total_pages,function_or_attr,239
telegram.handlers.fishing_handler,start_idx,function_or_attr,240
telegram.handlers.fishing_handler,end_idx,function_or_attr,241
telegram.handlers.fishing_handler,keep,function_or_attr,243
telegram.handlers.fishing_handler,nav_buttons,function_or_attr,245
telegram.handlers.fishing_handler,is_running,function_or_attr,247
telegram.handlers.fishing_handler,toggle_text,function_or_attr,248
telegram.handlers.fishing_handler,meal_text,function_or_attr,249
telegram.handlers.fishing_handler,bait_text,function_or_attr,250
telegram.handlers.fishing_handler,backpack_text,function_or_attr,251
telegram.handlers.fishing_handler,trunk_text,function_or_attr,252
telegram.handlers.fishing_handler,shutdown_text,function_or_attr,253
telegram.handlers.fishing_handler,garbage_list,function_or_attr,259
telegram.handlers.fishing_handler,garbage_name,function_or_attr,262
telegram.handlers.fishing_handler,eject,function_or_attr,263
telegram.handlers.fishing_handler,bot,function_or_attr,274
telegram.handlers.menu_handler,InlineKeyboardBuilder,class_or_import,1
telegram.handlers.menu_handler,button,function_or_attr,2
telegram.handlers.menu_handler,text,function_or_attr,5
telegram.handlers.menu_handler,callback_data,function_or_attr,6
telegram.handlers.menu_handler,adjust,function_or_attr,11
telegram.handlers.menu_handler,as_markup,function_or_attr,12
telegram.handlers.menu_handler,ReplyKeyboardBuilder,class_or_import,19
telegram.handlers.menu_handler,resize_keyboard,function_or_attr,22
telegram.handlers.menu_handler,message,function_or_attr,24
telegram.handlers.menu_handler,CommandStart,class_or_import,25
telegram.handlers.menu_handler,Message,class_or_import,26
telegram.handlers.menu_handler,return,function_or_attr,27
telegram.handlers.menu_handler,command_start_handler,function_or_attr,29
telegram.handlers.menu_handler,register_menu_handlers.<locals>.command_start_handler,local_qualname,30
telegram.handlers.menu_handler,Command,class_or_import,34
telegram.handlers.menu_handler,menu,function_or_attr,35
telegram.handlers.menu_handler,menu_command_handler,function_or_attr,37
telegram.handlers.menu_handler,register_menu_handlers.<locals>.menu_command_handler,local_qualname,38
telegram.handlers.menu_handler,callback_query,function_or_attr,39
telegram.handlers.menu_handler,data,function_or_attr,40
telegram.handlers.menu_handler,startswith,function_or_attr,41
telegram.handlers.menu_handler,callback,function_or_attr,43
telegram.handlers.menu_handler,CallbackQuery,class_or_import,44
telegram.handlers.menu_handler,menu_handler,function_or_attr,46
telegram.handlers.menu_handler,register_menu_handlers.<locals>.menu_handler,local_qualname,47
telegram.handlers.menu_handler,bot_handler,function_or_attr,50
telegram.handlers.menu_handler,register_menu_handlers.<locals>.bot_handler,local_qualname,51
telegram.handlers.menu_handler,is_admin,function_or_attr,53
telegram.handlers.menu_handler,from_user,function_or_attr,54
telegram.handlers.menu_handler,admin_ids,function_or_attr,56
telegram.handlers.menu_handler,answer,function_or_attr,57
telegram.handlers.menu_handler,full_name,function_or_attr,60
telegram.handlers.menu_handler,get_main_menu_keyboard,function_or_attr,62
telegram.handlers.menu_handler,reply_markup,function_or_attr,63
telegram.handlers.menu_handler,get_reply_keyboard,function_or_attr,64
telegram.handlers.menu_handler,show_alert,function_or_attr,68
telegram.handlers.menu_handler,main,function_or_attr,70
telegram.handlers.menu_handler,edit_text,function_or_attr,71
telegram.handlers.menu_handler,bots,function_or_attr,72
telegram.handlers.menu_handler,get_bots_menu_keyboard,function_or_attr,73
telegram.handlers.menu_handler,screenshot,function_or_attr,75
telegram.handlers.menu_handler,screenshot_handler,function_or_attr,76
telegram.handlers.menu_handler,get_screenshot_menu_keyboard,function_or_attr,77
telegram.handlers.menu_handler,shutdown_confirm,function_or_attr,80
telegram.handlers.menu_handler,system_handler,function_or_attr,81
telegram.handlers.menu_handler,get_shutdown_confirm_keyboard,function_or_attr,82
telegram.handlers.menu_handler,fishing,function_or_attr,85
telegram.handlers.menu_handler,fishing_handler,function_or_attr,86
telegram.handlers.menu_handler,get_fishing_menu_keyboard,function_or_attr,87
telegram.handlers.menu_handler,origin,function_or_attr,91
telegram.handlers.menu_handler,has_location,function_or_attr,92
telegram.handlers.menu_handler,aiogram,function_or_attr,93
telegram.handlers.menu_handler,Dispatcher,class_or_import,94
telegram.handlers.menu_handler,aiogram.filters,qualname,97
telegram.handlers.menu_handler,aiogram.types,qualname,100
telegram.handlers.menu_handler,InlineKeyboardButton,class_or_import,103
telegram.handlers.menu_handler,ReplyKeyboardMarkup,class_or_import,104
telegram.handlers.menu_handler,KeyboardButton,class_or_import,105
telegram.handlers.menu_handler,aiogram.utils.keyboard,qualname,109
telegram.handlers.menu_handler,user_id,function_or_attr,112
telegram.handlers.menu_handler,register_menu_handlers,function_or_attr,116
telegram.handlers.menu_handler,bot_type,function_or_attr,120
telegram.handlers.menu_handler,builder,function_or_attr,126
telegram.handlers.menu_handler,action,function_or_attr,130
telegram.handlers.notifications_handler,config_manager,function_or_attr,0
telegram.handlers.notifications_handler,load_telegram_settings,function_or_attr,1
telegram.handlers.notifications_handler,notifications,function_or_attr,2
telegram.handlers.notifications_handler,InlineKeyboardBuilder,class_or_import,3
telegram.handlers.notifications_handler,caught_fish,function_or_attr,4
telegram.handlers.notifications_handler,button,function_or_attr,5
telegram.handlers.notifications_handler,text,function_or_attr,10
telegram.handlers.notifications_handler,callback_data,function_or_attr,11
telegram.handlers.notifications_handler,meal,function_or_attr,12
telegram.handlers.notifications_handler,backpack_storage,function_or_attr,15
telegram.handlers.notifications_handler,inventory_full,function_or_attr,18
telegram.handlers.notifications_handler,fishing_restored,function_or_attr,21
telegram.handlers.notifications_handler,tackle_ended,function_or_attr,24
telegram.handlers.notifications_handler,bait_changed,function_or_attr,27
telegram.handlers.notifications_handler,adjust,function_or_attr,30
telegram.handlers.notifications_handler,row,function_or_attr,31
telegram.handlers.notifications_handler,InlineKeyboardButton,class_or_import,32
telegram.handlers.notifications_handler,as_markup,function_or_attr,35
telegram.handlers.notifications_handler,user_id,function_or_attr,37
telegram.handlers.notifications_handler,return,function_or_attr,38
telegram.handlers.notifications_handler,is_admin_user,function_or_attr,39
telegram.handlers.notifications_handler,register_notifications_handlers.<locals>.is_admin_user,local_qualname,40
telegram.handlers.notifications_handler,callback_query,function_or_attr,41
telegram.handlers.notifications_handler,data,function_or_attr,43
telegram.handlers.notifications_handler,startswith,function_or_attr,44
telegram.handlers.notifications_handler,callback,function_or_attr,46
telegram.handlers.notifications_handler,CallbackQuery,class_or_import,47
telegram.handlers.notifications_handler,notifications_handler,function_or_attr,50
telegram.handlers.notifications_handler,register_notifications_handlers.<locals>.notifications_handler,local_qualname,51
telegram.handlers.notifications_handler,admin_ids,function_or_attr,53
telegram.handlers.notifications_handler,from_user,function_or_attr,54
telegram.handlers.notifications_handler,answer,function_or_attr,56
telegram.handlers.notifications_handler,show_alert,function_or_attr,58
telegram.handlers.notifications_handler,toggle,function_or_attr,60
telegram.handlers.notifications_handler,save_telegram_settings,function_or_attr,61
telegram.handlers.notifications_handler,message,function_or_attr,80
telegram.handlers.notifications_handler,edit_reply_markup,function_or_attr,81
telegram.handlers.notifications_handler,get_notifications_keyboard,function_or_attr,82
telegram.handlers.notifications_handler,reply_markup,function_or_attr,83
telegram.handlers.notifications_handler,menu,function_or_attr,84
telegram.handlers.notifications_handler,edit_text,function_or_attr,85
telegram.handlers.notifications_handler,origin,function_or_attr,88
telegram.handlers.notifications_handler,has_location,function_or_attr,89
telegram.handlers.notifications_handler,aiogram,function_or_attr,90
telegram.handlers.notifications_handler,Dispatcher,class_or_import,91
telegram.handlers.notifications_handler,aiogram.types,qualname,94
telegram.handlers.notifications_handler,aiogram.utils.keyboard,qualname,97
telegram.handlers.notifications_handler,ConfigManager,class_or_import,99
telegram.handlers.notifications_handler,register_notifications_handlers,function_or_attr,102
telegram.handlers.notifications_handler,settings,function_or_attr,105
telegram.handlers.notifications_handler,builder,function_or_attr,107
telegram.handlers.notifications_handler,backpack,function_or_attr,110
telegram.handlers.notifications_handler,inventory,function_or_attr,111
telegram.handlers.notifications_handler,restored,function_or_attr,112
telegram.handlers.notifications_handler,tackle,function_or_attr,113
telegram.handlers.notifications_handler,bait,function_or_attr,114
telegram.handlers.notifications_handler,parts,function_or_attr,119
telegram.handlers.notifications_handler,action,function_or_attr,120
telegram.handlers.notifications_handler,notification_type,function_or_attr,121
telegram.handlers.notifications_handler,current,function_or_attr,124
telegram.handlers.notifications_handler,names,function_or_attr,125
telegram.handlers.notifications_handler,name,function_or_attr,126
telegram.handlers.notifications_handler,status,function_or_attr,127
telegram.handlers.screenshot_handler,InlineKeyboardBuilder,class_or_import,0
telegram.handlers.screenshot_handler,button,function_or_attr,1
telegram.handlers.screenshot_handler,text,function_or_attr,4
telegram.handlers.screenshot_handler,callback_data,function_or_attr,5
telegram.handlers.screenshot_handler,mss,function_or_attr,6
telegram.handlers.screenshot_handler,monitors,function_or_attr,7
telegram.handlers.screenshot_handler,monitor_count,function_or_attr,8
telegram.handlers.screenshot_handler,builder,function_or_attr,9
telegram.handlers.screenshot_handler,adjust,function_or_attr,14
telegram.handlers.screenshot_handler,as_markup,function_or_attr,15
telegram.handlers.screenshot_handler,cv2,function_or_attr,18
telegram.handlers.screenshot_handler,WindowCapture,class_or_import,19
telegram.handlers.screenshot_handler,gta5.exe,qualname,20
telegram.handlers.screenshot_handler,find_window_by_process,function_or_attr,21
telegram.handlers.screenshot_handler,capture,function_or_attr,22
telegram.handlers.screenshot_handler,COLOR_BGR2RGB,class_or_import,24
telegram.handlers.screenshot_handler,Image,class_or_import,25
telegram.handlers.screenshot_handler,fromarray,function_or_attr,26
telegram.handlers.screenshot_handler,BytesIO,class_or_import,27
telegram.handlers.screenshot_handler,save,function_or_attr,28
telegram.handlers.screenshot_handler,PNG,class_or_import,30
telegram.handlers.screenshot_handler,seek,function_or_attr,31
telegram.handlers.screenshot_handler,BufferedInputFile,class_or_import,32
telegram.handlers.screenshot_handler,filename,function_or_attr,33
telegram.handlers.screenshot_handler,game_screenshot.png,qualname,34
telegram.handlers.screenshot_handler,take_game_screenshot,function_or_attr,35
telegram.handlers.screenshot_handler,monitor_num,function_or_attr,37
telegram.handlers.screenshot_handler,grab,function_or_attr,38
telegram.handlers.screenshot_handler,frombytes,function_or_attr,39
telegram.handlers.screenshot_handler,RGB,class_or_import,40
telegram.handlers.screenshot_handler,size,function_or_attr,41
telegram.handlers.screenshot_handler,rgb,function_or_attr,42
telegram.handlers.screenshot_handler,monitor_,function_or_attr,43
telegram.handlers.screenshot_handler,take_monitor_screenshot,function_or_attr,46
telegram.handlers.screenshot_handler,user_id,function_or_attr,47
telegram.handlers.screenshot_handler,return,function_or_attr,48
telegram.handlers.screenshot_handler,is_admin_user,function_or_attr,49
telegram.handlers.screenshot_handler,register_screenshot_handlers.<locals>.is_admin_user,local_qualname,50
telegram.handlers.screenshot_handler,callback_query,function_or_attr,51
telegram.handlers.screenshot_handler,data,function_or_attr,53
telegram.handlers.screenshot_handler,startswith,function_or_attr,54
telegram.handlers.screenshot_handler,callback,function_or_attr,56
telegram.handlers.screenshot_handler,CallbackQuery,class_or_import,57
telegram.handlers.screenshot_handler,screenshot_handler,function_or_attr,60
telegram.handlers.screenshot_handler,register_screenshot_handlers.<locals>.screenshot_handler,local_qualname,61
telegram.handlers.screenshot_handler,admin_ids,function_or_attr,63
telegram.handlers.screenshot_handler,from_user,function_or_attr,64
telegram.handlers.screenshot_handler,answer,function_or_attr,66
telegram.handlers.screenshot_handler,show_alert,function_or_attr,68
telegram.handlers.screenshot_handler,game,function_or_attr,71
telegram.handlers.screenshot_handler,message,function_or_attr,72
telegram.handlers.screenshot_handler,answer_photo,function_or_attr,73
telegram.handlers.screenshot_handler,photo,function_or_attr,75
telegram.handlers.screenshot_handler,caption,function_or_attr,76
telegram.handlers.screenshot_handler,monitor,function_or_attr,78
telegram.handlers.screenshot_handler,TelegramNetworkError,class_or_import,81
telegram.handlers.screenshot_handler,origin,function_or_attr,83
telegram.handlers.screenshot_handler,has_location,function_or_attr,84
telegram.handlers.screenshot_handler,aiogram,function_or_attr,86
telegram.handlers.screenshot_handler,Dispatcher,class_or_import,87
telegram.handlers.screenshot_handler,aiogram.types,qualname,90
telegram.handlers.screenshot_handler,aiogram.utils.keyboard,qualname,93
telegram.handlers.screenshot_handler,aiogram.exceptions,qualname,95
telegram.handlers.screenshot_handler,PIL,class_or_import,97
telegram.handlers.screenshot_handler,workers.fishing.window_capture,qualname,99
telegram.handlers.screenshot_handler,get_screenshot_menu_keyboard,function_or_attr,101
telegram.handlers.screenshot_handler,register_screenshot_handlers,function_or_attr,104
telegram.handlers.screenshot_handler,sct,function_or_attr,108
telegram.handlers.screenshot_handler,parts,function_or_attr,119
telegram.handlers.screenshot_handler,action,function_or_attr,120
telegram.handlers.screenshot_handler,screenshot,function_or_attr,121
telegram.handlers.screenshot_handler,frame,function_or_attr,127
telegram.handlers.screenshot_handler,frame_rgb,function_or_attr,128
telegram.handlers.screenshot_handler,img,function_or_attr,129
telegram.handlers.screenshot_handler,buf,function_or_attr,130
telegram.handlers.system_handler,InlineKeyboardBuilder,class_or_import,0
telegram.handlers.system_handler,button,function_or_attr,1
telegram.handlers.system_handler,text,function_or_attr,4
telegram.handlers.system_handler,callback_data,function_or_attr,5
telegram.handlers.system_handler,adjust,function_or_attr,8
telegram.handlers.system_handler,as_markup,function_or_attr,9
telegram.handlers.system_handler,subprocess,function_or_attr,11
telegram.handlers.system_handler,run,function_or_attr,12
telegram.handlers.system_handler,CREATE_NO_WINDOW,class_or_import,13
telegram.handlers.system_handler,shutdown,function_or_attr,14
telegram.handlers.system_handler,check,function_or_attr,18
telegram.handlers.system_handler,creationflags,function_or_attr,19
telegram.handlers.system_handler,user_id,function_or_attr,23
telegram.handlers.system_handler,return,function_or_attr,24
telegram.handlers.system_handler,is_admin_user,function_or_attr,25
telegram.handlers.system_handler,register_system_handlers.<locals>.is_admin_user,local_qualname,26
telegram.handlers.system_handler,callback_query,function_or_attr,27
telegram.handlers.system_handler,data,function_or_attr,29
telegram.handlers.system_handler,startswith,function_or_attr,30
telegram.handlers.system_handler,callback,function_or_attr,32
telegram.handlers.system_handler,CallbackQuery,class_or_import,33
telegram.handlers.system_handler,shutdown_handler,function_or_attr,36
telegram.handlers.system_handler,register_system_handlers.<locals>.shutdown_handler,local_qualname,37
telegram.handlers.system_handler,admin_ids,function_or_attr,39
telegram.handlers.system_handler,from_user,function_or_attr,40
telegram.handlers.system_handler,answer,function_or_attr,42
telegram.handlers.system_handler,show_alert,function_or_attr,44
telegram.handlers.system_handler,confirm,function_or_attr,46
telegram.handlers.system_handler,shutdown_pc,function_or_attr,47
telegram.handlers.system_handler,message,function_or_attr,49
telegram.handlers.system_handler,edit_text,function_or_attr,50
telegram.handlers.system_handler,reply_markup,function_or_attr,52
telegram.handlers.system_handler,origin,function_or_attr,54
telegram.handlers.system_handler,has_location,function_or_attr,55
telegram.handlers.system_handler,sys,function_or_attr,56
telegram.handlers.system_handler,aiogram,function_or_attr,57
telegram.handlers.system_handler,Dispatcher,class_or_import,58
telegram.handlers.system_handler,aiogram.types,qualname,61
telegram.handlers.system_handler,aiogram.utils.keyboard,qualname,63
telegram.handlers.system_handler,get_shutdown_confirm_keyboard,function_or_attr,65
telegram.handlers.system_handler,register_system_handlers,function_or_attr,67
telegram.handlers.system_handler,builder,function_or_attr,70
telegram.handlers.system_handler,action,function_or_attr,79
telegram.handlers.system_handler,result,function_or_attr,80
telegram.notification_manager,ConfigManager,class_or_import,0
telegram.notification_manager,config,function_or_attr,1
telegram.notification_manager,bot,function_or_attr,2
telegram.notification_manager,admin_ids,function_or_attr,3
telegram.notification_manager,_loop,function_or_attr,4
telegram.notification_manager,asyncio,function_or_attr,5
telegram.notification_manager,get_event_loop,function_or_attr,6
telegram.notification_manager,new_event_loop,function_or_attr,7
telegram.notification_manager,set_event_loop,function_or_attr,8
telegram.notification_manager,load_telegram_settings,function_or_attr,10
telegram.notification_manager,notifications,function_or_attr,11
telegram.notification_manager,is_closed,function_or_attr,13
telegram.notification_manager,is_running,function_or_attr,14
telegram.notification_manager,run_coroutine_threadsafe,function_or_attr,15
telegram.notification_manager,run_until_complete,function_or_attr,16
telegram.notification_manager,get_running_loop,function_or_attr,17
telegram.notification_manager,create_task,function_or_attr,18
telegram.notification_manager,run,function_or_attr,19
telegram.notification_manager,self,function_or_attr,23
telegram.notification_manager,photo,function_or_attr,24
telegram.notification_manager,send_photo,function_or_attr,25
telegram.notification_manager,text,function_or_attr,26
telegram.notification_manager,chat_id,function_or_attr,27
telegram.notification_manager,caption,function_or_attr,29
telegram.notification_manager,send_message,function_or_attr,30
telegram.notification_manager,_send_message_async,function_or_attr,35
telegram.notification_manager,NotificationManager._send_message_async,qualname,36
telegram.notification_manager,_is_enabled,function_or_attr,37
telegram.notification_manager,caught_fish,function_or_attr,38
telegram.notification_manager,get_fish_name,function_or_attr,39
telegram.notification_manager,BufferedInputFile,class_or_import,42
telegram.notification_manager,filename,function_or_attr,43
telegram.notification_manager,fish.png,qualname,44
telegram.notification_manager,_send_sync,function_or_attr,45
telegram.notification_manager,meal,function_or_attr,47
telegram.notification_manager,backpack_storage,function_or_attr,52
telegram.notification_manager,inventory_full,function_or_attr,57
telegram.notification_manager,fishing_restored,function_or_attr,62
telegram.notification_manager,restored.png,qualname,64
telegram.notification_manager,failed.png,qualname,69
telegram.notification_manager,tackle_ended,function_or_attr,73
telegram.notification_manager,bait_changed,function_or_attr,76
telegram.notification_manager,_notification_manager,function_or_attr,79
telegram.notification_manager,origin,function_or_attr,82
telegram.notification_manager,has_location,function_or_attr,83
telegram.notification_manager,pathlib,function_or_attr,84
telegram.notification_manager,Path,class_or_import,85
telegram.notification_manager,aiogram,function_or_attr,87
telegram.notification_manager,Bot,class_or_import,88
telegram.notification_manager,aiogram.types,qualname,90
telegram.notification_manager,FSInputFile,class_or_import,91
telegram.notification_manager,config_manager,function_or_attr,94
telegram.notification_manager,telegram.handlers.fish_names_map,qualname,96
telegram.notification_manager,telegram.notification_manager,qualname,99
telegram.notification_manager,NotificationManager,class_or_import,101
telegram.notification_manager,__qualname__,function_or_attr,102
telegram.notification_manager,NotificationManager.__init__,qualname,103
telegram.notification_manager,initialize,function_or_attr,104
telegram.notification_manager,NotificationManager.initialize,qualname,105
telegram.notification_manager,notification_type,function_or_attr,106
telegram.notification_manager,return,function_or_attr,107
telegram.notification_manager,NotificationManager._is_enabled,qualname,108
telegram.notification_manager,NotificationManager._send_sync,qualname,109
telegram.notification_manager,fish_name,function_or_attr,111
telegram.notification_manager,screenshot_bytes,function_or_attr,112
telegram.notification_manager,notify_caught_fish,function_or_attr,113
telegram.notification_manager,NotificationManager.notify_caught_fish,qualname,114
telegram.notification_manager,notify_meal_eaten,function_or_attr,115
telegram.notification_manager,NotificationManager.notify_meal_eaten,qualname,116
telegram.notification_manager,notify_meal_ended,function_or_attr,117
telegram.notification_manager,NotificationManager.notify_meal_ended,qualname,118
telegram.notification_manager,notify_backpack_stored,function_or_attr,119
telegram.notification_manager,NotificationManager.notify_backpack_stored,qualname,120
telegram.notification_manager,notify_backpack_full,function_or_attr,121
telegram.notification_manager,NotificationManager.notify_backpack_full,qualname,122
telegram.notification_manager,fish_count,function_or_attr,123
telegram.notification_manager,shutdown_pending,function_or_attr,124
telegram.notification_manager,notify_inventory_full,function_or_attr,125
telegram.notification_manager,NotificationManager.notify_inventory_full,qualname,126
telegram.notification_manager,notify_fishing_restored,function_or_attr,128
telegram.notification_manager,NotificationManager.notify_fishing_restored,qualname,129
telegram.notification_manager,notify_fishing_failed,function_or_attr,130
telegram.notification_manager,NotificationManager.notify_fishing_failed,qualname,131
telegram.notification_manager,notify_tackle_ended,function_or_attr,132
telegram.notification_manager,NotificationManager.notify_tackle_ended,qualname,133
telegram.notification_manager,notify_bait_changed,function_or_attr,134
telegram.notification_manager,NotificationManager.notify_bait_changed,qualname,135
telegram.notification_manager,get_notification_manager,function_or_attr,137
telegram.notification_manager,settings,function_or_attr,144
telegram.notification_manager,admin_id,function_or_attr,149
telegram.notification_manager,coro,function_or_attr,152
telegram.notification_manager,running_loop,function_or_attr,153
telegram.notification_manager,fish_name_ru,function_or_attr,163
ui,environ,function_or_attr,1
ui,NUITKA_PACKAGE_ui,class_or_import,2
ui,origin,function_or_attr,4
ui,has_location,function_or_attr,5
ui,submodule_search_locations,function_or_attr,6
ui.fish_settings_dialog,fish_name,function_or_attr,0
ui.fish_settings_dialog,fish_display_name,function_or_attr,1
ui.fish_settings_dialog,card,function_or_attr,3
ui.fish_settings_dialog,QFrame,class_or_import,5
ui.fish_settings_dialog,Shape,class_or_import,6
ui.fish_settings_dialog,StyledPanel,class_or_import,7
ui.fish_settings_dialog,QVBoxLayout,class_or_import,8
ui.fish_settings_dialog,QLabel,class_or_import,11
ui.fish_settings_dialog,QPixmap,class_or_import,12
ui.fish_settings_dialog,scaled,function_or_attr,13
ui.fish_settings_dialog,AspectRatioMode,class_or_import,15
ui.fish_settings_dialog,KeepAspectRatio,class_or_import,16
ui.fish_settings_dialog,TransformationMode,class_or_import,17
ui.fish_settings_dialog,SmoothTransformation,class_or_import,18
ui.fish_settings_dialog,AlignmentFlag,class_or_import,25
ui.fish_settings_dialog,AlignCenter,class_or_import,26
ui.fish_settings_dialog,QHBoxLayout,class_or_import,31
ui.fish_settings_dialog,AlignRight,class_or_import,33
ui.fish_settings_dialog,AlignVCenter,class_or_import,34
ui.fish_settings_dialog,IOSToggle,class_or_import,36
ui.fish_settings_dialog,tiny,function_or_attr,37
ui.fish_settings_dialog,toggle,function_or_attr,38
ui.fish_settings_dialog,AlignLeft,class_or_import,41
ui.fish_settings_dialog,fish_cards,function_or_attr,49
ui.fish_settings_dialog,ConfigManager,class_or_import,50
ui.fish_settings_dialog,config_manager,function_or_attr,51
ui.fish_settings_dialog,init_ui,function_or_attr,52
ui.fish_settings_dialog,load_saved_settings,function_or_attr,53
ui.fish_settings_dialog,description,function_or_attr,58
ui.fish_settings_dialog,QPushButton,class_or_import,59
ui.fish_settings_dialog,clicked,function_or_attr,61
ui.fish_settings_dialog,select_all,function_or_attr,63
ui.fish_settings_dialog,deselect_all,function_or_attr,65
ui.fish_settings_dialog,QScrollArea,class_or_import,67
ui.fish_settings_dialog,NoFrame,class_or_import,69
ui.fish_settings_dialog,QWidget,class_or_import,70
ui.fish_settings_dialog,QGridLayout,class_or_import,71
ui.fish_settings_dialog,load_fish_list,function_or_attr,72
ui.fish_settings_dialog,reject,function_or_attr,75
ui.fish_settings_dialog,save_and_close,function_or_attr,79
ui.fish_settings_dialog,get_settings,function_or_attr,81
ui.fish_settings_dialog,load_fishing_settings,function_or_attr,82
ui.fish_settings_dialog,fish_settings,function_or_attr,83
ui.fish_settings_dialog,save_fishing_settings,function_or_attr,84
ui.fish_settings_dialog,accept,function_or_attr,85
ui.fish_settings_dialog,set_settings,function_or_attr,87
ui.fish_settings_dialog,resources,function_or_attr,90
ui.fish_settings_dialog,fishing,function_or_attr,91
ui.fish_settings_dialog,fish2k,function_or_attr,92
ui.fish_settings_dialog,rudd_krasnoperka,function_or_attr,93
ui.fish_settings_dialog,rudd_krasnoperka.png,qualname,95
ui.fish_settings_dialog,bream_leshch,function_or_attr,96
ui.fish_settings_dialog,bream_leshch.png,qualname,98
ui.fish_settings_dialog,roach_plotva,function_or_attr,99
ui.fish_settings_dialog,roach_plotva.png,qualname,101
ui.fish_settings_dialog,roach_vobla,function_or_attr,102
ui.fish_settings_dialog,roach_vobla.png,qualname,104
ui.fish_settings_dialog,korichnevy_som,function_or_attr,105
ui.fish_settings_dialog,korichnevy_som.png,qualname,107
ui.fish_settings_dialog,serebryany_karas,function_or_attr,108
ui.fish_settings_dialog,serebryany_karas.png,qualname,110
ui.fish_settings_dialog,rechnoy_okun,function_or_attr,111
ui.fish_settings_dialog,rechnoy_okun.png,qualname,113
ui.fish_settings_dialog,obyknovennaya_shchuka,function_or_attr,114
ui.fish_settings_dialog,obyknovennaya_shchuka.png,qualname,116
ui.fish_settings_dialog,raduzhnaya_forel,function_or_attr,117
ui.fish_settings_dialog,raduzhnaya_forel.png,qualname,119
ui.fish_settings_dialog,zerkalny_karp,function_or_attr,120
ui.fish_settings_dialog,zerkalny_karp.png,qualname,122
ui.fish_settings_dialog,som_obyknovennyy,function_or_attr,123
ui.fish_settings_dialog,som_obyknovennyy.png,qualname,125
ui.fish_settings_dialog,sazan,function_or_attr,126
ui.fish_settings_dialog,sazan.png,qualname,128
ui.fish_settings_dialog,sudak_obyknovennyy,function_or_attr,129
ui.fish_settings_dialog,sudak_obyknovennyy.png,qualname,131
ui.fish_settings_dialog,golavl,function_or_attr,132
ui.fish_settings_dialog,golavl.png,qualname,134
ui.fish_settings_dialog,zhereh,function_or_attr,135
ui.fish_settings_dialog,zhereh.png,qualname,137
ui.fish_settings_dialog,sterlet,function_or_attr,138
ui.fish_settings_dialog,sterlet.png,qualname,140
ui.fish_settings_dialog,pribrezhny_bass,function_or_attr,141
ui.fish_settings_dialog,pribrezhny_bass.png,qualname,143
ui.fish_settings_dialog,albula,function_or_attr,144
ui.fish_settings_dialog,albula.png,qualname,146
ui.fish_settings_dialog,common_snook,function_or_attr,147
ui.fish_settings_dialog,common_snook.png,qualname,149
ui.fish_settings_dialog,polosaty_lavrak,function_or_attr,150
ui.fish_settings_dialog,polosaty_lavrak.png,qualname,152
ui.fish_settings_dialog,steelhead_salmon,function_or_attr,153
ui.fish_settings_dialog,steelhead_salmon.png,qualname,155
ui.fish_settings_dialog,barracuda,function_or_attr,156
ui.fish_settings_dialog,barracuda.png,qualname,158
ui.fish_settings_dialog,krugly_trahinot,function_or_attr,159
ui.fish_settings_dialog,krugly_trahinot.png,qualname,161
ui.fish_settings_dialog,temny_gorbyl,function_or_attr,162
ui.fish_settings_dialog,temny_gorbyl.png,qualname,164
ui.fish_settings_dialog,krasny_gorbyl,function_or_attr,165
ui.fish_settings_dialog,krasny_gorbyl.png,qualname,167
ui.fish_settings_dialog,tarpon,function_or_attr,168
ui.fish_settings_dialog,tarpon.png,qualname,170
ui.fish_settings_dialog,marlin,function_or_attr,171
ui.fish_settings_dialog,marlin.png,qualname,173
ui.fish_settings_dialog,seriola,function_or_attr,174
ui.fish_settings_dialog,seriola.png,qualname,176
ui.fish_settings_dialog,ruster,function_or_attr,177
ui.fish_settings_dialog,ruster.png,qualname,179
ui.fish_settings_dialog,toksichny_okun,function_or_attr,180
ui.fish_settings_dialog,toksichny_okun.png,qualname,182
ui.fish_settings_dialog,ancient_gyneria,function_or_attr,183
ui.fish_settings_dialog,ancient_gyneria.png,qualname,185
ui.fish_settings_dialog,fish_images_dir,function_or_attr,186
ui.fish_settings_dialog,FishCard,class_or_import,187
ui.fish_settings_dialog,self,function_or_attr,188
ui.fish_settings_dialog,grid_layout,function_or_attr,189
ui.fish_settings_dialog,row,function_or_attr,190
ui.fish_settings_dialog,col,function_or_attr,191
ui.fish_settings_dialog,set_keep,function_or_attr,194
ui.fish_settings_dialog,is_keep,function_or_attr,198
ui.fish_settings_dialog,settings,function_or_attr,199
ui.fish_settings_dialog,origin,function_or_attr,203
ui.fish_settings_dialog,has_location,function_or_attr,204
ui.fish_settings_dialog,sys,function_or_attr,206
ui.fish_settings_dialog,PyQt6.QtWidgets,class_qualname,207
ui.fish_settings_dialog,QDialog,class_or_import,208
ui.fish_settings_dialog,PyQt6.QtCore,class_qualname,218
ui.fish_settings_dialog,QSize,class_or_import,220
ui.fish_settings_dialog,PyQt6.QtGui,class_qualname,222
ui.fish_settings_dialog,QFont,class_or_import,224
ui.fish_settings_dialog,ios_toggle,function_or_attr,226
ui.fish_settings_dialog,insert,function_or_attr,228
ui.fish_settings_dialog,__prepare__,function_or_attr,230
ui.fish_settings_dialog,__getitem__,function_or_attr,231
ui.fish_settings_dialog,ui.fish_settings_dialog,qualname,234
ui.fish_settings_dialog,__qualname__,function_or_attr,236
ui.fish_settings_dialog,FishCard.__init__,qualname,237
ui.fish_settings_dialog,FishCard.is_keep,qualname,238
ui.fish_settings_dialog,FishCard.set_keep,qualname,239
ui.fish_settings_dialog,__orig_bases__,function_or_attr,240
ui.fish_settings_dialog,FishSettingsDialog,class_or_import,241
ui.fish_settings_dialog,FishSettingsDialog.__init__,qualname,243
ui.fish_settings_dialog,FishSettingsDialog.init_ui,qualname,244
ui.fish_settings_dialog,FishSettingsDialog.save_and_close,qualname,245
ui.fish_settings_dialog,FishSettingsDialog.load_saved_settings,qualname,246
ui.fish_settings_dialog,FishSettingsDialog.load_fish_list,qualname,247
ui.fish_settings_dialog,FishSettingsDialog.select_all,qualname,248
ui.fish_settings_dialog,FishSettingsDialog.deselect_all,qualname,249
ui.fish_settings_dialog,FishSettingsDialog.get_settings,qualname,250
ui.fish_settings_dialog,FishSettingsDialog.set_settings,qualname,251
ui.fish_settings_dialog,image_path,function_or_attr,258
ui.fish_settings_dialog,parent,function_or_attr,259
ui.fish_settings_dialog,layout,function_or_attr,260
ui.fish_settings_dialog,image_label,function_or_attr,261
ui.fish_settings_dialog,pixmap,function_or_attr,262
ui.fish_settings_dialog,scaled_pixmap,function_or_attr,263
ui.fish_settings_dialog,name_label,function_or_attr,264
ui.fish_settings_dialog,toggle_layout,function_or_attr,265
ui.fish_settings_dialog,release_label,function_or_attr,266
ui.fish_settings_dialog,keep_label,function_or_attr,267
ui.fish_settings_dialog,title,function_or_attr,280
ui.fish_settings_dialog,desc,function_or_attr,281
ui.fish_settings_dialog,quick_actions,function_or_attr,282
ui.fish_settings_dialog,select_all_btn,function_or_attr,283
ui.fish_settings_dialog,deselect_all_btn,function_or_attr,284
ui.fish_settings_dialog,scroll,function_or_attr,285
ui.fish_settings_dialog,scroll_widget,function_or_attr,286
ui.fish_settings_dialog,buttons_layout,function_or_attr,288
ui.fish_settings_dialog,cancel_btn,function_or_attr,289
ui.fish_settings_dialog,save_btn,function_or_attr,290
ui.fish_settings_dialog,fish_list,function_or_attr,295
ui.fish_settings_dialog,max_cols,function_or_attr,298
ui.fish_settings_dialog,fish_filename,function_or_attr,301
ui.fish_settings_dialog,config,function_or_attr,305
ui.fish_settings_dialog,keep,function_or_attr,311
ui.fishing_tab,_bot,function_or_attr,0
ui.fishing_tab,self,function_or_attr,2
ui.fishing_tab,running,function_or_attr,3
ui.fishing_tab,msleep,function_or_attr,4
ui.fishing_tab,finished_signal,function_or_attr,5
ui.fishing_tab,is_running,function_or_attr,8
ui.fishing_tab,_toggling,function_or_attr,9
ui.fishing_tab,ConfigManager,class_or_import,10
ui.fishing_tab,config_manager,function_or_attr,11
ui.fishing_tab,get_global_listener,function_or_attr,12
ui.fishing_tab,hotkey_listener,function_or_attr,13
ui.fishing_tab,hotkey_label,function_or_attr,14
ui.fishing_tab,_bot_thread,function_or_attr,15
ui.fishing_tab,workers.fishing.fishing_bot,qualname,16
ui.fishing_tab,FishingBot,class_or_import,17
ui.fishing_tab,telegram.handlers.fishing_handler,qualname,19
ui.fishing_tab,set_fishing_bot,function_or_attr,20
ui.fishing_tab,_fishing_bot,function_or_attr,22
ui.fishing_tab,hotkey_pressed_signal,function_or_attr,23
ui.fishing_tab,toggle_bot,function_or_attr,25
ui.fishing_tab,QTimer,class_or_import,26
ui.fishing_tab,_hotkey_monitor_timer,function_or_attr,27
ui.fishing_tab,timeout,function_or_attr,28
ui.fishing_tab,_check_hotkey_listener_health,function_or_attr,29
ui.fishing_tab,init_ui,function_or_attr,30
ui.fishing_tab,load_settings,function_or_attr,31
ui.fishing_tab,setup_hotkey_listener,function_or_attr,32
ui.fishing_tab,QVBoxLayout,class_or_import,33
ui.fishing_tab,MAIN_LAYOUT_MARGINS,class_or_import,35
ui.fishing_tab,QScrollArea,class_or_import,37
ui.fishing_tab,QFrame,class_or_import,40
ui.fishing_tab,Shape,class_or_import,41
ui.fishing_tab,NoFrame,class_or_import,42
ui.fishing_tab,ScrollBarPolicy,class_or_import,45
ui.fishing_tab,ScrollBarAlwaysOff,class_or_import,46
ui.fishing_tab,QWidget,class_or_import,49
ui.fishing_tab,SCROLL_LAYOUT_SPACING,class_or_import,51
ui.fishing_tab,SCROLL_LAYOUT_MARGINS,class_or_import,52
ui.fishing_tab,QPushButton,class_or_import,53
ui.fishing_tab,start_stop_btn,function_or_attr,55
ui.fishing_tab,START_BUTTON_HEIGHT,class_or_import,59
ui.fishing_tab,QFont,class_or_import,61
ui.fishing_tab,START_BUTTON_FONT_SIZE,class_or_import,63
ui.fishing_tab,clicked,function_or_attr,66
ui.fishing_tab,SPACING_AFTER_START_BUTTON,class_or_import,69
ui.fishing_tab,QLabel,class_or_import,70
ui.fishing_tab,SPACING_AFTER_SECTION_TITLE,class_or_import,73
ui.fishing_tab,create_toggle_row,function_or_attr,74
ui.fishing_tab,bait_toggle,function_or_attr,77
ui.fishing_tab,SPACING_BETWEEN_SECTIONS,class_or_import,79
ui.fishing_tab,REGULAR_BUTTON_HEIGHT,class_or_import,81
ui.fishing_tab,open_fish_settings,function_or_attr,83
ui.fishing_tab,open_garbage_settings,function_or_attr,85
ui.fishing_tab,meal_toggle,function_or_attr,88
ui.fishing_tab,backpack_toggle,function_or_attr,91
ui.fishing_tab,SPACING_BETWEEN_TOGGLES,class_or_import,92
ui.fishing_tab,trunk_toggle,function_or_attr,95
ui.fishing_tab,shutdown_toggle,function_or_attr,98
ui.fishing_tab,assign_hotkey,function_or_attr,101
ui.fishing_tab,SPACING_AFTER_BUTTON,class_or_import,102
ui.fishing_tab,description,function_or_attr,104
ui.fishing_tab,assign_discard_key,function_or_attr,106
ui.fishing_tab,discard_key_label,function_or_attr,108
ui.fishing_tab,QHBoxLayout,class_or_import,112
ui.fishing_tab,TOGGLE_ROW_SPACING,class_or_import,113
ui.fishing_tab,TOGGLE_ROW_MARGINS,class_or_import,114
ui.fishing_tab,TOGGLE_TITLE_FONT_SIZE,class_or_import,116
ui.fishing_tab,TOGGLE_DESC_FONT_SIZE,class_or_import,118
ui.fishing_tab,IOSToggle,class_or_import,120
ui.fishing_tab,toggled,function_or_attr,121
ui.fishing_tab,save_settings,function_or_attr,122
ui.fishing_tab,stop_bot,function_or_attr,126
ui.fishing_tab,stop_bot_signal,function_or_attr,127
ui.fishing_tab,window,function_or_attr,130
ui.fishing_tab,workers.fishing.window_activator,qualname,132
ui.fishing_tab,WindowActivator,class_or_import,133
ui.fishing_tab,force_activate_gta5,function_or_attr,135
ui.fishing_tab,BotWorkerThread,class_or_import,137
ui.fishing_tab,_on_bot_finished,function_or_attr,138
ui.fishing_tab,start_bot_signal,function_or_attr,139
ui.fishing_tab,fish_settings_dialog,function_or_attr,141
ui.fishing_tab,FishSettingsDialog,class_or_import,142
ui.fishing_tab,exec,function_or_attr,144
ui.fishing_tab,garbage_settings_dialog,function_or_attr,146
ui.fishing_tab,GarbageSettingsDialog,class_or_import,147
ui.fishing_tab,load_fishing_settings,function_or_attr,150
ui.fishing_tab,hotkey,function_or_attr,151
ui.fishing_tab,HotkeyDialog,class_or_import,153
ui.fishing_tab,get_hotkey,function_or_attr,154
ui.fishing_tab,save_fishing_settings,function_or_attr,158
ui.fishing_tab,discard_key,function_or_attr,160
ui.fishing_tab,title,function_or_attr,162
ui.fishing_tab,set_hotkey,function_or_attr,168
ui.fishing_tab,FishingTab.setup_hotkey_listener.<locals>.<lambda>,local_qualname,170
ui.fishing_tab,listener,function_or_attr,171
ui.fishing_tab,clear_hotkey,function_or_attr,172
ui.fishing_tab,is_alive,function_or_attr,174
ui.fishing_tab,callback,function_or_attr,182
ui.fishing_tab,traceback,function_or_attr,185
ui.fishing_tab,print_exc,function_or_attr,186
ui.fishing_tab,_ensure_hotkey_listener_active,function_or_attr,198
ui.fishing_tab,_lock,function_or_attr,199
ui.fishing_tab,pressed_keys,function_or_attr,200
ui.fishing_tab,_triggered,function_or_attr,202
ui.fishing_tab,_last_health_log,function_or_attr,204
ui.fishing_tab,set_settings,function_or_attr,211
ui.fishing_tab,get_settings,function_or_attr,214
ui.fishing_tab,fish_settings,function_or_attr,215
ui.fishing_tab,garbage_settings,function_or_attr,216
ui.fishing_tab,bag,function_or_attr,217
ui.fishing_tab,corn,function_or_attr,218
ui.fishing_tab,pack,function_or_attr,219
ui.fishing_tab,auto_meal,function_or_attr,221
ui.fishing_tab,auto_change_bait,function_or_attr,223
ui.fishing_tab,store_in_backpack,function_or_attr,224
ui.fishing_tab,store_in_trunk,function_or_attr,225
ui.fishing_tab,shutdown_on_overweight,function_or_attr,226
ui.fishing_tab,origin,function_or_attr,239
ui.fishing_tab,has_location,function_or_attr,240
ui.fishing_tab,sys,function_or_attr,242
ui.fishing_tab,PyQt6.QtWidgets,class_qualname,243
ui.fishing_tab,QSpacerItem,class_or_import,251
ui.fishing_tab,QSizePolicy,class_or_import,252
ui.fishing_tab,PyQt6.QtCore,class_qualname,255
ui.fishing_tab,QThread,class_or_import,258
ui.fishing_tab,PyQt6.QtGui,class_qualname,264
ui.fishing_tab,ios_toggle,function_or_attr,266
ui.fishing_tab,hotkey_dialog,function_or_attr,268
ui.fishing_tab,insert,function_or_attr,271
ui.fishing_tab,SECTION_TITLE_FONT_SIZE,class_or_import,273
ui.fishing_tab,__prepare__,function_or_attr,274
ui.fishing_tab,__getitem__,function_or_attr,275
ui.fishing_tab,ui.fishing_tab,qualname,278
ui.fishing_tab,__qualname__,function_or_attr,280
ui.fishing_tab,BotWorkerThread.__init__,qualname,281
ui.fishing_tab,run,function_or_attr,282
ui.fishing_tab,BotWorkerThread.run,qualname,283
ui.fishing_tab,BotWorkerThread.stop_bot,qualname,284
ui.fishing_tab,__orig_bases__,function_or_attr,285
ui.fishing_tab,FishingTab,class_or_import,286
ui.fishing_tab,FishingTab.__init__,qualname,288
ui.fishing_tab,FishingTab.init_ui,qualname,289
ui.fishing_tab,FishingTab.create_toggle_row,qualname,290
ui.fishing_tab,FishingTab.toggle_bot,qualname,291
ui.fishing_tab,FishingTab.open_fish_settings,qualname,294
ui.fishing_tab,FishingTab.open_garbage_settings,qualname,295
ui.fishing_tab,FishingTab.assign_hotkey,qualname,296
ui.fishing_tab,FishingTab.assign_discard_key,qualname,297
ui.fishing_tab,FishingTab.setup_hotkey_listener,qualname,298
ui.fishing_tab,FishingTab._ensure_hotkey_listener_active,qualname,299
ui.fishing_tab,FishingTab._check_hotkey_listener_health,qualname,300
ui.fishing_tab,FishingTab.load_settings,qualname,301
ui.fishing_tab,FishingTab.save_settings,qualname,302
ui.fishing_tab,FishingTab.get_settings,qualname,303
ui.fishing_tab,FishingTab.set_settings,qualname,304
ui.fishing_tab,get_fishing_bot,function_or_attr,305
ui.fishing_tab,FishingTab.get_fishing_bot,qualname,306
ui.fishing_tab,FishingTab.closeEvent,qualname,307
ui.fishing_tab,fishing_bot,function_or_attr,313
ui.fishing_tab,parent,function_or_attr,314
ui.fishing_tab,settings,function_or_attr,322
ui.fishing_tab,listener_exists,function_or_attr,324
ui.fishing_tab,has_is_alive,function_or_attr,325
ui.fishing_tab,has_callback,function_or_attr,328
ui.fishing_tab,has_hotkey,function_or_attr,329
ui.fishing_tab,listener_healthy,function_or_attr,330
ui.fishing_tab,current_time,function_or_attr,332
ui.fishing_tab,new_is_alive,function_or_attr,338
ui.fishing_tab,current_key,function_or_attr,341
ui.fishing_tab,dialog,function_or_attr,342
ui.fishing_tab,new_key,function_or_attr,343
ui.fishing_tab,current_hotkey,function_or_attr,346
ui.fishing_tab,new_hotkey,function_or_attr,348
ui.fishing_tab,event,function_or_attr,351
ui.fishing_tab,layout,function_or_attr,356
ui.fishing_tab,text_layout,function_or_attr,357
ui.fishing_tab,title_label,function_or_attr,358
ui.fishing_tab,desc_label,function_or_attr,359
ui.fishing_tab,toggle,function_or_attr,360
ui.fishing_tab,main_layout,function_or_attr,362
ui.fishing_tab,scroll,function_or_attr,363
ui.fishing_tab,scroll_widget,function_or_attr,364
ui.fishing_tab,scroll_layout,function_or_attr,365
ui.fishing_tab,font,function_or_attr,366
ui.fishing_tab,main_title,function_or_attr,367
ui.fishing_tab,bait_layout,function_or_attr,368
ui.fishing_tab,fish_settings_btn,function_or_attr,369
ui.fishing_tab,garbage_settings_btn,function_or_attr,370
ui.fishing_tab,meal_layout,function_or_attr,371
ui.fishing_tab,backpack_layout,function_or_attr,372
ui.fishing_tab,trunk_layout,function_or_attr,373
ui.fishing_tab,shutdown_layout,function_or_attr,374
ui.fishing_tab,hotkey_title,function_or_attr,375
ui.fishing_tab,hotkey_btn,function_or_attr,376
ui.fishing_tab,discard_key_btn,function_or_attr,377
ui.fishing_tab,current_config,function_or_attr,389
ui.fishing_tab,initial_state,function_or_attr,396
ui.fishing_tab,main_window,function_or_attr,397
ui.garbage_settings_dialog,garbage_name,function_or_attr,0
ui.garbage_settings_dialog,garbage_display_name,function_or_attr,1
ui.garbage_settings_dialog,card,function_or_attr,3
ui.garbage_settings_dialog,QFrame,class_or_import,5
ui.garbage_settings_dialog,Shape,class_or_import,6
ui.garbage_settings_dialog,StyledPanel,class_or_import,7
ui.garbage_settings_dialog,QVBoxLayout,class_or_import,8
ui.garbage_settings_dialog,QLabel,class_or_import,11
ui.garbage_settings_dialog,QPixmap,class_or_import,12
ui.garbage_settings_dialog,scaled,function_or_attr,13
ui.garbage_settings_dialog,AspectRatioMode,class_or_import,15
ui.garbage_settings_dialog,KeepAspectRatio,class_or_import,16
ui.garbage_settings_dialog,TransformationMode,class_or_import,17
ui.garbage_settings_dialog,SmoothTransformation,class_or_import,18
ui.garbage_settings_dialog,AlignmentFlag,class_or_import,25
ui.garbage_settings_dialog,AlignCenter,class_or_import,26
ui.garbage_settings_dialog,QHBoxLayout,class_or_import,31
ui.garbage_settings_dialog,AlignRight,class_or_import,33
ui.garbage_settings_dialog,AlignVCenter,class_or_import,34
ui.garbage_settings_dialog,IOSToggle,class_or_import,36
ui.garbage_settings_dialog,tiny,function_or_attr,37
ui.garbage_settings_dialog,toggle,function_or_attr,38
ui.garbage_settings_dialog,AlignLeft,class_or_import,41
ui.garbage_settings_dialog,garbage_cards,function_or_attr,49
ui.garbage_settings_dialog,ConfigManager,class_or_import,50
ui.garbage_settings_dialog,config_manager,function_or_attr,51
ui.garbage_settings_dialog,init_ui,function_or_attr,52
ui.garbage_settings_dialog,load_saved_settings,function_or_attr,53
ui.garbage_settings_dialog,description,function_or_attr,58
ui.garbage_settings_dialog,QPushButton,class_or_import,59
ui.garbage_settings_dialog,clicked,function_or_attr,61
ui.garbage_settings_dialog,select_all,function_or_attr,63
ui.garbage_settings_dialog,deselect_all,function_or_attr,65
ui.garbage_settings_dialog,QScrollArea,class_or_import,67
ui.garbage_settings_dialog,NoFrame,class_or_import,69
ui.garbage_settings_dialog,QWidget,class_or_import,70
ui.garbage_settings_dialog,QGridLayout,class_or_import,71
ui.garbage_settings_dialog,load_garbage_list,function_or_attr,72
ui.garbage_settings_dialog,reject,function_or_attr,75
ui.garbage_settings_dialog,save_and_close,function_or_attr,79
ui.garbage_settings_dialog,get_settings,function_or_attr,81
ui.garbage_settings_dialog,load_fishing_settings,function_or_attr,82
ui.garbage_settings_dialog,garbage_settings,function_or_attr,83
ui.garbage_settings_dialog,save_fishing_settings,function_or_attr,84
ui.garbage_settings_dialog,accept,function_or_attr,85
ui.garbage_settings_dialog,set_settings,function_or_attr,87
ui.garbage_settings_dialog,resources,function_or_attr,90
ui.garbage_settings_dialog,fishing,function_or_attr,91
ui.garbage_settings_dialog,garbage,function_or_attr,92
ui.garbage_settings_dialog,bag,function_or_attr,93
ui.garbage_settings_dialog,bag2k.png,qualname,95
ui.garbage_settings_dialog,corn,function_or_attr,96
ui.garbage_settings_dialog,corn2k.png,qualname,98
ui.garbage_settings_dialog,pack,function_or_attr,99
ui.garbage_settings_dialog,pack2k.png,qualname,101
ui.garbage_settings_dialog,garbage_images_dir,function_or_attr,102
ui.garbage_settings_dialog,GarbageCard,class_or_import,103
ui.garbage_settings_dialog,self,function_or_attr,104
ui.garbage_settings_dialog,grid_layout,function_or_attr,105
ui.garbage_settings_dialog,row,function_or_attr,106
ui.garbage_settings_dialog,col,function_or_attr,107
ui.garbage_settings_dialog,set_eject,function_or_attr,110
ui.garbage_settings_dialog,is_eject,function_or_attr,114
ui.garbage_settings_dialog,settings,function_or_attr,115
ui.garbage_settings_dialog,origin,function_or_attr,119
ui.garbage_settings_dialog,has_location,function_or_attr,120
ui.garbage_settings_dialog,sys,function_or_attr,122
ui.garbage_settings_dialog,PyQt6.QtWidgets,class_qualname,123
ui.garbage_settings_dialog,QDialog,class_or_import,124
ui.garbage_settings_dialog,PyQt6.QtCore,class_qualname,134
ui.garbage_settings_dialog,QSize,class_or_import,136
ui.garbage_settings_dialog,PyQt6.QtGui,class_qualname,138
ui.garbage_settings_dialog,QFont,class_or_import,140
ui.garbage_settings_dialog,ios_toggle,function_or_attr,142
ui.garbage_settings_dialog,insert,function_or_attr,144
ui.garbage_settings_dialog,__prepare__,function_or_attr,146
ui.garbage_settings_dialog,__getitem__,function_or_attr,147
ui.garbage_settings_dialog,ui.garbage_settings_dialog,qualname,150
ui.garbage_settings_dialog,__qualname__,function_or_attr,152
ui.garbage_settings_dialog,GarbageCard.__init__,qualname,153
ui.garbage_settings_dialog,GarbageCard.is_eject,qualname,154
ui.garbage_settings_dialog,GarbageCard.set_eject,qualname,155
ui.garbage_settings_dialog,__orig_bases__,function_or_attr,156
ui.garbage_settings_dialog,GarbageSettingsDialog,class_or_import,157
ui.garbage_settings_dialog,GarbageSettingsDialog.__init__,qualname,159
ui.garbage_settings_dialog,GarbageSettingsDialog.init_ui,qualname,160
ui.garbage_settings_dialog,GarbageSettingsDialog.save_and_close,qualname,161
ui.garbage_settings_dialog,GarbageSettingsDialog.load_saved_settings,qualname,162
ui.garbage_settings_dialog,GarbageSettingsDialog.load_garbage_list,qualname,163
ui.garbage_settings_dialog,GarbageSettingsDialog.select_all,qualname,164
ui.garbage_settings_dialog,GarbageSettingsDialog.deselect_all,qualname,165
ui.garbage_settings_dialog,GarbageSettingsDialog.get_settings,qualname,166
ui.garbage_settings_dialog,GarbageSettingsDialog.set_settings,qualname,167
ui.garbage_settings_dialog,image_path,function_or_attr,174
ui.garbage_settings_dialog,parent,function_or_attr,175
ui.garbage_settings_dialog,layout,function_or_attr,176
ui.garbage_settings_dialog,image_label,function_or_attr,177
ui.garbage_settings_dialog,pixmap,function_or_attr,178
ui.garbage_settings_dialog,scaled_pixmap,function_or_attr,179
ui.garbage_settings_dialog,name_label,function_or_attr,180
ui.garbage_settings_dialog,toggle_layout,function_or_attr,181
ui.garbage_settings_dialog,keep_label,function_or_attr,182
ui.garbage_settings_dialog,eject_label,function_or_attr,183
ui.garbage_settings_dialog,title,function_or_attr,196
ui.garbage_settings_dialog,desc,function_or_attr,197
ui.garbage_settings_dialog,quick_actions,function_or_attr,198
ui.garbage_settings_dialog,select_all_btn,function_or_attr,199
ui.garbage_settings_dialog,deselect_all_btn,function_or_attr,200
ui.garbage_settings_dialog,scroll,function_or_attr,201
ui.garbage_settings_dialog,scroll_widget,function_or_attr,202
ui.garbage_settings_dialog,buttons_layout,function_or_attr,204
ui.garbage_settings_dialog,cancel_btn,function_or_attr,205
ui.garbage_settings_dialog,save_btn,function_or_attr,206
ui.garbage_settings_dialog,garbage_list,function_or_attr,211
ui.garbage_settings_dialog,max_cols,function_or_attr,214
ui.garbage_settings_dialog,garbage_filename,function_or_attr,217
ui.garbage_settings_dialog,config,function_or_attr,221
ui.garbage_settings_dialog,eject,function_or_attr,227
ui.home_tab,license_client,function_or_attr,0
ui.home_tab,init_ui,function_or_attr,1
ui.home_tab,QTimer,class_or_import,2
ui.home_tab,update_timer,function_or_attr,3
ui.home_tab,timeout,function_or_attr,4
ui.home_tab,update_license_info,function_or_attr,6
ui.home_tab,load_server_info,function_or_attr,8
ui.home_tab,QVBoxLayout,class_or_import,10
ui.home_tab,QScrollArea,class_or_import,13
ui.home_tab,QFrame,class_or_import,16
ui.home_tab,Shape,class_or_import,17
ui.home_tab,NoFrame,class_or_import,18
ui.home_tab,QWidget,class_or_import,21
ui.home_tab,_create_card,function_or_attr,22
ui.home_tab,QLabel,class_or_import,24
ui.home_tab,server_info_text,function_or_attr,25
ui.home_tab,TextFormat,class_or_import,29
ui.home_tab,RichText,class_or_import,30
ui.home_tab,AlignmentFlag,class_or_import,33
ui.home_tab,AlignLeft,class_or_import,34
ui.home_tab,AlignTop,class_or_import,35
ui.home_tab,BACKGROUND_COLOR,class_or_import,37
ui.home_tab,QHBoxLayout,class_or_import,43
ui.home_tab,QLineEdit,class_or_import,44
ui.home_tab,promo_input,function_or_attr,45
ui.home_tab,TEXT_COLOR,class_or_import,50
ui.home_tab,MAGENTA_COLOR,class_or_import,52
ui.home_tab,QPushButton,class_or_import,54
ui.home_tab,promo_button,function_or_attr,56
ui.home_tab,clicked,function_or_attr,60
ui.home_tab,apply_promocode,function_or_attr,61
ui.home_tab,promo_status_label,function_or_attr,64
ui.home_tab,TEXT_SECONDARY,class_or_import,66
ui.home_tab,_create_info_row,function_or_attr,69
ui.home_tab,status_label,function_or_attr,72
ui.home_tab,expires_label,function_or_attr,75
ui.home_tab,remaining_label,function_or_attr,78
ui.home_tab,key_label,function_or_attr,81
ui.home_tab,_get_link_button_style,function_or_attr,88
ui.home_tab,CursorShape,class_or_import,90
ui.home_tab,PointingHandCursor,class_or_import,91
ui.home_tab,HomeTab.init_ui.<locals>.<lambda>,local_qualname,93
ui.home_tab,self,function_or_attr,99
ui.home_tab,_open_url,function_or_attr,100
ui.home_tab,CARD_COLOR,class_or_import,106
ui.home_tab,QDesktopServices,class_or_import,118
ui.home_tab,QUrl,class_or_import,120
ui.home_tab,logger,function_or_attr,121
ui.home_tab,info,function_or_attr,122
ui.home_tab,_license_key,function_or_attr,125
ui.home_tab,ERROR_COLOR,class_or_import,127
ui.home_tab,_license_data,function_or_attr,130
ui.home_tab,WARNING_COLOR,class_or_import,132
ui.home_tab,_is_valid,function_or_attr,133
ui.home_tab,SUCCESS_COLOR,class_or_import,135
ui.home_tab,expires_at,function_or_attr,137
ui.home_tab,endswith,function_or_attr,139
ui.home_tab,datetime,function_or_attr,141
ui.home_tab,fromisoformat,function_or_attr,142
ui.home_tab,replace,function_or_attr,143
ui.home_tab,astimezone,function_or_attr,146
ui.home_tab,strftime,function_or_attr,147
ui.home_tab,now,function_or_attr,149
ui.home_tab,timezone,function_or_attr,150
ui.home_tab,utc,function_or_attr,151
ui.home_tab,total_seconds,function_or_attr,152
ui.home_tab,days,function_or_attr,153
ui.home_tab,seconds,function_or_attr,154
ui.home_tab,error,function_or_attr,159
ui.home_tab,exc_info,function_or_attr,164
ui.home_tab,requests,function_or_attr,166
ui.home_tab,license,function_or_attr,167
ui.home_tab,LicenseClient,class_or_import,168
ui.home_tab,SERVER_URL,class_or_import,170
ui.home_tab,status_code,function_or_attr,175
ui.home_tab,json,function_or_attr,176
ui.home_tab,text,function_or_attr,177
ui.home_tab,_convert_text_to_html,function_or_attr,181
ui.home_tab,warning,function_or_attr,183
ui.home_tab,sub,function_or_attr,199
ui.home_tab,strip,function_or_attr,206
ui.home_tab,post,function_or_attr,211
ui.home_tab,promocode,function_or_attr,213
ui.home_tab,key,function_or_attr,214
ui.home_tab,hwid,function_or_attr,215
ui.home_tab,_hwid,function_or_attr,216
ui.home_tab,message,function_or_attr,219
ui.home_tab,detail,function_or_attr,224
ui.home_tab,origin,function_or_attr,231
ui.home_tab,has_location,function_or_attr,232
ui.home_tab,sys,function_or_attr,234
ui.home_tab,logging,function_or_attr,235
ui.home_tab,PyQt6.QtWidgets,class_qualname,238
ui.home_tab,QTextEdit,class_or_import,247
ui.home_tab,PyQt6.QtCore,class_qualname,249
ui.home_tab,PyQt6.QtGui,class_qualname,253
ui.home_tab,QFont,class_or_import,254
ui.home_tab,insert,function_or_attr,257
ui.home_tab,HomeTab,class_or_import,259
ui.home_tab,__prepare__,function_or_attr,268
ui.home_tab,__getitem__,function_or_attr,270
ui.home_tab,ui.home_tab,qualname,273
ui.home_tab,__qualname__,function_or_attr,275
ui.home_tab,HomeTab.__init__,qualname,276
ui.home_tab,HomeTab.init_ui,qualname,277
ui.home_tab,title,function_or_attr,278
ui.home_tab,str,function_or_attr,279
ui.home_tab,HomeTab._create_card,qualname,280
ui.home_tab,label_text,function_or_attr,281
ui.home_tab,value_text,function_or_attr,282
ui.home_tab,HomeTab._create_info_row,qualname,283
ui.home_tab,return,function_or_attr,284
ui.home_tab,HomeTab._get_link_button_style,qualname,285
ui.home_tab,url,function_or_attr,286
ui.home_tab,HomeTab._open_url,qualname,287
ui.home_tab,HomeTab.update_license_info,qualname,288
ui.home_tab,HomeTab.load_server_info,qualname,289
ui.home_tab,HomeTab._convert_text_to_html,qualname,290
ui.home_tab,HomeTab.apply_promocode,qualname,291
ui.home_tab,__orig_bases__,function_or_attr,292
ui.home_tab,parent,function_or_attr,299
ui.home_tab,url_pattern,function_or_attr,304
ui.home_tab,html,function_or_attr,305
ui.home_tab,card,function_or_attr,308
ui.home_tab,card_layout,function_or_attr,309
ui.home_tab,title_label,function_or_attr,310
ui.home_tab,layout,function_or_attr,314
ui.home_tab,label,function_or_attr,315
ui.home_tab,value,function_or_attr,316
ui.home_tab,response,function_or_attr,323
ui.home_tab,data,function_or_attr,324
ui.home_tab,main_layout,function_or_attr,329
ui.home_tab,scroll,function_or_attr,330
ui.home_tab,scroll_content,function_or_attr,331
ui.home_tab,scroll_layout,function_or_attr,332
ui.home_tab,server_info_card,function_or_attr,333
ui.home_tab,server_info_layout,function_or_attr,334
ui.home_tab,promo_card,function_or_attr,335
ui.home_tab,promo_layout,function_or_attr,336
ui.home_tab,promo_input_layout,function_or_attr,337
ui.home_tab,license_card,function_or_attr,338
ui.home_tab,license_layout,function_or_attr,339
ui.home_tab,status_row,function_or_attr,340
ui.home_tab,expires_row,function_or_attr,341
ui.home_tab,remaining_row,function_or_attr,342
ui.home_tab,key_row,function_or_attr,343
ui.home_tab,links_card,function_or_attr,344
ui.home_tab,links_layout,function_or_attr,345
ui.home_tab,tg_layout,function_or_attr,346
ui.home_tab,tg_icon,function_or_attr,347
ui.home_tab,tg_link,function_or_attr,348
ui.home_tab,fp_layout,function_or_attr,349
ui.home_tab,fp_icon,function_or_attr,350
ui.home_tab,fp_link,function_or_attr,351
ui.home_tab,info_text,function_or_attr,358
ui.home_tab,html_text,function_or_attr,359
ui.home_tab,error_msg,function_or_attr,360
ui.home_tab,license_data,function_or_attr,363
ui.home_tab,expires_dt,function_or_attr,365
ui.home_tab,local_dt,function_or_attr,366
ui.home_tab,formatted_date,function_or_attr,367
ui.home_tab,remaining,function_or_attr,369
ui.home_tab,hours,function_or_attr,371
ui.home_tab,minutes,function_or_attr,372
ui.home_tab,remaining_text,function_or_attr,373
ui.home_tab,masked_key,function_or_attr,376
ui.hotkey_dialog,current_hotkey,function_or_attr,0
ui.hotkey_dialog,new_hotkey,function_or_attr,1
ui.hotkey_dialog,pressed_keys,function_or_attr,2
ui.hotkey_dialog,listener,function_or_attr,3
ui.hotkey_dialog,init_ui,function_or_attr,7
ui.hotkey_dialog,start_listening,function_or_attr,8
ui.hotkey_dialog,QVBoxLayout,class_or_import,9
ui.hotkey_dialog,QLabel,class_or_import,12
ui.hotkey_dialog,AlignmentFlag,class_or_import,16
ui.hotkey_dialog,AlignCenter,class_or_import,17
ui.hotkey_dialog,QFont,class_or_import,18
ui.hotkey_dialog,display,function_or_attr,27
ui.hotkey_dialog,AlignLeft,class_or_import,32
ui.hotkey_dialog,QFrame,class_or_import,33
ui.hotkey_dialog,Shape,class_or_import,35
ui.hotkey_dialog,HLine,class_or_import,36
ui.hotkey_dialog,Shadow,class_or_import,38
ui.hotkey_dialog,Sunken,class_or_import,39
ui.hotkey_dialog,QPushButton,class_or_import,41
ui.hotkey_dialog,clicked,function_or_attr,44
ui.hotkey_dialog,reject,function_or_attr,46
ui.hotkey_dialog,keyboard,function_or_attr,48
ui.hotkey_dialog,Listener,class_or_import,49
ui.hotkey_dialog,on_key_press,function_or_attr,50
ui.hotkey_dialog,on_key_release,function_or_attr,51
ui.hotkey_dialog,on_press,function_or_attr,52
ui.hotkey_dialog,on_release,function_or_attr,53
ui.hotkey_dialog,add,function_or_attr,58
ui.hotkey_dialog,update_display,function_or_attr,59
ui.hotkey_dialog,Key,class_or_import,62
ui.hotkey_dialog,esc,function_or_attr,63
ui.hotkey_dialog,stop_listening,function_or_attr,64
ui.hotkey_dialog,backspace,function_or_attr,65
ui.hotkey_dialog,accept,function_or_attr,66
ui.hotkey_dialog,format_hotkey,function_or_attr,67
ui.hotkey_dialog,QTimer,class_or_import,68
ui.hotkey_dialog,remove,function_or_attr,70
ui.hotkey_dialog,ctrl_l,function_or_attr,75
ui.hotkey_dialog,ctrl_r,function_or_attr,76
ui.hotkey_dialog,ctrl,function_or_attr,77
ui.hotkey_dialog,Ctrl,class_or_import,78
ui.hotkey_dialog,modifiers,function_or_attr,79
ui.hotkey_dialog,alt_l,function_or_attr,80
ui.hotkey_dialog,alt_r,function_or_attr,81
ui.hotkey_dialog,alt,function_or_attr,82
ui.hotkey_dialog,alt_gr,function_or_attr,83
ui.hotkey_dialog,Alt,class_or_import,84
ui.hotkey_dialog,shift_l,function_or_attr,85
ui.hotkey_dialog,shift_r,function_or_attr,86
ui.hotkey_dialog,shift,function_or_attr,87
ui.hotkey_dialog,Shift,class_or_import,88
ui.hotkey_dialog,cmd,function_or_attr,89
ui.hotkey_dialog,cmd_l,function_or_attr,90
ui.hotkey_dialog,cmd_r,function_or_attr,91
ui.hotkey_dialog,Win,class_or_import,92
ui.hotkey_dialog,self,function_or_attr,93
ui.hotkey_dialog,get_key_name,function_or_attr,94
ui.hotkey_dialog,regular_keys,function_or_attr,95
ui.hotkey_dialog,startswith,function_or_attr,99
ui.hotkey_dialog,space,function_or_attr,102
ui.hotkey_dialog,enter,function_or_attr,103
ui.hotkey_dialog,tab,function_or_attr,104
ui.hotkey_dialog,caps_lock,function_or_attr,105
ui.hotkey_dialog,num_lock,function_or_attr,106
ui.hotkey_dialog,scroll_lock,function_or_attr,107
ui.hotkey_dialog,insert,function_or_attr,108
ui.hotkey_dialog,delete,function_or_attr,109
ui.hotkey_dialog,home,function_or_attr,110
ui.hotkey_dialog,end,function_or_attr,111
ui.hotkey_dialog,page_up,function_or_attr,112
ui.hotkey_dialog,page_down,function_or_attr,113
ui.hotkey_dialog,down,function_or_attr,115
ui.hotkey_dialog,left,function_or_attr,116
ui.hotkey_dialog,right,function_or_attr,117
ui.hotkey_dialog,Space,class_or_import,118
ui.hotkey_dialog,Enter,class_or_import,119
ui.hotkey_dialog,Tab,class_or_import,120
ui.hotkey_dialog,CapsLock,class_or_import,121
ui.hotkey_dialog,NumLock,class_or_import,122
ui.hotkey_dialog,ScrollLock,class_or_import,123
ui.hotkey_dialog,Insert,class_or_import,124
ui.hotkey_dialog,Delete,class_or_import,125
ui.hotkey_dialog,Home,class_or_import,126
ui.hotkey_dialog,End,class_or_import,127
ui.hotkey_dialog,PageUp,class_or_import,128
ui.hotkey_dialog,PageDown,class_or_import,129
ui.hotkey_dialog,Down,class_or_import,131
ui.hotkey_dialog,Left,class_or_import,132
ui.hotkey_dialog,Right,class_or_import,133
ui.hotkey_dialog,capitalize,function_or_attr,134
ui.hotkey_dialog,char,function_or_attr,135
ui.hotkey_dialog,origin,function_or_attr,141
ui.hotkey_dialog,has_location,function_or_attr,142
ui.hotkey_dialog,PyQt6.QtWidgets,class_qualname,143
ui.hotkey_dialog,QDialog,class_or_import,144
ui.hotkey_dialog,PyQt6.QtCore,class_qualname,150
ui.hotkey_dialog,PyQt6.QtGui,class_qualname,153
ui.hotkey_dialog,pynput.keyboard,qualname,155
ui.hotkey_dialog,__prepare__,function_or_attr,156
ui.hotkey_dialog,HotkeyDialog,class_or_import,157
ui.hotkey_dialog,__getitem__,function_or_attr,158
ui.hotkey_dialog,ui.hotkey_dialog,qualname,161
ui.hotkey_dialog,__qualname__,function_or_attr,163
ui.hotkey_dialog,HotkeyDialog.__init__,qualname,166
ui.hotkey_dialog,HotkeyDialog.init_ui,qualname,167
ui.hotkey_dialog,HotkeyDialog.start_listening,qualname,168
ui.hotkey_dialog,HotkeyDialog.stop_listening,qualname,169
ui.hotkey_dialog,HotkeyDialog.on_key_press,qualname,170
ui.hotkey_dialog,HotkeyDialog.on_key_release,qualname,171
ui.hotkey_dialog,HotkeyDialog.update_display,qualname,172
ui.hotkey_dialog,HotkeyDialog.format_hotkey,qualname,173
ui.hotkey_dialog,HotkeyDialog.get_key_name,qualname,174
ui.hotkey_dialog,HotkeyDialog.closeEvent,qualname,175
ui.hotkey_dialog,get_hotkey,function_or_attr,176
ui.hotkey_dialog,HotkeyDialog.get_hotkey,qualname,177
ui.hotkey_dialog,__orig_bases__,function_or_attr,178
ui.hotkey_dialog,parent,function_or_attr,184
ui.hotkey_dialog,title,function_or_attr,185
ui.hotkey_dialog,event,function_or_attr,188
ui.hotkey_dialog,key,function_or_attr,194
ui.hotkey_dialog,key_name,function_or_attr,195
ui.hotkey_dialog,parts,function_or_attr,196
ui.hotkey_dialog,name,function_or_attr,200
ui.hotkey_dialog,special,function_or_attr,201
ui.hotkey_dialog,layout,function_or_attr,203
ui.hotkey_dialog,font,function_or_attr,205
ui.hotkey_dialog,current,function_or_attr,206
ui.hotkey_dialog,instructions,function_or_attr,207
ui.hotkey_dialog,line,function_or_attr,208
ui.hotkey_dialog,cancel_btn,function_or_attr,209
ui.hotkey_dialog,display_text,function_or_attr,214
ui.hotkey_listener,listener,function_or_attr,0
ui.hotkey_listener,hotkey,function_or_attr,1
ui.hotkey_listener,callback,function_or_attr,2
ui.hotkey_listener,pressed_keys,function_or_attr,3
ui.hotkey_listener,running,function_or_attr,4
ui.hotkey_listener,threading,function_or_attr,5
ui.hotkey_listener,Lock,class_or_import,6
ui.hotkey_listener,_lock,function_or_attr,7
ui.hotkey_listener,_triggered,function_or_attr,8
ui.hotkey_listener,_debug_mode,function_or_attr,9
ui.hotkey_listener,_vk_codes,function_or_attr,10
ui.hotkey_listener,_parse_hotkey,function_or_attr,11
ui.hotkey_listener,strip,function_or_attr,15
ui.hotkey_listener,_VK_MAP,function_or_attr,17
ui.hotkey_listener,vks,function_or_attr,18
ui.hotkey_listener,is_alive,function_or_attr,20
ui.hotkey_listener,timeout,function_or_attr,22
ui.hotkey_listener,Thread,class_or_import,24
ui.hotkey_listener,_poll_loop,function_or_attr,25
ui.hotkey_listener,HotkeyPoller,class_or_import,26
ui.hotkey_listener,target,function_or_attr,27
ui.hotkey_listener,daemon,function_or_attr,28
ui.hotkey_listener,name,function_or_attr,29
ui.hotkey_listener,_user32,function_or_attr,35
ui.hotkey_listener,GetAsyncKeyState,class_or_import,36
ui.hotkey_listener,self,function_or_attr,38
ui.hotkey_listener,vk_codes,function_or_attr,39
ui.hotkey_listener,triggered,function_or_attr,40
ui.hotkey_listener,hotkey_name,function_or_attr,42
ui.hotkey_listener,traceback,function_or_attr,50
ui.hotkey_listener,print_exc,function_or_attr,51
ui.hotkey_listener,_is_key_down,function_or_attr,56
ui.hotkey_listener,HotkeyListener._poll_loop.<locals>.<genexpr>,local_qualname,58
ui.hotkey_listener,_global_listener,function_or_attr,59
ui.hotkey_listener,HotkeyListener,class_or_import,60
ui.hotkey_listener,origin,function_or_attr,63
ui.hotkey_listener,has_location,function_or_attr,64
ui.hotkey_listener,ctypes,function_or_attr,65
ui.hotkey_listener,windll,function_or_attr,66
ui.hotkey_listener,user32,function_or_attr,67
ui.hotkey_listener,F10,class_or_import,77
ui.hotkey_listener,F11,class_or_import,78
ui.hotkey_listener,F12,class_or_import,79
ui.hotkey_listener,CTRL,class_or_import,80
ui.hotkey_listener,ALT,class_or_import,81
ui.hotkey_listener,SHIFT,class_or_import,82
ui.hotkey_listener,WIN,class_or_import,83
ui.hotkey_listener,SPACE,class_or_import,84
ui.hotkey_listener,ENTER,class_or_import,85
ui.hotkey_listener,ESC,class_or_import,86
ui.hotkey_listener,DELETE,class_or_import,87
ui.hotkey_listener,HOME,class_or_import,88
ui.hotkey_listener,END,class_or_import,89
ui.hotkey_listener,PAGEUP,class_or_import,90
ui.hotkey_listener,PAGEDOWN,class_or_import,91
ui.hotkey_listener,INSERT,class_or_import,92
ui.hotkey_listener,DOWN,class_or_import,94
ui.hotkey_listener,LEFT,class_or_import,95
ui.hotkey_listener,RIGHT,class_or_import,96
ui.hotkey_listener,TAB,class_or_import,97
ui.hotkey_listener,CAPSLOCK,class_or_import,98
ui.hotkey_listener,ui.hotkey_listener,qualname,135
ui.hotkey_listener,__qualname__,function_or_attr,137
ui.hotkey_listener,HotkeyListener.__init__,qualname,138
ui.hotkey_listener,hotkey_string,function_or_attr,139
ui.hotkey_listener,set_hotkey,function_or_attr,140
ui.hotkey_listener,HotkeyListener.set_hotkey,qualname,141
ui.hotkey_listener,clear_hotkey,function_or_attr,142
ui.hotkey_listener,HotkeyListener.clear_hotkey,qualname,143
ui.hotkey_listener,return,function_or_attr,145
ui.hotkey_listener,HotkeyListener._parse_hotkey,qualname,146
ui.hotkey_listener,HotkeyListener.start,qualname,147
ui.hotkey_listener,HotkeyListener.stop,qualname,149
ui.hotkey_listener,HotkeyListener._is_key_down,qualname,152
ui.hotkey_listener,HotkeyListener._poll_loop,qualname,153
ui.hotkey_listener,_format_current_combo,function_or_attr,154
ui.hotkey_listener,HotkeyListener._format_current_combo,qualname,155
ui.hotkey_listener,_get_key_name,function_or_attr,156
ui.hotkey_listener,HotkeyListener._get_key_name,qualname,157
ui.hotkey_listener,get_global_listener,function_or_attr,158
ui.hotkey_listener,key,function_or_attr,166
ui.hotkey_listener,part,function_or_attr,172
ui.hotkey_listener,all_down,function_or_attr,180
ui.ios_toggle,small,function_or_attr,0
ui.ios_toggle,tiny,function_or_attr,1
ui.ios_toggle,width,function_or_attr,2
ui.ios_toggle,height,function_or_attr,3
ui.ios_toggle,circle_size,function_or_attr,4
ui.ios_toggle,start_pos,function_or_attr,5
ui.ios_toggle,end_pos,function_or_attr,6
ui.ios_toggle,QSize,class_or_import,8
ui.ios_toggle,_circle_position,function_or_attr,9
ui.ios_toggle,QPropertyAnimation,class_or_import,10
ui.ios_toggle,animation,function_or_attr,11
ui.ios_toggle,QEasingCurve,class_or_import,13
ui.ios_toggle,Type,class_or_import,14
ui.ios_toggle,InOutCubic,class_or_import,15
ui.ios_toggle,on_state_changed,function_or_attr,19
ui.ios_toggle,update,function_or_attr,24
ui.ios_toggle,contains,function_or_attr,26
ui.ios_toggle,QPainter,class_or_import,28
ui.ios_toggle,RenderHint,class_or_import,30
ui.ios_toggle,Antialiasing,class_or_import,31
ui.ios_toggle,QColor,class_or_import,34
ui.ios_toggle,PenStyle,class_or_import,38
ui.ios_toggle,NoPen,class_or_import,39
ui.ios_toggle,origin,function_or_attr,44
ui.ios_toggle,has_location,function_or_attr,45
ui.ios_toggle,PyQt6.QtWidgets,class_qualname,46
ui.ios_toggle,QCheckBox,class_or_import,47
ui.ios_toggle,PyQt6.QtCore,class_qualname,49
ui.ios_toggle,QRectF,class_or_import,53
ui.ios_toggle,QPoint,class_or_import,56
ui.ios_toggle,PyQt6.QtGui,class_qualname,60
ui.ios_toggle,QPen,class_or_import,63
ui.ios_toggle,__prepare__,function_or_attr,65
ui.ios_toggle,IOSToggle,class_or_import,66
ui.ios_toggle,__getitem__,function_or_attr,67
ui.ios_toggle,ui.ios_toggle,qualname,70
ui.ios_toggle,__qualname__,function_or_attr,72
ui.ios_toggle,IOSToggle.__init__,qualname,73
ui.ios_toggle,IOSToggle.on_state_changed,qualname,74
ui.ios_toggle,float,function_or_attr,75
ui.ios_toggle,circle_position,function_or_attr,76
ui.ios_toggle,IOSToggle.circle_position,qualname,77
ui.ios_toggle,setter,function_or_attr,78
ui.ios_toggle,pos,function_or_attr,79
ui.ios_toggle,return,function_or_attr,80
ui.ios_toggle,bool,function_or_attr,81
ui.ios_toggle,IOSToggle.hitButton,qualname,83
ui.ios_toggle,IOSToggle.paintEvent,qualname,85
ui.ios_toggle,IOSToggle.sizeHint,qualname,87
ui.ios_toggle,IOSToggle.minimumSizeHint,qualname,89
ui.ios_toggle,__orig_bases__,function_or_attr,90
ui.ios_toggle,self,function_or_attr,94
ui.ios_toggle,parent,function_or_attr,95
ui.ios_toggle,value,function_or_attr,103
ui.ios_toggle,event,function_or_attr,105
ui.ios_toggle,painter,function_or_attr,106
ui.ios_toggle,circle_y,function_or_attr,107
ui.main_window,_glow_intensity,function_or_attr,0
ui.main_window,QGraphicsDropShadowEffect,class_or_import,1
ui.main_window,shadow_effect,function_or_attr,2
ui.main_window,QColor,class_or_import,4
ui.main_window,GLOW_COLOR,class_or_import,5
ui.main_window,GLOW_BLUR_MIN,class_or_import,7
ui.main_window,GLOW_OFFSET_X,class_or_import,9
ui.main_window,GLOW_OFFSET_Y,class_or_import,10
ui.main_window,LOGO_KORTEX_COLOR,class_or_import,14
ui.main_window,LOGO_FONT_SIZE,class_or_import,16
ui.main_window,LOGO_WORKER_COLOR,class_or_import,18
ui.main_window,LOGO_VERSION_COLOR,class_or_import,20
ui.main_window,LOGO_VERSION_SIZE,class_or_import,21
ui.main_window,QPropertyAnimation,class_or_import,23
ui.main_window,animation,function_or_attr,24
ui.main_window,GLOW_ANIMATION_DURATION,class_or_import,26
ui.main_window,QEasingCurve,class_or_import,30
ui.main_window,Type,class_or_import,31
ui.main_window,InOutSine,class_or_import,32
ui.main_window,update_glow,function_or_attr,36
ui.main_window,GLOW_BLUR_MAX,class_or_import,38
ui.main_window,license_client,function_or_attr,40
ui.main_window,QApplication,class_or_import,44
ui.main_window,instance,function_or_attr,45
ui.main_window,QIcon,class_or_import,47
ui.main_window,resources,function_or_attr,51
ui.main_window,icon.ico,qualname,52
ui.main_window,executable,function_or_attr,53
ui.main_window,init_ui,function_or_attr,54
ui.main_window,MAIN_STYLE,class_or_import,56
ui.main_window,QWidget,class_or_import,57
ui.main_window,QHBoxLayout,class_or_import,59
ui.main_window,QFrame,class_or_import,62
ui.main_window,sidebar,function_or_attr,64
ui.main_window,QVBoxLayout,class_or_import,66
ui.main_window,NeonLabel,class_or_import,67
ui.main_window,menu_buttons,function_or_attr,70
ui.main_window,create_menu_button,function_or_attr,71
ui.main_window,btn_home,function_or_attr,73
ui.main_window,btn_fishing,function_or_attr,75
ui.main_window,btn_telegram,function_or_attr,77
ui.main_window,btn_settings,function_or_attr,79
ui.main_window,QLabel,class_or_import,82
ui.main_window,AlignmentFlag,class_or_import,87
ui.main_window,AlignCenter,class_or_import,88
ui.main_window,QStackedWidget,class_or_import,90
ui.main_window,content_stack,function_or_attr,91
ui.main_window,HomeTab,class_or_import,92
ui.main_window,home_tab,function_or_attr,93
ui.main_window,FishingTab,class_or_import,96
ui.main_window,fishing_tab,function_or_attr,97
ui.main_window,TelegramTab,class_or_import,98
ui.main_window,telegram_tab,function_or_attr,100
ui.main_window,settings_tab,function_or_attr,102
ui.main_window,clicked,function_or_attr,104
ui.main_window,MainWindow.init_ui.<locals>.<lambda>,local_qualname,106
ui.main_window,self,function_or_attr,108
ui.main_window,switch_tab,function_or_attr,109
ui.main_window,QPushButton,class_or_import,110
ui.main_window,QFont,class_or_import,114
ui.main_window,origin,function_or_attr,122
ui.main_window,has_location,function_or_attr,123
ui.main_window,sys,function_or_attr,125
ui.main_window,PyQt6.QtWidgets,class_qualname,126
ui.main_window,QMainWindow,class_or_import,128
ui.main_window,PyQt6.QtCore,class_qualname,138
ui.main_window,QTimer,class_or_import,140
ui.main_window,PyQt6.QtGui,class_qualname,146
ui.main_window,styles,function_or_attr,150
ui.main_window,__prepare__,function_or_attr,158
ui.main_window,__getitem__,function_or_attr,159
ui.main_window,ui.main_window,qualname,162
ui.main_window,__qualname__,function_or_attr,164
ui.main_window,NeonLabel.__init__,qualname,165
ui.main_window,float,function_or_attr,166
ui.main_window,glow_intensity,function_or_attr,167
ui.main_window,NeonLabel.glow_intensity,qualname,168
ui.main_window,setter,function_or_attr,169
ui.main_window,NeonLabel.update_glow,qualname,170
ui.main_window,__orig_bases__,function_or_attr,171
ui.main_window,MainWindow,class_or_import,172
ui.main_window,MainWindow.__init__,qualname,174
ui.main_window,MainWindow.init_ui,qualname,175
ui.main_window,MainWindow.create_menu_button,qualname,176
ui.main_window,MainWindow.switch_tab,qualname,177
ui.main_window,current_app,function_or_attr,184
ui.main_window,app_icon,function_or_attr,185
ui.main_window,candidates,function_or_attr,186
ui.main_window,icon_path,function_or_attr,187
ui.main_window,icon,function_or_attr,188
ui.main_window,parent,function_or_attr,191
ui.main_window,text,function_or_attr,194
ui.main_window,btn,function_or_attr,195
ui.main_window,font,function_or_attr,196
ui.main_window,value,function_or_attr,198
ui.main_window,central_widget,function_or_attr,200
ui.main_window,main_layout,function_or_attr,201
ui.main_window,sidebar_layout,function_or_attr,203
ui.main_window,title_label,function_or_attr,204
ui.main_window,info_label,function_or_attr,205
ui.main_window,content_area,function_or_attr,206
ui.main_window,content_layout,function_or_attr,207
ui.main_window,index,function_or_attr,209
ui.main_window,blur_radius,function_or_attr,213
ui.styles,origin,function_or_attr,1
ui.styles,has_location,function_or_attr,2
ui.styles,BACKGROUND_COLOR,class_or_import,4
ui.styles,SIDEBAR_COLOR,class_or_import,6
ui.styles,CARD_COLOR,class_or_import,8
ui.styles,TEXT_COLOR,class_or_import,10
ui.styles,MAGENTA_COLOR,class_or_import,12
ui.styles,ACCENT_COLOR,class_or_import,13
ui.styles,MAIN_STYLE,class_or_import,32
ui.styles,NEON_TITLE_HTML,class_or_import,34
ui.telegram_tab,ConfigManager,class_or_import,0
ui.telegram_tab,config,function_or_attr,1
ui.telegram_tab,telegram_manager,function_or_attr,2
ui.telegram_tab,fishing_tab,function_or_attr,3
ui.telegram_tab,init_ui,function_or_attr,4
ui.telegram_tab,load_settings,function_or_attr,5
ui.telegram_tab,auto_start_enabled,function_or_attr,6
ui.telegram_tab,start_bot,function_or_attr,7
ui.telegram_tab,QVBoxLayout,class_or_import,8
ui.telegram_tab,QScrollArea,class_or_import,11
ui.telegram_tab,QFrame,class_or_import,14
ui.telegram_tab,Shape,class_or_import,15
ui.telegram_tab,NoFrame,class_or_import,16
ui.telegram_tab,QWidget,class_or_import,17
ui.telegram_tab,QLabel,class_or_import,18
ui.telegram_tab,QFont,class_or_import,22
ui.telegram_tab,QTextBrowser,class_or_import,30
ui.telegram_tab,QLineEdit,class_or_import,38
ui.telegram_tab,token_input,function_or_attr,39
ui.telegram_tab,ids_input,function_or_attr,47
ui.telegram_tab,QPushButton,class_or_import,49
ui.telegram_tab,btn_start,function_or_attr,51
ui.telegram_tab,clicked,function_or_attr,53
ui.telegram_tab,toggle_bot,function_or_attr,55
ui.telegram_tab,status_label,function_or_attr,57
ui.telegram_tab,load_telegram_settings,function_or_attr,62
ui.telegram_tab,bot_token,function_or_attr,64
ui.telegram_tab,admin_ids,function_or_attr,66
ui.telegram_tab,text,function_or_attr,70
ui.telegram_tab,strip,function_or_attr,71
ui.telegram_tab,auto_start,function_or_attr,73
ui.telegram_tab,save_telegram_settings,function_or_attr,74
ui.telegram_tab,running,function_or_attr,78
ui.telegram_tab,stop_bot,function_or_attr,79
ui.telegram_tab,log,function_or_attr,81
ui.telegram_tab,save_settings,function_or_attr,86
ui.telegram_tab,get_fishing_bot,function_or_attr,87
ui.telegram_tab,set_fishing_bot,function_or_attr,88
ui.telegram_tab,TelegramBotManager,class_or_import,89
ui.telegram_tab,token,function_or_attr,90
ui.telegram_tab,log_callback,function_or_attr,92
ui.telegram_tab,style,function_or_attr,97
ui.telegram_tab,accept,function_or_attr,104
ui.telegram_tab,origin,function_or_attr,107
ui.telegram_tab,has_location,function_or_attr,108
ui.telegram_tab,sys,function_or_attr,110
ui.telegram_tab,PyQt6.QtWidgets,class_qualname,111
ui.telegram_tab,QHBoxLayout,class_or_import,114
ui.telegram_tab,PyQt6.QtCore,class_qualname,122
ui.telegram_tab,QUrl,class_or_import,124
ui.telegram_tab,PyQt6.QtGui,class_qualname,127
ui.telegram_tab,QDesktopServices,class_or_import,129
ui.telegram_tab,insert,function_or_attr,131
ui.telegram_tab,config_manager,function_or_attr,132
ui.telegram_tab,telegram.bot_manager,qualname,134
ui.telegram_tab,telegram.handlers.fishing_handler,qualname,136
ui.telegram_tab,__prepare__,function_or_attr,138
ui.telegram_tab,TelegramTab,class_or_import,139
ui.telegram_tab,__getitem__,function_or_attr,140
ui.telegram_tab,ui.telegram_tab,qualname,143
ui.telegram_tab,__qualname__,function_or_attr,145
ui.telegram_tab,TelegramTab.__init__,qualname,146
ui.telegram_tab,TelegramTab.init_ui,qualname,147
ui.telegram_tab,TelegramTab.load_settings,qualname,148
ui.telegram_tab,TelegramTab.save_settings,qualname,149
ui.telegram_tab,return,function_or_attr,150
ui.telegram_tab,bool,function_or_attr,151
ui.telegram_tab,TelegramTab.auto_start_enabled,qualname,152
ui.telegram_tab,TelegramTab.toggle_bot,qualname,153
ui.telegram_tab,TelegramTab.start_bot,qualname,154
ui.telegram_tab,TelegramTab.stop_bot,qualname,155
ui.telegram_tab,message,function_or_attr,156
ui.telegram_tab,str,function_or_attr,157
ui.telegram_tab,TelegramTab.log,qualname,158
ui.telegram_tab,TelegramTab.closeEvent,qualname,160
ui.telegram_tab,__orig_bases__,function_or_attr,161
ui.telegram_tab,self,function_or_attr,165
ui.telegram_tab,settings,function_or_attr,169
ui.telegram_tab,event,function_or_attr,171
ui.telegram_tab,main_layout,function_or_attr,173
ui.telegram_tab,scroll,function_or_attr,174
ui.telegram_tab,scroll_widget,function_or_attr,175
ui.telegram_tab,scroll_layout,function_or_attr,176
ui.telegram_tab,title,function_or_attr,177
ui.telegram_tab,title_font,function_or_attr,178
ui.telegram_tab,instruction_frame,function_or_attr,179
ui.telegram_tab,instruction_layout,function_or_attr,180
ui.telegram_tab,instr_title,function_or_attr,181
ui.telegram_tab,instr_title_font,function_or_attr,182
ui.telegram_tab,instruction_text,function_or_attr,183
ui.telegram_tab,settings_frame,function_or_attr,184
ui.telegram_tab,settings_layout,function_or_attr,185
ui.telegram_tab,token_label,function_or_attr,186
ui.telegram_tab,token_label_font,function_or_attr,187
ui.telegram_tab,ids_label,function_or_attr,188
ui.telegram_tab,ids_label_font,function_or_attr,189
ui.telegram_tab,ids_hint,function_or_attr,190
ui.telegram_tab,admin_ids_str,function_or_attr,195
ui.telegram_tab,fishing_bot,function_or_attr,197
workers,environ,function_or_attr,1
workers,NUITKA_PACKAGE_workers,class_or_import,2
workers,origin,function_or_attr,4
workers,has_location,function_or_attr,5
workers,submodule_search_locations,function_or_attr,6
workers.fishing,environ,function_or_attr,2
workers.fishing,NUITKA_PACKAGE_workers,class_or_import,3
workers.fishing,fishing,function_or_attr,5
workers.fishing,NUITKA_PACKAGE_workers_fishing,class_or_import,6
workers.fishing,origin,function_or_attr,8
workers.fishing,has_location,function_or_attr,9
workers.fishing,submodule_search_locations,function_or_attr,10
workers.fishing.casting_a_fishing_rod,process_name,function_or_attr,0
workers.fishing.casting_a_fishing_rod,hwnd,function_or_attr,1
workers.fishing.casting_a_fishing_rod,callback,function_or_attr,2
workers.fishing.casting_a_fishing_rod,WindowCapture.find_window_by_process.<locals>.callback,local_qualname,3
workers.fishing.casting_a_fishing_rod,win32gui,function_or_attr,4
workers.fishing.casting_a_fishing_rod,EnumWindows,class_or_import,5
workers.fishing.casting_a_fishing_rod,self,function_or_attr,6
workers.fishing.casting_a_fishing_rod,IsWindowVisible,class_or_import,8
workers.fishing.casting_a_fishing_rod,win32process,function_or_attr,9
workers.fishing.casting_a_fishing_rod,GetWindowThreadProcessId,class_or_import,10
workers.fishing.casting_a_fishing_rod,psutil,function_or_attr,11
workers.fishing.casting_a_fishing_rod,Process,class_or_import,12
workers.fishing.casting_a_fishing_rod,GetWindowText,class_or_import,14
workers.fishing.casting_a_fishing_rod,IsWindow,class_or_import,15
workers.fishing.casting_a_fishing_rod,GetClientRect,class_or_import,16
workers.fishing.casting_a_fishing_rod,GetWindowDC,class_or_import,18
workers.fishing.casting_a_fishing_rod,win32ui,function_or_attr,19
workers.fishing.casting_a_fishing_rod,CreateDCFromHandle,class_or_import,20
workers.fishing.casting_a_fishing_rod,CreateCompatibleDC,class_or_import,21
workers.fishing.casting_a_fishing_rod,CreateBitmap,class_or_import,22
workers.fishing.casting_a_fishing_rod,CreateCompatibleBitmap,class_or_import,23
workers.fishing.casting_a_fishing_rod,SelectObject,class_or_import,24
workers.fishing.casting_a_fishing_rod,BitBlt,class_or_import,25
workers.fishing.casting_a_fishing_rod,win32con,function_or_attr,26
workers.fishing.casting_a_fishing_rod,SRCCOPY,class_or_import,27
workers.fishing.casting_a_fishing_rod,GetInfo,class_or_import,28
workers.fishing.casting_a_fishing_rod,GetBitmapBits,class_or_import,29
workers.fishing.casting_a_fishing_rod,frombuffer,function_or_attr,31
workers.fishing.casting_a_fishing_rod,uint8,function_or_attr,32
workers.fishing.casting_a_fishing_rod,dtype,function_or_attr,33
workers.fishing.casting_a_fishing_rod,shape,function_or_attr,36
workers.fishing.casting_a_fishing_rod,cv2,function_or_attr,37
workers.fishing.casting_a_fishing_rod,COLOR_BGRA2BGR,class_or_import,39
workers.fishing.casting_a_fishing_rod,DeleteObject,class_or_import,40
workers.fishing.casting_a_fishing_rod,GetHandle,class_or_import,41
workers.fishing.casting_a_fishing_rod,DeleteDC,class_or_import,42
workers.fishing.casting_a_fishing_rod,ReleaseDC,class_or_import,43
workers.fishing.casting_a_fishing_rod,roi,function_or_attr,45
workers.fishing.casting_a_fishing_rod,roi_x,function_or_attr,46
workers.fishing.casting_a_fishing_rod,roi_y,function_or_attr,47
workers.fishing.casting_a_fishing_rod,roi_w,function_or_attr,48
workers.fishing.casting_a_fishing_rod,roi_h,function_or_attr,49
workers.fishing.casting_a_fishing_rod,pydirectinput,function_or_attr,50
workers.fishing.casting_a_fishing_rod,PAUSE,class_or_import,51
workers.fishing.casting_a_fishing_rod,FAILSAFE,class_or_import,52
workers.fishing.casting_a_fishing_rod,_SEARCHING,function_or_attr,53
workers.fishing.casting_a_fishing_rod,_state,function_or_attr,54
workers.fishing.casting_a_fishing_rod,_tight_bbox,function_or_attr,55
workers.fishing.casting_a_fishing_rod,_peak,function_or_attr,56
workers.fishing.casting_a_fishing_rod,_paused_until,function_or_attr,57
workers.fishing.casting_a_fishing_rod,_hold_start,function_or_attr,58
workers.fishing.casting_a_fishing_rod,_space_held,function_or_attr,59
workers.fishing.casting_a_fishing_rod,frame_count,function_or_attr,60
workers.fishing.casting_a_fishing_rod,fps_start_time,function_or_attr,62
workers.fishing.casting_a_fishing_rod,current_fps,function_or_attr,63
workers.fishing.casting_a_fishing_rod,COLOR_BGR2HSV,class_or_import,64
workers.fishing.casting_a_fishing_rod,GREEN_LOWER,class_or_import,66
workers.fishing.casting_a_fishing_rod,GREEN_UPPER,class_or_import,67
workers.fishing.casting_a_fishing_rod,_PAUSED,function_or_attr,73
workers.fishing.casting_a_fishing_rod,max,function_or_attr,74
workers.fishing.casting_a_fishing_rod,_count_green,function_or_attr,75
workers.fishing.casting_a_fishing_rod,MIN_GREEN_PIXELS,class_or_import,76
workers.fishing.casting_a_fishing_rod,_find_tight_bbox,function_or_attr,77
workers.fishing.casting_a_fishing_rod,_TRACKING,function_or_attr,78
workers.fishing.casting_a_fishing_rod,space,function_or_attr,80
workers.fishing.casting_a_fishing_rod,HOLD_MONITOR_SECS,class_or_import,83
workers.fishing.casting_a_fishing_rod,PAUSE_AFTER_PRESS,class_or_import,92
workers.fishing.casting_a_fishing_rod,ROI_FULLHD,class_or_import,95
workers.fishing.casting_a_fishing_rod,ROI_2K,class_or_import,97
workers.fishing.casting_a_fishing_rod,WindowCapture,class_or_import,107
workers.fishing.casting_a_fishing_rod,gta5.exe,qualname,108
workers.fishing.casting_a_fishing_rod,find_window_by_process,function_or_attr,109
workers.fishing.casting_a_fishing_rod,get_window_size,function_or_attr,114
workers.fishing.casting_a_fishing_rod,detect_resolution,function_or_attr,115
workers.fishing.casting_a_fishing_rod,GreenPixelMonitor,class_or_import,122
workers.fishing.casting_a_fishing_rod,capture,function_or_attr,137
workers.fishing.casting_a_fishing_rod,end,function_or_attr,140
workers.fishing.casting_a_fishing_rod,flush,function_or_attr,141
workers.fishing.casting_a_fishing_rod,monitor,function_or_attr,143
workers.fishing.casting_a_fishing_rod,check_and_act,function_or_attr,144
workers.fishing.casting_a_fishing_rod,strftime,function_or_attr,145
workers.fishing.casting_a_fishing_rod,origin,function_or_attr,169
workers.fishing.casting_a_fishing_rod,has_location,function_or_attr,170
workers.fishing.casting_a_fishing_rod,numpy,function_or_attr,171
workers.fishing.casting_a_fishing_rod,sys,function_or_attr,172
workers.fishing.casting_a_fishing_rod,workers.fishing.casting_a_fishing_rod,qualname,173
workers.fishing.casting_a_fishing_rod,__qualname__,function_or_attr,175
workers.fishing.casting_a_fishing_rod,WindowCapture.__init__,qualname,177
workers.fishing.casting_a_fishing_rod,return,function_or_attr,178
workers.fishing.casting_a_fishing_rod,WindowCapture.find_window_by_process,qualname,179
workers.fishing.casting_a_fishing_rod,WindowCapture.get_window_size,qualname,181
workers.fishing.casting_a_fishing_rod,ndarray,function_or_attr,183
workers.fishing.casting_a_fishing_rod,WindowCapture.capture,qualname,184
workers.fishing.casting_a_fishing_rod,array,function_or_attr,186
workers.fishing.casting_a_fishing_rod,GreenPixelMonitor.__init__,qualname,188
workers.fishing.casting_a_fishing_rod,frame,function_or_attr,189
workers.fishing.casting_a_fishing_rod,GreenPixelMonitor._count_green,qualname,192
workers.fishing.casting_a_fishing_rod,GreenPixelMonitor._find_tight_bbox,qualname,193
workers.fishing.casting_a_fishing_rod,GreenPixelMonitor.check_and_act,qualname,194
workers.fishing.casting_a_fishing_rod,count_green_pixels,function_or_attr,195
workers.fishing.casting_a_fishing_rod,GreenPixelMonitor.count_green_pixels,qualname,196
workers.fishing.casting_a_fishing_rod,width,function_or_attr,197
workers.fishing.casting_a_fishing_rod,height,function_or_attr,198
workers.fishing.casting_a_fishing_rod,main,function_or_attr,200
workers.fishing.casting_a_fishing_rod,region,function_or_attr,214
workers.fishing.casting_a_fishing_rod,hsv,function_or_attr,215
workers.fishing.casting_a_fishing_rod,mask,function_or_attr,216
workers.fishing.casting_a_fishing_rod,coords,function_or_attr,222
workers.fishing.casting_a_fishing_rod,hwnds,function_or_attr,228
workers.fishing.casting_a_fishing_rod,pid,function_or_attr,230
workers.fishing.casting_a_fishing_rod,process,function_or_attr,231
workers.fishing.casting_a_fishing_rod,left,function_or_attr,235
workers.fishing.casting_a_fishing_rod,top,function_or_attr,236
workers.fishing.casting_a_fishing_rod,right,function_or_attr,237
workers.fishing.casting_a_fishing_rod,bottom,function_or_attr,238
workers.fishing.casting_a_fishing_rod,bmpinfo,function_or_attr,245
workers.fishing.casting_a_fishing_rod,bmpstr,function_or_attr,246
workers.fishing.casting_a_fishing_rod,img,function_or_attr,247
workers.fishing.casting_a_fishing_rod,now,function_or_attr,251
workers.fishing.casting_a_fishing_rod,remaining,function_or_attr,252
workers.fishing.casting_a_fishing_rod,count,function_or_attr,253
workers.fishing.casting_a_fishing_rod,bbox,function_or_attr,254
workers.fishing.casting_a_fishing_rod,elapsed,function_or_attr,259
workers.fishing.casting_a_fishing_rod,title,function_or_attr,268
workers.fishing.casting_a_fishing_rod,resolution_name,function_or_attr,277
workers.fishing.casting_a_fishing_rod,STATES,class_or_import,280
workers.fishing.casting_a_fishing_rod,detected,function_or_attr,284
workers.fishing.casting_a_fishing_rod,pressed,function_or_attr,285
workers.fishing.casting_a_fishing_rod,fps,function_or_attr,286
workers.fishing.casting_a_fishing_rod,paused_remaining,function_or_attr,287
workers.fishing.casting_a_fishing_rod,timestamp,function_or_attr,288
workers.fishing.casting_a_fishing_rod,state_name,function_or_attr,289
workers.fishing.casting_a_fishing_rod,status,function_or_attr,290
workers.fishing.casting_a_fishing_rod,peak_info,function_or_attr,291
workers.fishing.fish_recognition,process_name,function_or_attr,0
workers.fishing.fish_recognition,hwnd,function_or_attr,1
workers.fishing.fish_recognition,callback,function_or_attr,2
workers.fishing.fish_recognition,WindowCapture.find_window_by_process.<locals>.callback,local_qualname,3
workers.fishing.fish_recognition,win32gui,function_or_attr,4
workers.fishing.fish_recognition,EnumWindows,class_or_import,5
workers.fishing.fish_recognition,self,function_or_attr,6
workers.fishing.fish_recognition,IsWindowVisible,class_or_import,8
workers.fishing.fish_recognition,win32process,function_or_attr,9
workers.fishing.fish_recognition,GetWindowThreadProcessId,class_or_import,10
workers.fishing.fish_recognition,psutil,function_or_attr,11
workers.fishing.fish_recognition,Process,class_or_import,12
workers.fishing.fish_recognition,GetWindowText,class_or_import,14
workers.fishing.fish_recognition,IsWindow,class_or_import,15
workers.fishing.fish_recognition,GetClientRect,class_or_import,16
workers.fishing.fish_recognition,GetWindowDC,class_or_import,18
workers.fishing.fish_recognition,win32ui,function_or_attr,19
workers.fishing.fish_recognition,CreateDCFromHandle,class_or_import,20
workers.fishing.fish_recognition,CreateCompatibleDC,class_or_import,21
workers.fishing.fish_recognition,CreateBitmap,class_or_import,22
workers.fishing.fish_recognition,CreateCompatibleBitmap,class_or_import,23
workers.fishing.fish_recognition,SelectObject,class_or_import,24
workers.fishing.fish_recognition,BitBlt,class_or_import,25
workers.fishing.fish_recognition,win32con,function_or_attr,26
workers.fishing.fish_recognition,SRCCOPY,class_or_import,27
workers.fishing.fish_recognition,GetInfo,class_or_import,28
workers.fishing.fish_recognition,GetBitmapBits,class_or_import,29
workers.fishing.fish_recognition,frombuffer,function_or_attr,31
workers.fishing.fish_recognition,uint8,function_or_attr,32
workers.fishing.fish_recognition,dtype,function_or_attr,33
workers.fishing.fish_recognition,shape,function_or_attr,36
workers.fishing.fish_recognition,cv2,function_or_attr,37
workers.fishing.fish_recognition,COLOR_BGRA2BGR,class_or_import,39
workers.fishing.fish_recognition,DeleteObject,class_or_import,40
workers.fishing.fish_recognition,GetHandle,class_or_import,41
workers.fishing.fish_recognition,DeleteDC,class_or_import,42
workers.fishing.fish_recognition,ReleaseDC,class_or_import,43
workers.fishing.fish_recognition,WindowCapture,class_or_import,46
workers.fishing.fish_recognition,gta5.exe,qualname,47
workers.fishing.fish_recognition,capture,function_or_attr,48
workers.fishing.fish_recognition,resolution,function_or_attr,49
workers.fishing.fish_recognition,roi,function_or_attr,50
workers.fishing.fish_recognition,fish_templates,function_or_attr,51
workers.fishing.fish_recognition,get_fishing_resources,function_or_attr,52
workers.fishing.fish_recognition,resources_path,function_or_attr,53
workers.fishing.fish_recognition,find_window_by_process,function_or_attr,55
workers.fishing.fish_recognition,get_window_size,function_or_attr,57
workers.fishing.fish_recognition,FULLHD,class_or_import,60
workers.fishing.fish_recognition,ROI_FULLHD,class_or_import,61
workers.fishing.fish_recognition,template_folder,function_or_attr,63
workers.fishing.fish_recognition,ROI_2K,class_or_import,66
workers.fishing.fish_recognition,fish2k,function_or_attr,67
workers.fishing.fish_recognition,width,function_or_attr,75
workers.fishing.fish_recognition,height,function_or_attr,77
workers.fishing.fish_recognition,load_templates,function_or_attr,78
workers.fishing.fish_recognition,glob,function_or_attr,82
workers.fishing.fish_recognition,imread,function_or_attr,84
workers.fishing.fish_recognition,stem,function_or_attr,85
workers.fishing.fish_recognition,image,function_or_attr,86
workers.fishing.fish_recognition,fish_count,function_or_attr,87
workers.fishing.fish_recognition,TM_CCOEFF_NORMED,class_or_import,93
workers.fishing.fish_recognition,CONFIDENCE_THRESHOLD,class_or_import,95
workers.fishing.fish_recognition,find_template,function_or_attr,97
workers.fishing.fish_recognition,screenshot,function_or_attr,98
workers.fishing.fish_recognition,best_confidence,function_or_attr,99
workers.fishing.fish_recognition,best_match,function_or_attr,100
workers.fishing.fish_recognition,recognize_fish,function_or_attr,105
workers.fishing.fish_recognition,initialize,function_or_attr,112
workers.fishing.fish_recognition,recognize_once,function_or_attr,121
workers.fishing.fish_recognition,FishRecognition,class_or_import,128
workers.fishing.fish_recognition,run,function_or_attr,129
workers.fishing.fish_recognition,origin,function_or_attr,132
workers.fishing.fish_recognition,has_location,function_or_attr,133
workers.fishing.fish_recognition,numpy,function_or_attr,134
workers.fishing.fish_recognition,sys,function_or_attr,136
workers.fishing.fish_recognition,pathlib,function_or_attr,138
workers.fishing.fish_recognition,Path,class_or_import,139
workers.fishing.fish_recognition,path_utils,function_or_attr,141
workers.fishing.fish_recognition,workers.fishing.fish_recognition,qualname,151
workers.fishing.fish_recognition,__qualname__,function_or_attr,153
workers.fishing.fish_recognition,WindowCapture.__init__,qualname,155
workers.fishing.fish_recognition,return,function_or_attr,156
workers.fishing.fish_recognition,WindowCapture.find_window_by_process,qualname,157
workers.fishing.fish_recognition,WindowCapture.get_window_size,qualname,159
workers.fishing.fish_recognition,ndarray,function_or_attr,161
workers.fishing.fish_recognition,WindowCapture.capture,qualname,162
workers.fishing.fish_recognition,FishRecognition.__init__,qualname,164
workers.fishing.fish_recognition,FishRecognition.initialize,qualname,165
workers.fishing.fish_recognition,FishRecognition.load_templates,qualname,166
workers.fishing.fish_recognition,template,function_or_attr,167
workers.fishing.fish_recognition,FishRecognition.find_template,qualname,168
workers.fishing.fish_recognition,FishRecognition.recognize_fish,qualname,169
workers.fishing.fish_recognition,FishRecognition.recognize_once,qualname,170
workers.fishing.fish_recognition,FishRecognition.run,qualname,171
workers.fishing.fish_recognition,main,function_or_attr,172
workers.fishing.fish_recognition,hwnds,function_or_attr,180
workers.fishing.fish_recognition,pid,function_or_attr,182
workers.fishing.fish_recognition,process,function_or_attr,183
workers.fishing.fish_recognition,left,function_or_attr,186
workers.fishing.fish_recognition,top,function_or_attr,187
workers.fishing.fish_recognition,right,function_or_attr,188
workers.fishing.fish_recognition,bottom,function_or_attr,189
workers.fishing.fish_recognition,bmpinfo,function_or_attr,196
workers.fishing.fish_recognition,bmpstr,function_or_attr,197
workers.fishing.fish_recognition,img,function_or_attr,198
workers.fishing.fish_recognition,search_area,function_or_attr,204
workers.fishing.fish_recognition,result,function_or_attr,205
workers.fishing.fish_recognition,min_val,function_or_attr,206
workers.fishing.fish_recognition,max_val,function_or_attr,207
workers.fishing.fish_recognition,min_loc,function_or_attr,208
workers.fishing.fish_recognition,max_loc,function_or_attr,209
workers.fishing.fish_recognition,center_x,function_or_attr,212
workers.fishing.fish_recognition,center_y,function_or_attr,213
workers.fishing.fish_recognition,title,function_or_attr,218
workers.fishing.fish_recognition,template_path,function_or_attr,228
workers.fishing.fish_recognition,file_path,function_or_attr,230
workers.fishing.fish_recognition,recognizer,function_or_attr,232
workers.fishing.fish_recognition,fish_template,function_or_attr,237
workers.fishing.fish_recognition,found,function_or_attr,238
workers.fishing.fish_recognition,confidence,function_or_attr,241
workers.fishing.fish_recognition,fish_name,function_or_attr,244
workers.fishing.fishing_bot,ConfigManager,class_or_import,0
workers.fishing.fishing_bot,config,function_or_attr,1
workers.fishing.fishing_bot,load_fishing_settings,function_or_attr,2
workers.fishing.fishing_bot,settings,function_or_attr,3
workers.fishing.fishing_bot,running,function_or_attr,4
workers.fishing.fishing_bot,BotPhase,class_or_import,5
workers.fishing.fishing_bot,WAITING_START,class_or_import,6
workers.fishing.fishing_bot,phase,function_or_attr,7
workers.fishing.fishing_bot,threading,function_or_attr,8
workers.fishing.fishing_bot,Event,class_or_import,9
workers.fishing.fishing_bot,_stop_event,function_or_attr,10
workers.fishing.fishing_bot,_safe_mode,function_or_attr,11
workers.fishing.fishing_bot,_pending_meal,function_or_attr,12
workers.fishing.fishing_bot,_pending_backpack,function_or_attr,13
workers.fishing.fishing_bot,_pending_bait_change,function_or_attr,14
workers.fishing.fishing_bot,_pending_trunk,function_or_attr,15
workers.fishing.fishing_bot,_pending_exit_fishing,function_or_attr,16
workers.fishing.fishing_bot,_processing_fish,function_or_attr,17
workers.fishing.fishing_bot,_active_triggers,function_or_attr,18
workers.fishing.fishing_bot,_current_module_trigger,function_or_attr,19
workers.fishing.fishing_bot,_module_thread,function_or_attr,20
workers.fishing.fishing_bot,_module_stop_event,function_or_attr,21
workers.fishing.fishing_bot,_trigger_last_seen,function_or_attr,22
workers.fishing.fishing_bot,_trigger_hold_time,function_or_attr,23
workers.fishing.fishing_bot,_prev_hunger,function_or_attr,24
workers.fishing.fishing_bot,_prev_thirst,function_or_attr,25
workers.fishing.fishing_bot,_prev_advantage,function_or_attr,26
workers.fishing.fishing_bot,_prev_pereves,function_or_attr,27
workers.fishing.fishing_bot,_prev_changed_bait,function_or_attr,28
workers.fishing.fishing_bot,_prev_gear,function_or_attr,29
workers.fishing.fishing_bot,_pereves_count,function_or_attr,30
workers.fishing.fishing_bot,_fish_count,function_or_attr,31
workers.fishing.fishing_bot,_iteration_counter,function_or_attr,32
workers.fishing.fishing_bot,_anti_crack_check_interval,function_or_attr,33
workers.fishing.fishing_bot,_startup_grace_until,function_or_attr,34
workers.fishing.fishing_bot,WindowCapture,class_or_import,35
workers.fishing.fishing_bot,gta5.exe,qualname,36
workers.fishing.fishing_bot,capture,function_or_attr,37
workers.fishing.fishing_bot,fullhd,function_or_attr,38
workers.fishing.fishing_bot,resolution_type,function_or_attr,39
workers.fishing.fishing_bot,Lock,class_or_import,40
workers.fishing.fishing_bot,_triggers_lock,function_or_attr,41
workers.fishing.fishing_bot,_last_triggers,function_or_attr,42
workers.fishing.fishing_bot,_log_callback,function_or_attr,43
workers.fishing.fishing_bot,_monitor_thread,function_or_attr,44
workers.fishing.fishing_bot,_brain_thread,function_or_attr,45
workers.fishing.fishing_bot,_fish_names_ru,function_or_attr,46
workers.fishing.fishing_bot,_load_fish_names,function_or_attr,47
workers.fishing.fishing_bot,MemoryFishReader,class_or_import,48
workers.fishing.fishing_bot,_mem_reader,function_or_attr,49
workers.fishing.fishing_bot,_reeling_fish_disappeared,function_or_attr,50
workers.fishing.fishing_bot,_trigger_switch_delay_sec,function_or_attr,51
workers.fishing.fishing_bot,_pending_priority_trigger,function_or_attr,52
workers.fishing.fishing_bot,_pending_priority_since,function_or_attr,53
workers.fishing.fishing_bot,_start_e_cooldown_sec,function_or_attr,54
workers.fishing.fishing_bot,_last_start_e_press_ts,function_or_attr,55
workers.fishing.fishing_bot,_waiting_start_progress,function_or_attr,56
workers.fishing.fishing_bot,_log,function_or_attr,57
workers.fishing.fishing_bot,garbage_settings,function_or_attr,61
workers.fishing.fishing_bot,auto_meal,function_or_attr,63
workers.fishing.fishing_bot,store_in_trunk,function_or_attr,65
workers.fishing.fishing_bot,bag,function_or_attr,67
workers.fishing.fishing_bot,corn,function_or_attr,69
workers.fishing.fishing_bot,pack,function_or_attr,71
workers.fishing.fishing_bot,find_window_by_process,function_or_attr,72
workers.fishing.fishing_bot,workers.fishing.window_activator,qualname,74
workers.fishing.fishing_bot,WindowActivator,class_or_import,75
workers.fishing.fishing_bot,activate_window,function_or_attr,78
workers.fishing.fishing_bot,hwnd,function_or_attr,79
workers.fishing.fishing_bot,max_attempts,function_or_attr,80
workers.fishing.fishing_bot,get_window_size,function_or_attr,84
workers.fishing.fishing_bot,detect_resolution_simple,function_or_attr,85
workers.fishing.fishing_bot,_sleep,function_or_attr,91
workers.fishing.fishing_bot,press_key,function_or_attr,92
workers.fishing.fishing_bot,Thread,class_or_import,95
workers.fishing.fishing_bot,_monitor_loop,function_or_attr,96
workers.fishing.fishing_bot,target,function_or_attr,97
workers.fishing.fishing_bot,daemon,function_or_attr,98
workers.fishing.fishing_bot,_brain_loop,function_or_attr,99
workers.fishing.fishing_bot,is_alive,function_or_attr,105
workers.fishing.fishing_bot,timeout,function_or_attr,107
workers.fishing.fishing_bot,release_all_keys,function_or_attr,109
workers.fishing.fishing_bot,IDLE,class_or_import,110
workers.fishing.fishing_bot,get_templates_dir,function_or_attr,113
workers.fishing.fishing_bot,triger,function_or_attr,114
workers.fishing.fishing_bot,TriggerMonitor,class_or_import,115
workers.fishing.fishing_bot,self,function_or_attr,116
workers.fishing.fishing_bot,is_set,function_or_attr,117
workers.fishing.fishing_bot,monitor,function_or_attr,119
workers.fishing.fishing_bot,monitor_all_regions,function_or_attr,120
workers.fishing.fishing_bot,_get_triggers,function_or_attr,123
workers.fishing.fishing_bot,fishing_stages,function_or_attr,124
workers.fishing.fishing_bot,start1,function_or_attr,125
workers.fishing.fishing_bot,start2,function_or_attr,126
workers.fishing.fishing_bot,ad_buttons,function_or_attr,127
workers.fishing.fishing_bot,boat_human,function_or_attr,130
workers.fishing.fishing_bot,human,function_or_attr,131
workers.fishing.fishing_bot,boat,function_or_attr,132
workers.fishing.fishing_bot,REELING,class_or_import,135
workers.fishing.fishing_bot,_run_reeling_module,function_or_attr,136
workers.fishing.fishing_bot,HOOKING,class_or_import,138
workers.fishing.fishing_bot,_run_hooking_module,function_or_attr,139
workers.fishing.fishing_bot,CASTING,class_or_import,141
workers.fishing.fishing_bot,_run_casting_module,function_or_attr,142
workers.fishing.fishing_bot,frozen,function_or_attr,143
workers.fishing.fishing_bot,AntiCrack,class_or_import,144
workers.fishing.fishing_bot,check_all_fast,function_or_attr,145
workers.fishing.fishing_bot,logger,function_or_attr,146
workers.fishing.fishing_bot,critical,function_or_attr,147
workers.fishing.fishing_bot,FISH_CATCH,class_or_import,151
workers.fishing.fishing_bot,_do_fish_catch,function_or_attr,152
workers.fishing.fishing_bot,_handle_pending_tasks,function_or_attr,153
workers.fishing.fishing_bot,_do_store_trunk,function_or_attr,154
workers.fishing.fishing_bot,RECOVERING,class_or_import,156
workers.fishing.fishing_bot,_try_recover,function_or_attr,157
workers.fishing.fishing_bot,needs,function_or_attr,161
workers.fishing.fishing_bot,hunger,function_or_attr,162
workers.fishing.fishing_bot,thirst,function_or_attr,163
workers.fishing.fishing_bot,events,function_or_attr,166
workers.fishing.fishing_bot,advantage,function_or_attr,167
workers.fishing.fishing_bot,pereves,function_or_attr,168
workers.fishing.fishing_bot,store_in_backpack,function_or_attr,169
workers.fishing.fishing_bot,STORE_BACKPACK,class_or_import,173
workers.fishing.fishing_bot,escape,function_or_attr,178
workers.fishing.fishing_bot,get_notification_manager,function_or_attr,181
workers.fishing.fishing_bot,shutdown_on_overweight,function_or_attr,182
workers.fishing.fishing_bot,notify_inventory_full,function_or_attr,183
workers.fishing.fishing_bot,shutdown_pending,function_or_attr,184
workers.fishing.fishing_bot,system,function_or_attr,186
workers.fishing.fishing_bot,changed_bait,function_or_attr,188
workers.fishing.fishing_bot,auto_change_bait,function_or_attr,189
workers.fishing.fishing_bot,gear,function_or_attr,191
workers.fishing.fishing_bot,notify_tackle_ended,function_or_attr,193
workers.fishing.fishing_bot,add,function_or_attr,194
workers.fishing.fishing_bot,priority_trigger,function_or_attr,209
workers.fishing.fishing_bot,current_triggers,function_or_attr,223
workers.fishing.fishing_bot,FishingBot._brain_loop.<locals>.<genexpr>,local_qualname,225
workers.fishing.fishing_bot,CAST_ROI_2K,class_or_import,228
workers.fishing.fishing_bot,CAST_ROI_FHD,class_or_import,229
workers.fishing.fishing_bot,GreenPixelMonitor,class_or_import,230
workers.fishing.fishing_bot,_is_trigger_active,function_or_attr,232
workers.fishing.fishing_bot,check_and_act,function_or_attr,233
workers.fishing.fishing_bot,iterations,function_or_attr,234
workers.fishing.fishing_bot,detect_resolution_hooking,function_or_attr,240
workers.fishing.fishing_bot,TemplateMonitor,class_or_import,244
workers.fishing.fishing_bot,MemoryReelingTracker,class_or_import,251
workers.fishing.fishing_bot,tracker,function_or_attr,253
workers.fishing.fishing_bot,step,function_or_attr,254
workers.fishing.fishing_bot,disappeared,function_or_attr,255
workers.fishing.fishing_bot,peak_green_pixels,function_or_attr,260
workers.fishing.fishing_bot,HOOK_ROI1_2K,class_or_import,264
workers.fishing.fishing_bot,HOOK_ROI2_2K,class_or_import,265
workers.fishing.fishing_bot,HOOK_ROI1_FHD,class_or_import,267
workers.fishing.fishing_bot,HOOK_ROI2_FHD,class_or_import,268
workers.fishing.fishing_bot,get_fish_to_keep,function_or_attr,271
workers.fishing.fishing_bot,get_fish_to_release,function_or_attr,272
workers.fishing.fishing_bot,TAKE_COORDS,class_or_import,273
workers.fishing.fishing_bot,RELEASE_COORDS,class_or_import,274
workers.fishing.fishing_bot,wait_catch,function_or_attr,275
workers.fishing.fishing_bot,_capture_screenshot_bytes,function_or_attr,279
workers.fishing.fishing_bot,notify_caught_fish,function_or_attr,280
workers.fishing.fishing_bot,click_at,function_or_attr,285
workers.fishing.fishing_bot,_do_exit_fishing_on_pereves,function_or_attr,290
workers.fishing.fishing_bot,_do_combined_inventory_tasks,function_or_attr,291
workers.fishing.fishing_bot,do_meal,function_or_attr,292
workers.fishing.fishing_bot,do_backpack,function_or_attr,293
workers.fishing.fishing_bot,_do_change_bait,function_or_attr,294
workers.fishing.fishing_bot,_exit_fishing,function_or_attr,297
workers.fishing.fishing_bot,_open_inventory,function_or_attr,298
workers.fishing.fishing_bot,MEAL,class_or_import,299
workers.fishing.fishing_bot,_do_meal_actions,function_or_attr,301
workers.fishing.fishing_bot,_do_backpack_actions,function_or_attr,303
workers.fishing.fishing_bot,_do_garbage,function_or_attr,306
workers.fishing.fishing_bot,_return_to_fishing,function_or_attr,307
workers.fishing.fishing_bot,FishingBot._do_combined_inventory_tasks.<locals>.<genexpr>,local_qualname,309
workers.fishing.fishing_bot,MealSystem,class_or_import,310
workers.fishing.fishing_bot,FULLHD,class_or_import,311
workers.fishing.fishing_bot,resolution,function_or_attr,312
workers.fishing.fishing_bot,workers.fishing.meal_system,qualname,313
workers.fishing.fishing_bot,INVENTORY_ROI_2K,class_or_import,314
workers.fishing.fishing_bot,FOOD_CHECK_ROI_2K,class_or_import,315
workers.fishing.fishing_bot,THIRST_CHECK_ROI_2K,class_or_import,316
workers.fishing.fishing_bot,inventory_roi,function_or_attr,320
workers.fishing.fishing_bot,food_check_roi,function_or_attr,321
workers.fishing.fishing_bot,thirst_check_roi,function_or_attr,322
workers.fishing.fishing_bot,template_suffix,function_or_attr,323
workers.fishing.fishing_bot,INVENTORY_ROI_FULLHD,class_or_import,324
workers.fishing.fishing_bot,FOOD_CHECK_ROI_FULLHD,class_or_import,325
workers.fishing.fishing_bot,THIRST_CHECK_ROI_FULLHD,class_or_import,326
workers.fishing.fishing_bot,get_fishing_resources,function_or_attr,330
workers.fishing.fishing_bot,meal,function_or_attr,331
workers.fishing.fishing_bot,resources_path,function_or_attr,332
workers.fishing.fishing_bot,load_templates,function_or_attr,333
workers.fishing.fishing_bot,consume_irp,function_or_attr,335
workers.fishing.fishing_bot,consume_donuts_until_full,function_or_attr,336
workers.fishing.fishing_bot,consume_cocktails_until_full,function_or_attr,337
workers.fishing.fishing_bot,notify_meal_eaten,function_or_attr,339
workers.fishing.fishing_bot,notify_meal_ended,function_or_attr,340
workers.fishing.fishing_bot,FishStorer,class_or_import,342
workers.fishing.fishing_bot,workers.fishing.store_fish,qualname,343
workers.fishing.fishing_bot,ROI_2K,class_or_import,344
workers.fishing.fishing_bot,roi,function_or_attr,346
workers.fishing.fishing_bot,fish_inv_2k,function_or_attr,347
workers.fishing.fishing_bot,template_folder,function_or_attr,348
workers.fishing.fishing_bot,ROI_FULLHD,class_or_import,349
workers.fishing.fishing_bot,fish_inv_hd,function_or_attr,351
workers.fishing.fishing_bot,find_all_fish,function_or_attr,353
workers.fishing.fishing_bot,storer,function_or_attr,354
workers.fishing.fishing_bot,store_fish_by_position,function_or_attr,355
workers.fishing.fishing_bot,fish_stored_count,function_or_attr,356
workers.fishing.fishing_bot,notify_backpack_full,function_or_attr,358
workers.fishing.fishing_bot,notify_backpack_stored,function_or_attr,359
workers.fishing.fishing_bot,FishingBot._do_meal_routine.<locals>.<genexpr>,local_qualname,363
workers.fishing.fishing_bot,FishingBot._do_store_backpack_routine.<locals>.<genexpr>,local_qualname,367
workers.fishing.fishing_bot,GarbageDisposal,class_or_import,368
workers.fishing.fishing_bot,discard_key,function_or_attr,369
workers.fishing.fishing_bot,workers.fishing.garbage_disposal,qualname,374
workers.fishing.fishing_bot,garbage,function_or_attr,377
workers.fishing.fishing_bot,find_all_garbage,function_or_attr,379
workers.fishing.fishing_bot,disposal,function_or_attr,381
workers.fishing.fishing_bot,dispose_garbage_by_position,function_or_attr,382
workers.fishing.fishing_bot,CHANGE_BAIT,class_or_import,385
workers.fishing.fishing_bot,_wait_for_start_phase,function_or_attr,387
workers.fishing.fishing_bot,notify_bait_changed,function_or_attr,389
workers.fishing.fishing_bot,STORE_TRUNK,class_or_import,391
workers.fishing.fishing_bot,change_boat2k.png,qualname,394
workers.fishing.fishing_bot,change_boat.png,qualname,395
workers.fishing.fishing_bot,cv2,function_or_attr,396
workers.fishing.fishing_bot,workers.fishing.trigger_monitor,qualname,397
workers.fishing.fishing_bot,ROI_BOAT_HUMAN_FULLHD,class_or_import,398
workers.fishing.fishing_bot,ROI_BOAT_HUMAN_2K,class_or_import,399
workers.fishing.fishing_bot,imread,function_or_attr,402
workers.fishing.fishing_bot,TM_CCOEFF_NORMED,class_or_import,404
workers.fishing.fishing_bot,shape,function_or_attr,406
workers.fishing.fishing_bot,key_down,function_or_attr,424
workers.fishing.fishing_bot,key_up,function_or_attr,426
workers.fishing.fishing_bot,notify_fishing_restored,function_or_attr,428
workers.fishing.fishing_bot,notify_fishing_failed,function_or_attr,429
workers.fishing.fishing_bot,get_resources_dir,function_or_attr,432
workers.fishing.fishing_bot,tools,function_or_attr,433
workers.fishing.fishing_bot,fish_names231.txt,qualname,434
workers.fishing.fishing_bot,strip,function_or_attr,436
workers.fishing.fishing_bot,replace,function_or_attr,439
workers.fishing.fishing_bot,strftime,function_or_attr,447
workers.fishing.fishing_bot,info,function_or_attr,451
workers.fishing.fishing_bot,PIL,class_or_import,453
workers.fishing.fishing_bot,Image,class_or_import,454
workers.fishing.fishing_bot,COLOR_BGR2RGB,class_or_import,457
workers.fishing.fishing_bot,fromarray,function_or_attr,458
workers.fishing.fishing_bot,BytesIO,class_or_import,459
workers.fishing.fishing_bot,save,function_or_attr,460
workers.fishing.fishing_bot,PNG,class_or_import,462
workers.fishing.fishing_bot,seek,function_or_attr,463
workers.fishing.fishing_bot,origin,function_or_attr,467
workers.fishing.fishing_bot,has_location,function_or_attr,468
workers.fishing.fishing_bot,sys,function_or_attr,469
workers.fishing.fishing_bot,logging,function_or_attr,470
workers.fishing.fishing_bot,enum,function_or_attr,471
workers.fishing.fishing_bot,Enum,class_or_import,472
workers.fishing.fishing_bot,auto,function_or_attr,473
workers.fishing.fishing_bot,pathlib,function_or_attr,476
workers.fishing.fishing_bot,Path,class_or_import,477
workers.fishing.fishing_bot,pydirectinput,function_or_attr,480
workers.fishing.fishing_bot,workers.fishing.window_capture,qualname,481
workers.fishing.fishing_bot,CONFIDENCE_THRESHOLD,class_or_import,484
workers.fishing.fishing_bot,detect_resolution,function_or_attr,486
workers.fishing.fishing_bot,workers.fishing.casting_a_fishing_rod,qualname,488
workers.fishing.fishing_bot,workers.fishing.hooking,qualname,492
workers.fishing.fishing_bot,ROI1_FULLHD,class_or_import,494
workers.fishing.fishing_bot,ROI1_2K,class_or_import,495
workers.fishing.fishing_bot,ROI2_FULLHD,class_or_import,496
workers.fishing.fishing_bot,ROI2_2K,class_or_import,497
workers.fishing.fishing_bot,workers.fishing.fish_recognition,qualname,503
workers.fishing.fishing_bot,FishRecognition,class_or_import,504
workers.fishing.fishing_bot,workers.fishing.memory_fish_reader,qualname,506
workers.fishing.fishing_bot,workers.fishing.memory_reeling,qualname,508
workers.fishing.fishing_bot,workers.fishing.path_utils,qualname,512
workers.fishing.fishing_bot,config_manager,function_or_attr,517
workers.fishing.fishing_bot,telegram.notification_manager,qualname,519
workers.fishing.fishing_bot,anti_crack_advanced,function_or_attr,521
workers.fishing.fishing_bot,PAUSE,class_or_import,523
workers.fishing.fishing_bot,FAILSAFE,class_or_import,524
workers.fishing.fishing_bot,FishingBot,class_or_import,526
workers.fishing.fishing_bot,__prepare__,function_or_attr,531
workers.fishing.fishing_bot,__getitem__,function_or_attr,532
workers.fishing.fishing_bot,workers.fishing.fishing_bot,qualname,535
workers.fishing.fishing_bot,__qualname__,function_or_attr,537
workers.fishing.fishing_bot,GARBAGE,class_or_import,538
workers.fishing.fishing_bot,__orig_bases__,function_or_attr,539
workers.fishing.fishing_bot,FishingBot.__init__,qualname,542
workers.fishing.fishing_bot,reload_settings,function_or_attr,543
workers.fishing.fishing_bot,FishingBot.reload_settings,qualname,544
workers.fishing.fishing_bot,FishingBot.start,qualname,545
workers.fishing.fishing_bot,FishingBot.stop,qualname,546
workers.fishing.fishing_bot,FishingBot._monitor_loop,qualname,547
workers.fishing.fishing_bot,return,function_or_attr,548
workers.fishing.fishing_bot,FishingBot._get_triggers,qualname,549
workers.fishing.fishing_bot,trigger_name,function_or_attr,550
workers.fishing.fishing_bot,FishingBot._is_trigger_active,qualname,552
workers.fishing.fishing_bot,FishingBot._brain_loop,qualname,553
workers.fishing.fishing_bot,FishingBot._run_casting_module,qualname,554
workers.fishing.fishing_bot,FishingBot._run_hooking_module,qualname,555
workers.fishing.fishing_bot,FishingBot._run_reeling_module,qualname,556
workers.fishing.fishing_bot,_do_casting,function_or_attr,557
workers.fishing.fishing_bot,FishingBot._do_casting,qualname,558
workers.fishing.fishing_bot,_do_hooking,function_or_attr,559
workers.fishing.fishing_bot,FishingBot._do_hooking,qualname,560
workers.fishing.fishing_bot,FishingBot._do_fish_catch,qualname,561
workers.fishing.fishing_bot,FishingBot._handle_pending_tasks,qualname,562
workers.fishing.fishing_bot,FishingBot._do_combined_inventory_tasks,qualname,565
workers.fishing.fishing_bot,FishingBot._do_meal_actions,qualname,566
workers.fishing.fishing_bot,FishingBot._do_backpack_actions,qualname,567
workers.fishing.fishing_bot,_do_meal_routine,function_or_attr,568
workers.fishing.fishing_bot,FishingBot._do_meal_routine,qualname,569
workers.fishing.fishing_bot,_do_store_backpack_routine,function_or_attr,570
workers.fishing.fishing_bot,FishingBot._do_store_backpack_routine,qualname,571
workers.fishing.fishing_bot,FishingBot._do_garbage,qualname,572
workers.fishing.fishing_bot,FishingBot._do_change_bait,qualname,573
workers.fishing.fishing_bot,FishingBot._do_store_trunk,qualname,574
workers.fishing.fishing_bot,FishingBot._do_exit_fishing_on_pereves,qualname,575
workers.fishing.fishing_bot,FishingBot._wait_for_start_phase,qualname,576
workers.fishing.fishing_bot,FishingBot._exit_fishing,qualname,577
workers.fishing.fishing_bot,FishingBot._open_inventory,qualname,578
workers.fishing.fishing_bot,FishingBot._return_to_fishing,qualname,579
workers.fishing.fishing_bot,FishingBot._try_recover,qualname,581
workers.fishing.fishing_bot,seconds,function_or_attr,582
workers.fishing.fishing_bot,FishingBot._sleep,qualname,583
workers.fishing.fishing_bot,FishingBot._load_fish_names,qualname,584
workers.fishing.fishing_bot,fish_name_eng,function_or_attr,585
workers.fishing.fishing_bot,_get_fish_name_ru,function_or_attr,587
workers.fishing.fishing_bot,FishingBot._get_fish_name_ru,qualname,588
workers.fishing.fishing_bot,msg,function_or_attr,589
workers.fishing.fishing_bot,FishingBot._log,qualname,590
workers.fishing.fishing_bot,FishingBot._capture_screenshot_bytes,qualname,592
workers.fishing.fishing_bot,log_callback,function_or_attr,602
workers.fishing.fishing_bot,triggers,function_or_attr,604
workers.fishing.fishing_bot,is_compiled,function_or_attr,608
workers.fishing.fishing_bot,failed,function_or_attr,609
workers.fishing.fishing_bot,has_boat,function_or_attr,610
workers.fishing.fishing_bot,has_human,function_or_attr,611
workers.fishing.fishing_bot,current_hunger,function_or_attr,613
workers.fishing.fishing_bot,current_thirst,function_or_attr,614
workers.fishing.fishing_bot,current_advantage,function_or_attr,616
workers.fishing.fishing_bot,current_pereves,function_or_attr,617
workers.fishing.fishing_bot,notif_mgr,function_or_attr,619
workers.fishing.fishing_bot,_time,function_or_attr,621
workers.fishing.fishing_bot,current_changed_bait,function_or_attr,623
workers.fishing.fishing_bot,current_gear,function_or_attr,624
workers.fishing.fishing_bot,now,function_or_attr,627
workers.fishing.fishing_bot,wait_elapsed,function_or_attr,628
workers.fishing.fishing_bot,prev_trigger,function_or_attr,629
workers.fishing.fishing_bot,elapsed,function_or_attr,630
workers.fishing.fishing_bot,finished_trigger,function_or_attr,631
workers.fishing.fishing_bot,frame,function_or_attr,634
workers.fishing.fishing_bot,frame_rgb,function_or_attr,635
workers.fishing.fishing_bot,img,function_or_attr,636
workers.fishing.fishing_bot,buf,function_or_attr,637
workers.fishing.fishing_bot,STORE_ROI_2K,class_or_import,641
workers.fishing.fishing_bot,STORE_ROI_FHD,class_or_import,642
workers.fishing.fishing_bot,backpack_full,function_or_attr,644
workers.fishing.fishing_bot,screenshot,function_or_attr,645
workers.fishing.fishing_bot,fish_positions,function_or_attr,646
workers.fishing.fishing_bot,total_fish_count,function_or_attr,647
workers.fishing.fishing_bot,fish_info,function_or_attr,649
workers.fishing.fishing_bot,success,function_or_attr,650
workers.fishing.fishing_bot,green_count,function_or_attr,657
workers.fishing.fishing_bot,pressed,function_or_attr,659
workers.fishing.fishing_bot,has_garbage_to_eject,function_or_attr,666
workers.fishing.fishing_bot,fish_to_keep,function_or_attr,669
workers.fishing.fishing_bot,fish_to_release,function_or_attr,670
workers.fishing.fishing_bot,all_release,function_or_attr,671
workers.fishing.fishing_bot,take_coord,function_or_attr,672
workers.fishing.fishing_bot,release_coord,function_or_attr,673
workers.fishing.fishing_bot,catch,function_or_attr,674
workers.fishing.fishing_bot,eng_key,function_or_attr,675
workers.fishing.fishing_bot,ru_name,function_or_attr,676
workers.fishing.fishing_bot,weight,function_or_attr,677
workers.fishing.fishing_bot,screenshot_bytes,function_or_attr,678
workers.fishing.fishing_bot,GARB_ROI_2K,class_or_import,682
workers.fishing.fishing_bot,GARB_ROI_FHD,class_or_import,683
workers.fishing.fishing_bot,garbage_list,function_or_attr,685
workers.fishing.fishing_bot,roi1,function_or_attr,689
workers.fishing.fishing_bot,roi2,function_or_attr,690
workers.fishing.fishing_bot,resolution_str,function_or_attr,691
workers.fishing.fishing_bot,red_count,function_or_attr,695
workers.fishing.fishing_bot,color_diff,function_or_attr,696
workers.fishing.fishing_bot,red_detected,function_or_attr,697
workers.fishing.fishing_bot,change_detected,function_or_attr,698
workers.fishing.fishing_bot,trigger_reason,function_or_attr,700
workers.fishing.fishing_bot,fps,function_or_attr,701
workers.fishing.fishing_bot,paused,function_or_attr,702
workers.fishing.fishing_bot,food_found,function_or_attr,711
workers.fishing.fishing_bot,donuts_ok,function_or_attr,712
workers.fishing.fishing_bot,cocktails_ok,function_or_attr,713
workers.fishing.fishing_bot,triger_dir,function_or_attr,748
workers.fishing.fishing_bot,change_boat_file,function_or_attr,749
workers.fishing.fishing_bot,change_template,function_or_attr,756
workers.fishing.fishing_bot,result,function_or_attr,758
workers.fishing.fishing_bot,max_val,function_or_attr,760
workers.fishing.fishing_bot,max_loc,function_or_attr,761
workers.fishing.fishing_bot,click_x,function_or_attr,764
workers.fishing.fishing_bot,click_y,function_or_attr,765
workers.fishing.fishing_bot,has_meal,function_or_attr,769
workers.fishing.fishing_bot,has_backpack,function_or_attr,770
workers.fishing.fishing_bot,is_detected,function_or_attr,775
workers.fishing.fishing_bot,last_seen,function_or_attr,776
workers.fishing.fishing_bot,time_since_last,function_or_attr,777
workers.fishing.fishing_bot,is_active,function_or_attr,778
workers.fishing.fishing_bot,fish_names_file,function_or_attr,780
workers.fishing.fishing_bot,line,function_or_attr,782
workers.fishing.fishing_bot,eng_name_with_png,function_or_attr,783
workers.fishing.fishing_bot,eng_name,function_or_attr,785
workers.fishing.fishing_bot,full_msg,function_or_attr,790
workers.fishing.fishing_bot,detections,function_or_attr,795
workers.fishing.fishing_bot,res_suffix,function_or_attr,809
workers.fishing.fishing_bot,red_conf,function_or_attr,813
workers.fishing.fishing_bot,bubles_conf,function_or_attr,814
workers.fishing.fishing_bot,red_det,function_or_attr,815
workers.fishing.fishing_bot,bubles_det,function_or_attr,816
workers.fishing.fishing_bot,reason,function_or_attr,818
workers.fishing.fishing_bot,state,function_or_attr,825
workers.fishing.fishing_bot,end,function_or_attr,828
workers.fishing.fishing_bot,attempt,function_or_attr,831
workers.fishing.fishing_bot,deadline,function_or_attr,832
workers.fishing.fishing_bot,stages,function_or_attr,835
workers.fishing.fishing_bot,max_retries,function_or_attr,839
workers.fishing.garbage_disposal,process_name,function_or_attr,0
workers.fishing.garbage_disposal,hwnd,function_or_attr,1
workers.fishing.garbage_disposal,callback,function_or_attr,2
workers.fishing.garbage_disposal,WindowCapture.find_window_by_process.<locals>.callback,local_qualname,3
workers.fishing.garbage_disposal,win32gui,function_or_attr,4
workers.fishing.garbage_disposal,EnumWindows,class_or_import,5
workers.fishing.garbage_disposal,self,function_or_attr,6
workers.fishing.garbage_disposal,IsWindowVisible,class_or_import,8
workers.fishing.garbage_disposal,win32process,function_or_attr,9
workers.fishing.garbage_disposal,GetWindowThreadProcessId,class_or_import,10
workers.fishing.garbage_disposal,psutil,function_or_attr,11
workers.fishing.garbage_disposal,Process,class_or_import,12
workers.fishing.garbage_disposal,GetWindowText,class_or_import,14
workers.fishing.garbage_disposal,IsWindow,class_or_import,15
workers.fishing.garbage_disposal,GetClientRect,class_or_import,16
workers.fishing.garbage_disposal,GetWindowDC,class_or_import,18
workers.fishing.garbage_disposal,win32ui,function_or_attr,19
workers.fishing.garbage_disposal,CreateDCFromHandle,class_or_import,20
workers.fishing.garbage_disposal,CreateCompatibleDC,class_or_import,21
workers.fishing.garbage_disposal,CreateBitmap,class_or_import,22
workers.fishing.garbage_disposal,CreateCompatibleBitmap,class_or_import,23
workers.fishing.garbage_disposal,SelectObject,class_or_import,24
workers.fishing.garbage_disposal,BitBlt,class_or_import,25
workers.fishing.garbage_disposal,win32con,function_or_attr,26
workers.fishing.garbage_disposal,SRCCOPY,class_or_import,27
workers.fishing.garbage_disposal,GetInfo,class_or_import,28
workers.fishing.garbage_disposal,GetBitmapBits,class_or_import,29
workers.fishing.garbage_disposal,frombuffer,function_or_attr,31
workers.fishing.garbage_disposal,uint8,function_or_attr,32
workers.fishing.garbage_disposal,dtype,function_or_attr,33
workers.fishing.garbage_disposal,shape,function_or_attr,36
workers.fishing.garbage_disposal,cv2,function_or_attr,37
workers.fishing.garbage_disposal,COLOR_BGRA2BGR,class_or_import,39
workers.fishing.garbage_disposal,DeleteObject,class_or_import,40
workers.fishing.garbage_disposal,GetHandle,class_or_import,41
workers.fishing.garbage_disposal,DeleteDC,class_or_import,42
workers.fishing.garbage_disposal,ReleaseDC,class_or_import,43
workers.fishing.garbage_disposal,GetWindowRect,class_or_import,46
workers.fishing.garbage_disposal,pydirectinput,function_or_attr,47
workers.fishing.garbage_disposal,right,function_or_attr,51
workers.fishing.garbage_disposal,WindowCapture,class_or_import,56
workers.fishing.garbage_disposal,gta5.exe,qualname,57
workers.fishing.garbage_disposal,capture,function_or_attr,58
workers.fishing.garbage_disposal,resolution,function_or_attr,59
workers.fishing.garbage_disposal,inventory_roi,function_or_attr,60
workers.fishing.garbage_disposal,templates,function_or_attr,61
workers.fishing.garbage_disposal,get_fishing_resources,function_or_attr,62
workers.fishing.garbage_disposal,garbage,function_or_attr,63
workers.fishing.garbage_disposal,resources_path,function_or_attr,64
workers.fishing.garbage_disposal,bag,function_or_attr,65
workers.fishing.garbage_disposal,corn,function_or_attr,66
workers.fishing.garbage_disposal,pack,function_or_attr,67
workers.fishing.garbage_disposal,garbage_settings,function_or_attr,68
workers.fishing.garbage_disposal,discard_key,function_or_attr,70
workers.fishing.garbage_disposal,garbage_names,function_or_attr,77
workers.fishing.garbage_disposal,find_window_by_process,function_or_attr,79
workers.fishing.garbage_disposal,get_window_size,function_or_attr,81
workers.fishing.garbage_disposal,FULLHD,class_or_import,84
workers.fishing.garbage_disposal,INVENTORY_ROI_FULLHD,class_or_import,85
workers.fishing.garbage_disposal,template_suffix,function_or_attr,86
workers.fishing.garbage_disposal,INVENTORY_ROI_2K,class_or_import,89
workers.fishing.garbage_disposal,load_templates,function_or_attr,94
workers.fishing.garbage_disposal,corn.png,qualname,101
workers.fishing.garbage_disposal,bag.png,qualname,102
workers.fishing.garbage_disposal,pack.png,qualname,103
workers.fishing.garbage_disposal,corn2k.png,qualname,107
workers.fishing.garbage_disposal,bag2k.png,qualname,108
workers.fishing.garbage_disposal,pack2k.png,qualname,109
workers.fishing.garbage_disposal,imread,function_or_attr,112
workers.fishing.garbage_disposal,height,function_or_attr,117
workers.fishing.garbage_disposal,width,function_or_attr,118
workers.fishing.garbage_disposal,TM_CCOEFF_NORMED,class_or_import,120
workers.fishing.garbage_disposal,CONFIDENCE_THRESHOLD,class_or_import,122
workers.fishing.garbage_disposal,where,function_or_attr,124
workers.fishing.garbage_disposal,offset_x,function_or_attr,125
workers.fishing.garbage_disposal,offset_y,function_or_attr,127
workers.fishing.garbage_disposal,matches,function_or_attr,128
workers.fishing.garbage_disposal,remove_overlapping_matches,function_or_attr,129
workers.fishing.garbage_disposal,sorted,function_or_attr,131
workers.fishing.garbage_disposal,GarbageDisposal.remove_overlapping_matches.<locals>.<lambda>,local_qualname,133
workers.fishing.garbage_disposal,key,function_or_attr,134
workers.fishing.garbage_disposal,reverse,function_or_attr,135
workers.fishing.garbage_disposal,max,function_or_attr,136
workers.fishing.garbage_disposal,filtered,function_or_attr,137
workers.fishing.garbage_disposal,sqrt,function_or_attr,138
workers.fishing.garbage_disposal,garbage_types_to_search,function_or_attr,144
workers.fishing.garbage_disposal,find_all_template_matches,function_or_attr,146
workers.fishing.garbage_disposal,screenshot,function_or_attr,147
workers.fishing.garbage_disposal,confidence,function_or_attr,152
workers.fishing.garbage_disposal,number,function_or_attr,153
workers.fishing.garbage_disposal,found_garbage,function_or_attr,154
workers.fishing.garbage_disposal,click_at,function_or_attr,169
workers.fishing.garbage_disposal,press_key,function_or_attr,173
workers.fishing.garbage_disposal,press,function_or_attr,174
workers.fishing.garbage_disposal,initialize,function_or_attr,181
workers.fishing.garbage_disposal,find_all_garbage,function_or_attr,196
workers.fishing.garbage_disposal,end,function_or_attr,201
workers.fishing.garbage_disposal,dispose_garbage_by_position,function_or_attr,203
workers.fishing.garbage_disposal,disposed_count,function_or_attr,204
workers.fishing.garbage_disposal,GarbageDisposal,class_or_import,214
workers.fishing.garbage_disposal,run,function_or_attr,215
workers.fishing.garbage_disposal,origin,function_or_attr,218
workers.fishing.garbage_disposal,has_location,function_or_attr,219
workers.fishing.garbage_disposal,numpy,function_or_attr,220
workers.fishing.garbage_disposal,sys,function_or_attr,221
workers.fishing.garbage_disposal,pathlib,function_or_attr,223
workers.fishing.garbage_disposal,Path,class_or_import,224
workers.fishing.garbage_disposal,path_utils,function_or_attr,226
workers.fishing.garbage_disposal,DELAY_AFTER_RIGHT_CLICK,class_or_import,236
workers.fishing.garbage_disposal,DELAY_AFTER_KEY_PRESS,class_or_import,237
workers.fishing.garbage_disposal,workers.fishing.garbage_disposal,qualname,238
workers.fishing.garbage_disposal,__qualname__,function_or_attr,240
workers.fishing.garbage_disposal,WindowCapture.__init__,qualname,242
workers.fishing.garbage_disposal,return,function_or_attr,243
workers.fishing.garbage_disposal,WindowCapture.find_window_by_process,qualname,244
workers.fishing.garbage_disposal,WindowCapture.get_window_size,qualname,246
workers.fishing.garbage_disposal,ndarray,function_or_attr,248
workers.fishing.garbage_disposal,WindowCapture.capture,qualname,249
workers.fishing.garbage_disposal,left,function_or_attr,250
workers.fishing.garbage_disposal,button,function_or_attr,253
workers.fishing.garbage_disposal,WindowCapture.click_at,qualname,254
workers.fishing.garbage_disposal,GarbageDisposal.__init__,qualname,256
workers.fishing.garbage_disposal,GarbageDisposal.initialize,qualname,257
workers.fishing.garbage_disposal,GarbageDisposal.load_templates,qualname,258
workers.fishing.garbage_disposal,template,function_or_attr,259
workers.fishing.garbage_disposal,roi,function_or_attr,260
workers.fishing.garbage_disposal,find_template,function_or_attr,261
workers.fishing.garbage_disposal,GarbageDisposal.find_template,qualname,262
workers.fishing.garbage_disposal,GarbageDisposal.find_all_template_matches,qualname,263
workers.fishing.garbage_disposal,template_w,function_or_attr,265
workers.fishing.garbage_disposal,template_h,function_or_attr,266
workers.fishing.garbage_disposal,GarbageDisposal.remove_overlapping_matches,qualname,268
workers.fishing.garbage_disposal,GarbageDisposal.find_all_garbage,qualname,269
workers.fishing.garbage_disposal,garbage_info,function_or_attr,270
workers.fishing.garbage_disposal,GarbageDisposal.dispose_garbage_by_position,qualname,272
workers.fishing.garbage_disposal,GarbageDisposal.run,qualname,273
workers.fishing.garbage_disposal,main,function_or_attr,274
workers.fishing.garbage_disposal,hwnds,function_or_attr,283
workers.fishing.garbage_disposal,pid,function_or_attr,285
workers.fishing.garbage_disposal,process,function_or_attr,286
workers.fishing.garbage_disposal,top,function_or_attr,290
workers.fishing.garbage_disposal,bottom,function_or_attr,292
workers.fishing.garbage_disposal,bmpinfo,function_or_attr,299
workers.fishing.garbage_disposal,bmpstr,function_or_attr,300
workers.fishing.garbage_disposal,img,function_or_attr,301
workers.fishing.garbage_disposal,rect,function_or_attr,307
workers.fishing.garbage_disposal,client_rect,function_or_attr,308
workers.fishing.garbage_disposal,border_x,function_or_attr,309
workers.fishing.garbage_disposal,border_y,function_or_attr,310
workers.fishing.garbage_disposal,screen_x,function_or_attr,311
workers.fishing.garbage_disposal,screen_y,function_or_attr,312
workers.fishing.garbage_disposal,top_right_x,function_or_attr,313
workers.fishing.garbage_disposal,top_right_y,function_or_attr,314
workers.fishing.garbage_disposal,garbage_name,function_or_attr,318
workers.fishing.garbage_disposal,garbage_x,function_or_attr,319
workers.fishing.garbage_disposal,garbage_y,function_or_attr,320
workers.fishing.garbage_disposal,garbage_num,function_or_attr,321
workers.fishing.garbage_disposal,key_to_press,function_or_attr,322
workers.fishing.garbage_disposal,garbage_key,function_or_attr,328
workers.fishing.garbage_disposal,conf,function_or_attr,333
workers.fishing.garbage_disposal,search_area,function_or_attr,339
workers.fishing.garbage_disposal,result,function_or_attr,342
workers.fishing.garbage_disposal,locations,function_or_attr,343
workers.fishing.garbage_disposal,center_x,function_or_attr,349
workers.fishing.garbage_disposal,center_y,function_or_attr,350
workers.fishing.garbage_disposal,min_val,function_or_attr,357
workers.fishing.garbage_disposal,max_val,function_or_attr,358
workers.fishing.garbage_disposal,min_loc,function_or_attr,359
workers.fishing.garbage_disposal,max_loc,function_or_attr,360
workers.fishing.garbage_disposal,title,function_or_attr,369
workers.fishing.garbage_disposal,template_files,function_or_attr,379
workers.fishing.garbage_disposal,filename,function_or_attr,381
workers.fishing.garbage_disposal,file_path,function_or_attr,382
workers.fishing.garbage_disposal,disposal,function_or_attr,384
workers.fishing.garbage_disposal,min_distance,function_or_attr,390
workers.fishing.garbage_disposal,match,function_or_attr,391
workers.fishing.garbage_disposal,is_overlap,function_or_attr,395
workers.fishing.garbage_disposal,existing,function_or_attr,396
workers.fishing.garbage_disposal,distance,function_or_attr,400
workers.fishing.garbage_disposal,name,function_or_attr,403
workers.fishing.garbage_disposal,garbage_positions,function_or_attr,405
workers.fishing.hooking,process_name,function_or_attr,0
workers.fishing.hooking,hwnd,function_or_attr,1
workers.fishing.hooking,callback,function_or_attr,2
workers.fishing.hooking,WindowCapture.find_window_by_process.<locals>.callback,local_qualname,3
workers.fishing.hooking,win32gui,function_or_attr,4
workers.fishing.hooking,EnumWindows,class_or_import,5
workers.fishing.hooking,self,function_or_attr,6
workers.fishing.hooking,IsWindowVisible,class_or_import,8
workers.fishing.hooking,win32process,function_or_attr,9
workers.fishing.hooking,GetWindowThreadProcessId,class_or_import,10
workers.fishing.hooking,psutil,function_or_attr,11
workers.fishing.hooking,Process,class_or_import,12
workers.fishing.hooking,GetWindowText,class_or_import,14
workers.fishing.hooking,IsWindow,class_or_import,15
workers.fishing.hooking,GetClientRect,class_or_import,16
workers.fishing.hooking,GetWindowDC,class_or_import,18
workers.fishing.hooking,win32ui,function_or_attr,19
workers.fishing.hooking,CreateDCFromHandle,class_or_import,20
workers.fishing.hooking,CreateCompatibleDC,class_or_import,21
workers.fishing.hooking,CreateBitmap,class_or_import,22
workers.fishing.hooking,CreateCompatibleBitmap,class_or_import,23
workers.fishing.hooking,SelectObject,class_or_import,24
workers.fishing.hooking,BitBlt,class_or_import,25
workers.fishing.hooking,win32con,function_or_attr,26
workers.fishing.hooking,SRCCOPY,class_or_import,27
workers.fishing.hooking,GetInfo,class_or_import,28
workers.fishing.hooking,GetBitmapBits,class_or_import,29
workers.fishing.hooking,frombuffer,function_or_attr,31
workers.fishing.hooking,uint8,function_or_attr,32
workers.fishing.hooking,dtype,function_or_attr,33
workers.fishing.hooking,shape,function_or_attr,36
workers.fishing.hooking,cv2,function_or_attr,37
workers.fishing.hooking,COLOR_BGRA2BGR,class_or_import,39
workers.fishing.hooking,DeleteObject,class_or_import,40
workers.fishing.hooking,GetHandle,class_or_import,41
workers.fishing.hooking,DeleteDC,class_or_import,42
workers.fishing.hooking,ReleaseDC,class_or_import,43
workers.fishing.hooking,roi1,function_or_attr,45
workers.fishing.hooking,roi2,function_or_attr,46
workers.fishing.hooking,resolution_type,function_or_attr,47
workers.fishing.hooking,paused_until,function_or_attr,48
workers.fishing.hooking,pydirectinput,function_or_attr,49
workers.fishing.hooking,PAUSE,class_or_import,50
workers.fishing.hooking,FAILSAFE,class_or_import,51
workers.fishing.hooking,red_template,function_or_attr,52
workers.fishing.hooking,bubles_template,function_or_attr,53
workers.fishing.hooking,load_templates,function_or_attr,54
workers.fishing.hooking,frame_count,function_or_attr,55
workers.fishing.hooking,fps_start_time,function_or_attr,57
workers.fishing.hooking,current_fps,function_or_attr,58
workers.fishing.hooking,imread,function_or_attr,60
workers.fishing.hooking,RED_TEMPLATE_2K,class_or_import,61
workers.fishing.hooking,IMREAD_COLOR,class_or_import,62
workers.fishing.hooking,BUBLES_TEMPLATE_2K,class_or_import,63
workers.fishing.hooking,RED_TEMPLATE_HD,class_or_import,65
workers.fishing.hooking,BUBLES_TEMPLATE_HD,class_or_import,66
workers.fishing.hooking,TM_CCOEFF_NORMED,class_or_import,75
workers.fishing.hooking,TEMPLATE_THRESHOLD,class_or_import,77
workers.fishing.hooking,match_template,function_or_attr,79
workers.fishing.hooking,press,function_or_attr,80
workers.fishing.hooking,space,function_or_attr,81
workers.fishing.hooking,RED,class_or_import,82
workers.fishing.hooking,BUBLES,class_or_import,83
workers.fishing.hooking,ROI1_FULLHD,class_or_import,86
workers.fishing.hooking,ROI2_FULLHD,class_or_import,87
workers.fishing.hooking,ROI1_2K,class_or_import,90
workers.fishing.hooking,ROI2_2K,class_or_import,91
workers.fishing.hooking,WindowCapture,class_or_import,101
workers.fishing.hooking,gta5.exe,qualname,102
workers.fishing.hooking,find_window_by_process,function_or_attr,103
workers.fishing.hooking,get_window_size,function_or_attr,108
workers.fishing.hooking,detect_resolution,function_or_attr,109
workers.fishing.hooking,TemplateMonitor,class_or_import,117
workers.fishing.hooking,capture,function_or_attr,128
workers.fishing.hooking,end,function_or_attr,131
workers.fishing.hooking,flush,function_or_attr,132
workers.fishing.hooking,monitor,function_or_attr,134
workers.fishing.hooking,check_and_act,function_or_attr,135
workers.fishing.hooking,strftime,function_or_attr,136
workers.fishing.hooking,origin,function_or_attr,161
workers.fishing.hooking,has_location,function_or_attr,162
workers.fishing.hooking,numpy,function_or_attr,163
workers.fishing.hooking,sys,function_or_attr,164
workers.fishing.hooking,path_utils,function_or_attr,166
workers.fishing.hooking,get_templates_dir,function_or_attr,167
workers.fishing.hooking,triger,function_or_attr,169
workers.fishing.hooking,RESOURCES_DIR,class_or_import,170
workers.fishing.hooking,red.png,qualname,172
workers.fishing.hooking,red_2k.png,qualname,173
workers.fishing.hooking,bubles.png,qualname,174
workers.fishing.hooking,bubles_2k.png,qualname,175
workers.fishing.hooking,workers.fishing.hooking,qualname,176
workers.fishing.hooking,__qualname__,function_or_attr,178
workers.fishing.hooking,WindowCapture.__init__,qualname,180
workers.fishing.hooking,return,function_or_attr,181
workers.fishing.hooking,WindowCapture.find_window_by_process,qualname,182
workers.fishing.hooking,WindowCapture.get_window_size,qualname,184
workers.fishing.hooking,ndarray,function_or_attr,186
workers.fishing.hooking,WindowCapture.capture,qualname,187
workers.fishing.hooking,TemplateMonitor.__init__,qualname,192
workers.fishing.hooking,TemplateMonitor.load_templates,qualname,193
workers.fishing.hooking,frame,function_or_attr,194
workers.fishing.hooking,template,function_or_attr,195
workers.fishing.hooking,roi,function_or_attr,196
workers.fishing.hooking,TemplateMonitor.match_template,qualname,197
workers.fishing.hooking,TemplateMonitor.check_and_act,qualname,198
workers.fishing.hooking,width,function_or_attr,199
workers.fishing.hooking,height,function_or_attr,200
workers.fishing.hooking,main,function_or_attr,202
workers.fishing.hooking,hwnds,function_or_attr,213
workers.fishing.hooking,pid,function_or_attr,215
workers.fishing.hooking,process,function_or_attr,216
workers.fishing.hooking,left,function_or_attr,220
workers.fishing.hooking,top,function_or_attr,221
workers.fishing.hooking,right,function_or_attr,222
workers.fishing.hooking,bottom,function_or_attr,223
workers.fishing.hooking,bmpinfo,function_or_attr,230
workers.fishing.hooking,bmpstr,function_or_attr,231
workers.fishing.hooking,img,function_or_attr,232
workers.fishing.hooking,current_time,function_or_attr,236
workers.fishing.hooking,elapsed,function_or_attr,237
workers.fishing.hooking,remaining,function_or_attr,238
workers.fishing.hooking,red_confidence,function_or_attr,239
workers.fishing.hooking,red_detected,function_or_attr,240
workers.fishing.hooking,bubles_confidence,function_or_attr,241
workers.fishing.hooking,bubles_detected,function_or_attr,242
workers.fishing.hooking,pressed,function_or_attr,243
workers.fishing.hooking,trigger_reason,function_or_attr,244
workers.fishing.hooking,title,function_or_attr,251
workers.fishing.hooking,resolution_name,function_or_attr,262
workers.fishing.hooking,red_conf,function_or_attr,268
workers.fishing.hooking,bubles_conf,function_or_attr,269
workers.fishing.hooking,fps,function_or_attr,274
workers.fishing.hooking,paused_remaining,function_or_attr,275
workers.fishing.hooking,timestamp,function_or_attr,276
workers.fishing.hooking,status,function_or_attr,277
workers.fishing.hooking,red_status,function_or_attr,278
workers.fishing.hooking,bubles_status,function_or_attr,279
workers.fishing.hooking,roi_frame,function_or_attr,288
workers.fishing.hooking,result,function_or_attr,289
workers.fishing.hooking,min_val,function_or_attr,290
workers.fishing.hooking,max_val,function_or_attr,291
workers.fishing.hooking,min_loc,function_or_attr,292
workers.fishing.hooking,max_loc,function_or_attr,293
workers.fishing.hooking,pattern_detected,function_or_attr,294
workers.fishing.meal_system,process_name,function_or_attr,0
workers.fishing.meal_system,hwnd,function_or_attr,1
workers.fishing.meal_system,callback,function_or_attr,2
workers.fishing.meal_system,WindowCapture.find_window_by_process.<locals>.callback,local_qualname,3
workers.fishing.meal_system,win32gui,function_or_attr,4
workers.fishing.meal_system,EnumWindows,class_or_import,5
workers.fishing.meal_system,self,function_or_attr,6
workers.fishing.meal_system,IsWindowVisible,class_or_import,8
workers.fishing.meal_system,win32process,function_or_attr,9
workers.fishing.meal_system,GetWindowThreadProcessId,class_or_import,10
workers.fishing.meal_system,psutil,function_or_attr,11
workers.fishing.meal_system,Process,class_or_import,12
workers.fishing.meal_system,GetWindowText,class_or_import,14
workers.fishing.meal_system,IsWindow,class_or_import,15
workers.fishing.meal_system,GetClientRect,class_or_import,16
workers.fishing.meal_system,GetWindowDC,class_or_import,18
workers.fishing.meal_system,win32ui,function_or_attr,19
workers.fishing.meal_system,CreateDCFromHandle,class_or_import,20
workers.fishing.meal_system,CreateCompatibleDC,class_or_import,21
workers.fishing.meal_system,CreateBitmap,class_or_import,22
workers.fishing.meal_system,CreateCompatibleBitmap,class_or_import,23
workers.fishing.meal_system,SelectObject,class_or_import,24
workers.fishing.meal_system,BitBlt,class_or_import,25
workers.fishing.meal_system,win32con,function_or_attr,26
workers.fishing.meal_system,SRCCOPY,class_or_import,27
workers.fishing.meal_system,GetInfo,class_or_import,28
workers.fishing.meal_system,GetBitmapBits,class_or_import,29
workers.fishing.meal_system,frombuffer,function_or_attr,31
workers.fishing.meal_system,uint8,function_or_attr,32
workers.fishing.meal_system,dtype,function_or_attr,33
workers.fishing.meal_system,shape,function_or_attr,36
workers.fishing.meal_system,cv2,function_or_attr,37
workers.fishing.meal_system,COLOR_BGRA2BGR,class_or_import,39
workers.fishing.meal_system,DeleteObject,class_or_import,40
workers.fishing.meal_system,GetHandle,class_or_import,41
workers.fishing.meal_system,DeleteDC,class_or_import,42
workers.fishing.meal_system,ReleaseDC,class_or_import,43
workers.fishing.meal_system,GetWindowRect,class_or_import,46
workers.fishing.meal_system,win32api,function_or_attr,47
workers.fishing.meal_system,GetCursorPos,class_or_import,48
workers.fishing.meal_system,pydirectinput,function_or_attr,49
workers.fishing.meal_system,click,function_or_attr,53
workers.fishing.meal_system,DOUBLE_CLICK_DELAY,class_or_import,54
workers.fishing.meal_system,WindowCapture,class_or_import,57
workers.fishing.meal_system,gta5.exe,qualname,58
workers.fishing.meal_system,capture,function_or_attr,59
workers.fishing.meal_system,resolution,function_or_attr,60
workers.fishing.meal_system,inventory_roi,function_or_attr,61
workers.fishing.meal_system,food_check_roi,function_or_attr,62
workers.fishing.meal_system,thirst_check_roi,function_or_attr,63
workers.fishing.meal_system,templates,function_or_attr,64
workers.fishing.meal_system,get_fishing_resources,function_or_attr,65
workers.fishing.meal_system,meal,function_or_attr,66
workers.fishing.meal_system,resources_path,function_or_attr,67
workers.fishing.meal_system,find_window_by_process,function_or_attr,69
workers.fishing.meal_system,get_window_size,function_or_attr,71
workers.fishing.meal_system,FULLHD,class_or_import,74
workers.fishing.meal_system,INVENTORY_ROI_FULLHD,class_or_import,75
workers.fishing.meal_system,FOOD_CHECK_ROI_FULLHD,class_or_import,76
workers.fishing.meal_system,THIRST_CHECK_ROI_FULLHD,class_or_import,77
workers.fishing.meal_system,template_suffix,function_or_attr,78
workers.fishing.meal_system,INVENTORY_ROI_2K,class_or_import,81
workers.fishing.meal_system,FOOD_CHECK_ROI_2K,class_or_import,82
workers.fishing.meal_system,THIRST_CHECK_ROI_2K,class_or_import,83
workers.fishing.meal_system,load_templates,function_or_attr,88
workers.fishing.meal_system,irp,function_or_attr,92
workers.fishing.meal_system,donut,function_or_attr,93
workers.fishing.meal_system,cocktail,function_or_attr,94
workers.fishing.meal_system,full_indicator,function_or_attr,95
workers.fishing.meal_system,irp.png,qualname,96
workers.fishing.meal_system,donut.png,qualname,97
workers.fishing.meal_system,cocktail.png,qualname,98
workers.fishing.meal_system,irp2k.png,qualname,104
workers.fishing.meal_system,donut2k.png,qualname,105
workers.fishing.meal_system,cocktail2k.png,qualname,106
workers.fishing.meal_system,imread,function_or_attr,110
workers.fishing.meal_system,height,function_or_attr,115
workers.fishing.meal_system,width,function_or_attr,116
workers.fishing.meal_system,TM_CCOEFF_NORMED,class_or_import,118
workers.fishing.meal_system,CONFIDENCE_THRESHOLD,class_or_import,120
workers.fishing.meal_system,find_template,function_or_attr,122
workers.fishing.meal_system,double_click_at,function_or_attr,132
workers.fishing.meal_system,CONSUMPTION_WAIT,class_or_import,135
workers.fishing.meal_system,find_item_in_inventory,function_or_attr,140
workers.fishing.meal_system,consume_item,function_or_attr,144
workers.fishing.meal_system,check_food_full,function_or_attr,150
workers.fishing.meal_system,consumed_count,function_or_attr,152
workers.fishing.meal_system,check_thirst_full,function_or_attr,161
workers.fishing.meal_system,initialize,function_or_attr,169
workers.fishing.meal_system,consume_irp,function_or_attr,183
workers.fishing.meal_system,consume_donuts_until_full,function_or_attr,187
workers.fishing.meal_system,consume_cocktails_until_full,function_or_attr,188
workers.fishing.meal_system,MealSystem,class_or_import,201
workers.fishing.meal_system,run,function_or_attr,202
workers.fishing.meal_system,origin,function_or_attr,205
workers.fishing.meal_system,has_location,function_or_attr,206
workers.fishing.meal_system,numpy,function_or_attr,207
workers.fishing.meal_system,sys,function_or_attr,208
workers.fishing.meal_system,pathlib,function_or_attr,210
workers.fishing.meal_system,Path,class_or_import,211
workers.fishing.meal_system,path_utils,function_or_attr,213
workers.fishing.meal_system,workers.fishing.meal_system,qualname,239
workers.fishing.meal_system,__qualname__,function_or_attr,241
workers.fishing.meal_system,WindowCapture.__init__,qualname,243
workers.fishing.meal_system,return,function_or_attr,244
workers.fishing.meal_system,WindowCapture.find_window_by_process,qualname,245
workers.fishing.meal_system,WindowCapture.get_window_size,qualname,247
workers.fishing.meal_system,ndarray,function_or_attr,249
workers.fishing.meal_system,WindowCapture.capture,qualname,250
workers.fishing.meal_system,WindowCapture.double_click_at,qualname,253
workers.fishing.meal_system,MealSystem.__init__,qualname,255
workers.fishing.meal_system,MealSystem.initialize,qualname,256
workers.fishing.meal_system,MealSystem.load_templates,qualname,257
workers.fishing.meal_system,screenshot,function_or_attr,258
workers.fishing.meal_system,template,function_or_attr,259
workers.fishing.meal_system,roi,function_or_attr,260
workers.fishing.meal_system,MealSystem.find_template,qualname,261
workers.fishing.meal_system,MealSystem.check_food_full,qualname,262
workers.fishing.meal_system,MealSystem.check_thirst_full,qualname,263
workers.fishing.meal_system,item_key,function_or_attr,264
workers.fishing.meal_system,MealSystem.find_item_in_inventory,qualname,265
workers.fishing.meal_system,item_name,function_or_attr,268
workers.fishing.meal_system,MealSystem.consume_item,qualname,270
workers.fishing.meal_system,MealSystem.consume_irp,qualname,271
workers.fishing.meal_system,MealSystem.consume_donuts_until_full,qualname,272
workers.fishing.meal_system,MealSystem.consume_cocktails_until_full,qualname,273
workers.fishing.meal_system,MealSystem.run,qualname,274
workers.fishing.meal_system,main,function_or_attr,275
workers.fishing.meal_system,hwnds,function_or_attr,283
workers.fishing.meal_system,pid,function_or_attr,285
workers.fishing.meal_system,process,function_or_attr,286
workers.fishing.meal_system,left,function_or_attr,289
workers.fishing.meal_system,top,function_or_attr,290
workers.fishing.meal_system,right,function_or_attr,291
workers.fishing.meal_system,bottom,function_or_attr,292
workers.fishing.meal_system,bmpinfo,function_or_attr,299
workers.fishing.meal_system,bmpstr,function_or_attr,300
workers.fishing.meal_system,img,function_or_attr,301
workers.fishing.meal_system,found,function_or_attr,305
workers.fishing.meal_system,conf,function_or_attr,307
workers.fishing.meal_system,rect,function_or_attr,328
workers.fishing.meal_system,client_rect,function_or_attr,329
workers.fishing.meal_system,border_x,function_or_attr,330
workers.fishing.meal_system,border_y,function_or_attr,331
workers.fishing.meal_system,screen_x,function_or_attr,332
workers.fishing.meal_system,screen_y,function_or_attr,333
workers.fishing.meal_system,original_pos,function_or_attr,335
workers.fishing.meal_system,search_area,function_or_attr,344
workers.fishing.meal_system,result,function_or_attr,345
workers.fishing.meal_system,min_val,function_or_attr,346
workers.fishing.meal_system,max_val,function_or_attr,347
workers.fishing.meal_system,min_loc,function_or_attr,348
workers.fishing.meal_system,max_loc,function_or_attr,349
workers.fishing.meal_system,center_x,function_or_attr,352
workers.fishing.meal_system,center_y,function_or_attr,353
workers.fishing.meal_system,title,function_or_attr,358
workers.fishing.meal_system,template_files,function_or_attr,368
workers.fishing.meal_system,key,function_or_attr,369
workers.fishing.meal_system,filename,function_or_attr,370
workers.fishing.meal_system,file_path,function_or_attr,371
workers.fishing.meal_system,meal_system,function_or_attr,373
workers.fishing.meal_system,has_donut,function_or_attr,376
workers.fishing.meal_system,has_cocktail,function_or_attr,378
workers.fishing.meal_system,food_full,function_or_attr,379
workers.fishing.meal_system,thirst_full,function_or_attr,380
workers.fishing.memory_fish_reader,subprocess,function_or_attr,0
workers.fishing.memory_fish_reader,check_output,function_or_attr,1
workers.fishing.memory_fish_reader,ignore,function_or_attr,2
workers.fishing.memory_fish_reader,CREATE_NO_WINDOW,class_or_import,3
workers.fishing.memory_fish_reader,powershell,function_or_attr,4
workers.fishing.memory_fish_reader,text,function_or_attr,7
workers.fishing.memory_fish_reader,errors,function_or_attr,8
workers.fishing.memory_fish_reader,timeout,function_or_attr,9
workers.fishing.memory_fish_reader,creationflags,function_or_attr,10
workers.fishing.memory_fish_reader,strip,function_or_attr,11
workers.fishing.memory_fish_reader,splitlines,function_or_attr,12
workers.fishing.memory_fish_reader,isdigit,function_or_attr,13
workers.fishing.memory_fish_reader,_kernel32,function_or_attr,14
workers.fishing.memory_fish_reader,OpenProcess,class_or_import,15
workers.fishing.memory_fish_reader,PROCESS_VM_READ,class_or_import,16
workers.fishing.memory_fish_reader,PROCESS_QUERY_INFORMATION,class_or_import,17
workers.fishing.memory_fish_reader,create_string_buffer,function_or_attr,18
workers.fishing.memory_fish_reader,c_size_t,function_or_attr,19
workers.fishing.memory_fish_reader,ReadProcessMemory,class_or_import,20
workers.fishing.memory_fish_reader,c_void_p,function_or_attr,21
workers.fishing.memory_fish_reader,byref,function_or_attr,22
workers.fishing.memory_fish_reader,raw,function_or_attr,23
workers.fishing.memory_fish_reader,value,function_or_attr,24
workers.fishing.memory_fish_reader,_MemoryBasicInformation,function_or_attr,25
workers.fishing.memory_fish_reader,VirtualQueryEx,class_or_import,26
workers.fishing.memory_fish_reader,handle,function_or_attr,27
workers.fishing.memory_fish_reader,addr,function_or_attr,28
workers.fishing.memory_fish_reader,mbi,function_or_attr,29
workers.fishing.memory_fish_reader,sizeof,function_or_attr,30
workers.fishing.memory_fish_reader,State,class_or_import,31
workers.fishing.memory_fish_reader,MEM_COMMIT,class_or_import,32
workers.fishing.memory_fish_reader,Protect,class_or_import,33
workers.fishing.memory_fish_reader,PAGE_NOACCESS,class_or_import,34
workers.fishing.memory_fish_reader,PAGE_GUARD,class_or_import,35
workers.fishing.memory_fish_reader,RegionSize,class_or_import,36
workers.fishing.memory_fish_reader,BaseAddress,class_or_import,37
workers.fishing.memory_fish_reader,_iter_regions,function_or_attr,38
workers.fishing.memory_fish_reader,chunk,function_or_attr,39
workers.fishing.memory_fish_reader,_read_mem,function_or_attr,40
workers.fishing.memory_fish_reader,base,function_or_attr,41
workers.fishing.memory_fish_reader,min,function_or_attr,42
workers.fishing.memory_fish_reader,size,function_or_attr,43
workers.fishing.memory_fish_reader,found,function_or_attr,44
workers.fishing.memory_fish_reader,_NEEDLE,function_or_attr,46
workers.fishing.memory_fish_reader,decode,function_or_attr,47
workers.fishing.memory_fish_reader,replace,function_or_attr,49
workers.fishing.memory_fish_reader,_RE_MY,function_or_attr,51
workers.fishing.memory_fish_reader,finditer,function_or_attr,52
workers.fishing.memory_fish_reader,group,function_or_attr,53
workers.fishing.memory_fish_reader,rstrip,function_or_attr,54
workers.fishing.memory_fish_reader,search,function_or_attr,60
workers.fishing.memory_fish_reader,result,function_or_attr,62
workers.fishing.memory_fish_reader,_extract_catches,function_or_attr,64
workers.fishing.memory_fish_reader,counts,function_or_attr,66
workers.fishing.memory_fish_reader,telegram.handlers.fish_names_map,qualname,67
workers.fishing.memory_fish_reader,FISH_NAMES,class_or_import,68
workers.fishing.memory_fish_reader,Path,class_or_import,71
workers.fishing.memory_fish_reader,tools,function_or_attr,72
workers.fishing.memory_fish_reader,fish_names231.txt,qualname,73
workers.fishing.memory_fish_reader,ru_to_eng,function_or_attr,79
workers.fishing.memory_fish_reader,_build_reverse_map,function_or_attr,81
workers.fishing.memory_fish_reader,_ru_to_eng,function_or_attr,82
workers.fishing.memory_fish_reader,threading,function_or_attr,83
workers.fishing.memory_fish_reader,Lock,class_or_import,84
workers.fishing.memory_fish_reader,_lock,function_or_attr,85
workers.fishing.memory_fish_reader,_new_catches,function_or_attr,86
workers.fishing.memory_fish_reader,Event,class_or_import,87
workers.fishing.memory_fish_reader,_stop_event,function_or_attr,88
workers.fishing.memory_fish_reader,_ready_event,function_or_attr,89
workers.fishing.memory_fish_reader,_catch_event,function_or_attr,90
workers.fishing.memory_fish_reader,_thread,function_or_attr,91
workers.fishing.memory_fish_reader,_available,function_or_attr,92
workers.fishing.memory_fish_reader,is_alive,function_or_attr,93
workers.fishing.memory_fish_reader,Thread,class_or_import,98
workers.fishing.memory_fish_reader,_run,function_or_attr,99
workers.fishing.memory_fish_reader,MemFishReader,class_or_import,100
workers.fishing.memory_fish_reader,target,function_or_attr,101
workers.fishing.memory_fish_reader,daemon,function_or_attr,102
workers.fishing.memory_fish_reader,name,function_or_attr,103
workers.fishing.memory_fish_reader,wait,function_or_attr,107
workers.fishing.memory_fish_reader,deadline,function_or_attr,111
workers.fishing.memory_fish_reader,self,function_or_attr,112
workers.fishing.memory_fish_reader,pop,function_or_attr,113
workers.fishing.memory_fish_reader,is_set,function_or_attr,114
workers.fishing.memory_fish_reader,_get_webengine_pids,function_or_attr,116
workers.fishing.memory_fish_reader,_open_process,function_or_attr,117
workers.fishing.memory_fish_reader,_deep_search,function_or_attr,118
workers.fishing.memory_fish_reader,targets,function_or_attr,119
workers.fishing.memory_fish_reader,pid,function_or_attr,120
workers.fishing.memory_fish_reader,CloseHandle,class_or_import,121
workers.fishing.memory_fish_reader,_count_all,function_or_attr,122
workers.fishing.memory_fish_reader,known_counts,function_or_attr,123
workers.fishing.memory_fish_reader,new_items,function_or_attr,125
workers.fishing.memory_fish_reader,extend,function_or_attr,126
workers.fishing.memory_fish_reader,origin,function_or_attr,129
workers.fishing.memory_fish_reader,has_location,function_or_attr,130
workers.fishing.memory_fish_reader,ctypes,function_or_attr,131
workers.fishing.memory_fish_reader,pathlib,function_or_attr,133
workers.fishing.memory_fish_reader,windll,function_or_attr,135
workers.fishing.memory_fish_reader,kernel32,function_or_attr,136
workers.fishing.memory_fish_reader,IGNORECASE,class_or_import,140
workers.fishing.memory_fish_reader,Structure,class_or_import,141
workers.fishing.memory_fish_reader,__prepare__,function_or_attr,142
workers.fishing.memory_fish_reader,__getitem__,function_or_attr,143
workers.fishing.memory_fish_reader,workers.fishing.memory_fish_reader,qualname,146
workers.fishing.memory_fish_reader,__qualname__,function_or_attr,147
workers.fishing.memory_fish_reader,c_ulonglong,function_or_attr,148
workers.fishing.memory_fish_reader,AllocationBase,class_or_import,149
workers.fishing.memory_fish_reader,AllocationProtect,class_or_import,150
workers.fishing.memory_fish_reader,DWORD,class_or_import,151
workers.fishing.memory_fish_reader,PartitionId,class_or_import,152
workers.fishing.memory_fish_reader,WORD,class_or_import,153
workers.fishing.memory_fish_reader,Type,class_or_import,154
workers.fishing.memory_fish_reader,_fields_,function_or_attr,155
workers.fishing.memory_fish_reader,__orig_bases__,function_or_attr,156
workers.fishing.memory_fish_reader,MemoryFishReader,class_or_import,158
workers.fishing.memory_fish_reader,MemoryFishReader.__init__,qualname,159
workers.fishing.memory_fish_reader,MemoryFishReader.start,qualname,160
workers.fishing.memory_fish_reader,MemoryFishReader.stop,qualname,162
workers.fishing.memory_fish_reader,return,function_or_attr,163
workers.fishing.memory_fish_reader,wait_ready,function_or_attr,164
workers.fishing.memory_fish_reader,MemoryFishReader.wait_ready,qualname,165
workers.fishing.memory_fish_reader,clear_pending,function_or_attr,166
workers.fishing.memory_fish_reader,MemoryFishReader.clear_pending,qualname,167
workers.fishing.memory_fish_reader,wait_catch,function_or_attr,168
workers.fishing.memory_fish_reader,MemoryFishReader.wait_catch,qualname,169
workers.fishing.memory_fish_reader,MemoryFishReader._run,qualname,170
workers.fishing.memory_fish_reader,names_file,function_or_attr,177
workers.fishing.memory_fish_reader,line,function_or_attr,179
workers.fishing.memory_fish_reader,png_name,function_or_attr,180
workers.fishing.memory_fish_reader,ru_name,function_or_attr,181
workers.fishing.memory_fish_reader,_pid,function_or_attr,185
workers.fishing.memory_fish_reader,offset,function_or_attr,189
workers.fishing.memory_fish_reader,data,function_or_attr,190
workers.fishing.memory_fish_reader,fish,function_or_attr,191
workers.fishing.memory_fish_reader,weight,function_or_attr,192
workers.fishing.memory_fish_reader,key,function_or_attr,193
workers.fishing.memory_fish_reader,needle,function_or_attr,195
workers.fishing.memory_fish_reader,out,function_or_attr,208
workers.fishing.memory_fish_reader,buf,function_or_attr,217
workers.fishing.memory_fish_reader,pids,function_or_attr,220
workers.fishing.memory_fish_reader,regions,function_or_attr,224
workers.fishing.memory_fish_reader,current_counts,function_or_attr,228
workers.fishing.memory_fish_reader,cnt,function_or_attr,231
workers.fishing.memory_fish_reader,eng_key,function_or_attr,234
workers.fishing.memory_fish_reader,remaining,function_or_attr,239
workers.fishing.memory_reeling,capture,function_or_attr,0
workers.fishing.memory_reeling,_log_callback,function_or_attr,1
workers.fishing.memory_reeling,pid,function_or_attr,2
workers.fishing.memory_reeling,modules,function_or_attr,4
workers.fishing.memory_reeling,module_ranges,function_or_attr,5
workers.fishing.memory_reeling,cped,function_or_attr,6
workers.fishing.memory_reeling,fish_addr,function_or_attr,7
workers.fishing.memory_reeling,prev,function_or_attr,8
workers.fishing.memory_reeling,collections,function_or_attr,9
workers.fishing.memory_reeling,deque,function_or_attr,10
workers.fishing.memory_reeling,DX_WINDOW,class_or_import,11
workers.fishing.memory_reeling,maxlen,function_or_attr,12
workers.fishing.memory_reeling,vx_buf,function_or_attr,13
workers.fishing.memory_reeling,vy_buf,function_or_attr,14
workers.fishing.memory_reeling,lat_buf,function_or_attr,15
workers.fishing.memory_reeling,t_prev,function_or_attr,17
workers.fishing.memory_reeling,_held_key,function_or_attr,18
workers.fishing.memory_reeling,_regions_cache,function_or_attr,19
workers.fishing.memory_reeling,_replay_iface_global,function_or_attr,20
workers.fishing.memory_reeling,_find_fast_hits,function_or_attr,21
workers.fishing.memory_reeling,_find_fallback_hits,function_or_attr,22
workers.fishing.memory_reeling,_find_miss_hits,function_or_attr,23
workers.fishing.memory_reeling,_last_find_log_ts,function_or_attr,24
workers.fishing.memory_reeling,_get_pid,function_or_attr,25
workers.fishing.memory_reeling,_log,function_or_attr,26
workers.fishing.memory_reeling,_k32,function_or_attr,28
workers.fishing.memory_reeling,OpenProcess,class_or_import,29
workers.fishing.memory_reeling,PROCESS_VM_READ,class_or_import,30
workers.fishing.memory_reeling,PROCESS_QUERY_INFORMATION,class_or_import,31
workers.fishing.memory_reeling,_get_modules,function_or_attr,33
workers.fishing.memory_reeling,_find_cped,function_or_attr,35
workers.fishing.memory_reeling,_find_replay_interface_global,function_or_attr,38
workers.fishing.memory_reeling,_release_key,function_or_attr,39
workers.fishing.memory_reeling,CloseHandle,class_or_import,40
workers.fishing.memory_reeling,idle,function_or_attr,41
workers.fishing.memory_reeling,_read_pos,function_or_attr,42
workers.fishing.memory_reeling,_find_fish_addr,function_or_attr,43
workers.fishing.memory_reeling,search,function_or_attr,44
workers.fishing.memory_reeling,tracking,function_or_attr,45
workers.fishing.memory_reeling,disappeared,function_or_attr,46
workers.fishing.memory_reeling,math,function_or_attr,47
workers.fishing.memory_reeling,sqrt,function_or_attr,48
workers.fishing.memory_reeling,TRACK_MAX_DIST,class_or_import,49
workers.fishing.memory_reeling,max,function_or_attr,50
workers.fishing.memory_reeling,_read_player_right_vec,function_or_attr,52
workers.fishing.memory_reeling,MOVE_EPS,class_or_import,53
workers.fishing.memory_reeling,_hold_key,function_or_attr,54
workers.fishing.memory_reeling,key_down,function_or_attr,57
workers.fishing.memory_reeling,key_up,function_or_attr,58
workers.fishing.memory_reeling,psutil,function_or_attr,59
workers.fishing.memory_reeling,process_iter,function_or_attr,60
workers.fishing.memory_reeling,info,function_or_attr,61
workers.fishing.memory_reeling,name,function_or_attr,62
workers.fishing.memory_reeling,gta5.exe,qualname,63
workers.fishing.memory_reeling,create_string_buffer,function_or_attr,64
workers.fishing.memory_reeling,c_size_t,function_or_attr,65
workers.fishing.memory_reeling,ReadProcessMemory,class_or_import,66
workers.fishing.memory_reeling,c_void_p,function_or_attr,67
workers.fishing.memory_reeling,byref,function_or_attr,68
workers.fishing.memory_reeling,raw,function_or_attr,69
workers.fishing.memory_reeling,value,function_or_attr,70
workers.fishing.memory_reeling,_read,function_or_attr,71
workers.fishing.memory_reeling,struct,function_or_attr,72
workers.fishing.memory_reeling,unpack,function_or_attr,73
workers.fishing.memory_reeling,isfinite,function_or_attr,76
workers.fishing.memory_reeling,_f32,function_or_attr,78
workers.fishing.memory_reeling,POS_X_OFF,class_or_import,79
workers.fishing.memory_reeling,POS_Y_OFF,class_or_import,80
workers.fishing.memory_reeling,POS_Z_OFF,class_or_import,81
workers.fishing.memory_reeling,CreateToolhelp32Snapshot,class_or_import,82
workers.fishing.memory_reeling,TH32CS_SNAPMODULE,class_or_import,83
workers.fishing.memory_reeling,TH32CS_SNAPMODULE32,class_or_import,84
workers.fishing.memory_reeling,HANDLE,class_or_import,85
workers.fishing.memory_reeling,_ME32W,function_or_attr,86
workers.fishing.memory_reeling,sizeof,function_or_attr,87
workers.fishing.memory_reeling,Module32FirstW,class_or_import,89
workers.fishing.memory_reeling,cast,function_or_attr,93
workers.fishing.memory_reeling,out,function_or_attr,96
workers.fishing.memory_reeling,Module32NextW,class_or_import,97
workers.fishing.memory_reeling,snap,function_or_attr,98
workers.fishing.memory_reeling,off,function_or_attr,99
workers.fishing.memory_reeling,size,function_or_attr,100
workers.fishing.memory_reeling,self,function_or_attr,101
workers.fishing.memory_reeling,base,function_or_attr,102
workers.fishing.memory_reeling,min,function_or_attr,103
workers.fishing.memory_reeling,chunk,function_or_attr,104
workers.fishing.memory_reeling,plen,function_or_attr,105
workers.fishing.memory_reeling,pattern,function_or_attr,106
workers.fishing.memory_reeling,comb,function_or_attr,107
workers.fishing.memory_reeling,MemoryReelingTracker._pattern_scan.<locals>.<genexpr>,local_qualname,110
workers.fishing.memory_reeling,libce2.dll,qualname,114
workers.fishing.memory_reeling,vtable_ranges,function_or_attr,115
workers.fishing.memory_reeling,_WORLD_PATTERNS,function_or_attr,116
workers.fishing.memory_reeling,_pattern_scan,function_or_attr,117
workers.fishing.memory_reeling,_u64,function_or_attr,118
workers.fishing.memory_reeling,_is_ptr,function_or_attr,119
workers.fishing.memory_reeling,MemoryReelingTracker._find_cped.<locals>.<genexpr>,local_qualname,122
workers.fishing.memory_reeling,_REPLAY_IFACE_PATTERN,function_or_attr,123
workers.fishing.memory_reeling,RI_OFF_PED,class_or_import,127
workers.fishing.memory_reeling,_i32,function_or_attr,128
workers.fishing.memory_reeling,PED_MAX_OFF,class_or_import,129
workers.fishing.memory_reeling,PED_LIST_OFF,class_or_import,130
workers.fishing.memory_reeling,SCAN_RADIUS,class_or_import,131
workers.fishing.memory_reeling,FAST_HASH_RADIUS,class_or_import,132
workers.fishing.memory_reeling,p_ped_list,function_or_attr,133
workers.fishing.memory_reeling,PED_STRIDE,class_or_import,134
workers.fishing.memory_reeling,_read_entity_hash,function_or_attr,135
workers.fishing.memory_reeling,FISH_MODEL_HASH,class_or_import,136
workers.fishing.memory_reeling,best,function_or_attr,140
workers.fishing.memory_reeling,cped_addr,function_or_attr,141
workers.fishing.memory_reeling,unpack_from,function_or_attr,142
workers.fishing.memory_reeling,_MBI,function_or_attr,144
workers.fishing.memory_reeling,VirtualQueryEx,class_or_import,145
workers.fishing.memory_reeling,addr,function_or_attr,146
workers.fishing.memory_reeling,mbi,function_or_attr,147
workers.fishing.memory_reeling,RegionSize,class_or_import,148
workers.fishing.memory_reeling,BaseAddress,class_or_import,149
workers.fishing.memory_reeling,State,class_or_import,150
workers.fishing.memory_reeling,MEM_COMMIT,class_or_import,151
workers.fishing.memory_reeling,Protect,class_or_import,152
workers.fishing.memory_reeling,PAGE_NOACCESS,class_or_import,153
workers.fishing.memory_reeling,PAGE_GUARD,class_or_import,154
workers.fishing.memory_reeling,MAX_REGION_BYTES,class_or_import,155
workers.fishing.memory_reeling,cur,function_or_attr,156
workers.fishing.memory_reeling,MARKER_REGION_CHUNK,class_or_import,157
workers.fishing.memory_reeling,regions,function_or_attr,158
workers.fishing.memory_reeling,MemoryReelingTracker._collect_regions.<locals>.<genexpr>,local_qualname,160
workers.fishing.memory_reeling,_find_fish_addr_replay,function_or_attr,161
workers.fishing.memory_reeling,_maybe_log_find_stats,function_or_attr,162
workers.fishing.memory_reeling,hash,function_or_attr,163
workers.fishing.memory_reeling,_cped_hint_range,function_or_attr,164
workers.fishing.memory_reeling,_collect_regions,function_or_attr,165
workers.fishing.memory_reeling,BOBBER_MARKER_OFF,class_or_import,166
workers.fishing.memory_reeling,BOBBER_Z_MIN,class_or_import,167
workers.fishing.memory_reeling,BOBBER_Z_MAX,class_or_import,168
workers.fishing.memory_reeling,frombuffer,function_or_attr,170
workers.fishing.memory_reeling,float32,function_or_attr,171
workers.fishing.memory_reeling,dtype,function_or_attr,172
workers.fishing.memory_reeling,errstate,function_or_attr,173
workers.fishing.memory_reeling,ignore,function_or_attr,174
workers.fishing.memory_reeling,invalid,function_or_attr,175
workers.fishing.memory_reeling,abs,function_or_attr,176
workers.fishing.memory_reeling,BOBBER_MARKER_F32,class_or_import,177
workers.fishing.memory_reeling,where,function_or_attr,179
workers.fishing.memory_reeling,marker_delta,function_or_attr,180
workers.fishing.memory_reeling,zmax,function_or_attr,181
workers.fishing.memory_reeling,CAST_MIN,class_or_import,182
workers.fishing.memory_reeling,CAST_MAX,class_or_import,183
workers.fishing.memory_reeling,fallback,function_or_attr,184
workers.fishing.memory_reeling,miss,function_or_attr,185
workers.fishing.memory_reeling,origin,function_or_attr,188
workers.fishing.memory_reeling,has_location,function_or_attr,189
workers.fishing.memory_reeling,ctypes,function_or_attr,190
workers.fishing.memory_reeling,numpy,function_or_attr,192
workers.fishing.memory_reeling,windll,function_or_attr,193
workers.fishing.memory_reeling,kernel32,function_or_attr,194
workers.fishing.memory_reeling,Structure,class_or_import,195
workers.fishing.memory_reeling,__prepare__,function_or_attr,196
workers.fishing.memory_reeling,__getitem__,function_or_attr,197
workers.fishing.memory_reeling,workers.fishing.memory_reeling,qualname,200
workers.fishing.memory_reeling,__qualname__,function_or_attr,201
workers.fishing.memory_reeling,c_ulonglong,function_or_attr,202
workers.fishing.memory_reeling,AllocationBase,class_or_import,203
workers.fishing.memory_reeling,AllocationProtect,class_or_import,204
workers.fishing.memory_reeling,DWORD,class_or_import,205
workers.fishing.memory_reeling,PartitionId,class_or_import,206
workers.fishing.memory_reeling,WORD,class_or_import,207
workers.fishing.memory_reeling,Type,class_or_import,208
workers.fishing.memory_reeling,_fields_,function_or_attr,209
workers.fishing.memory_reeling,__orig_bases__,function_or_attr,210
workers.fishing.memory_reeling,GlblcntUsage,class_or_import,213
workers.fishing.memory_reeling,ProccntUsage,class_or_import,214
workers.fishing.memory_reeling,POINTER,class_or_import,215
workers.fishing.memory_reeling,BYTE,class_or_import,216
workers.fishing.memory_reeling,HMODULE,class_or_import,218
workers.fishing.memory_reeling,c_wchar,function_or_attr,219
workers.fishing.memory_reeling,MemoryReelingTracker,class_or_import,221
workers.fishing.memory_reeling,MemoryReelingTracker.__init__,qualname,222
workers.fishing.memory_reeling,MemoryReelingTracker._log,qualname,223
workers.fishing.memory_reeling,MemoryReelingTracker.start,qualname,225
workers.fishing.memory_reeling,MemoryReelingTracker.stop,qualname,226
workers.fishing.memory_reeling,step,function_or_attr,227
workers.fishing.memory_reeling,MemoryReelingTracker.step,qualname,228
workers.fishing.memory_reeling,MemoryReelingTracker._hold_key,qualname,229
workers.fishing.memory_reeling,MemoryReelingTracker._release_key,qualname,230
workers.fishing.memory_reeling,MemoryReelingTracker._get_pid,qualname,231
workers.fishing.memory_reeling,MemoryReelingTracker._read,qualname,232
workers.fishing.memory_reeling,MemoryReelingTracker._u64,qualname,233
workers.fishing.memory_reeling,MemoryReelingTracker._f32,qualname,234
workers.fishing.memory_reeling,MemoryReelingTracker._i32,qualname,235
workers.fishing.memory_reeling,MemoryReelingTracker._read_pos,qualname,236
workers.fishing.memory_reeling,MemoryReelingTracker._is_ptr,qualname,237
workers.fishing.memory_reeling,MemoryReelingTracker._get_modules,qualname,238
workers.fishing.memory_reeling,MemoryReelingTracker._pattern_scan,qualname,239
workers.fishing.memory_reeling,MemoryReelingTracker._find_cped,qualname,240
workers.fishing.memory_reeling,MemoryReelingTracker._find_replay_interface_global,qualname,241
workers.fishing.memory_reeling,MemoryReelingTracker._read_entity_hash,qualname,242
workers.fishing.memory_reeling,MemoryReelingTracker._find_fish_addr_replay,qualname,243
workers.fishing.memory_reeling,MemoryReelingTracker._read_player_right_vec,qualname,244
workers.fishing.memory_reeling,MemoryReelingTracker._cped_hint_range,qualname,245
workers.fishing.memory_reeling,MemoryReelingTracker._collect_regions,qualname,246
workers.fishing.memory_reeling,MemoryReelingTracker._find_fish_addr,qualname,247
workers.fishing.memory_reeling,MemoryReelingTracker._maybe_log_find_stats,qualname,248
workers.fishing.memory_reeling,log_callback,function_or_attr,267
workers.fishing.memory_reeling,hint_min,function_or_attr,269
workers.fishing.memory_reeling,hint_max,function_or_attr,270
workers.fishing.memory_reeling,key,function_or_attr,271
workers.fishing.memory_reeling,cached,function_or_attr,272
workers.fishing.memory_reeling,ret,function_or_attr,276
workers.fishing.memory_reeling,rsz,function_or_attr,277
workers.fishing.memory_reeling,in_mod,function_or_attr,279
workers.fishing.memory_reeling,end,function_or_attr,282
workers.fishing.memory_reeling,nxt,function_or_attr,283
workers.fishing.memory_reeling,half,function_or_attr,288
workers.fishing.memory_reeling,gta,function_or_attr,296
workers.fishing.memory_reeling,offsets,function_or_attr,307
workers.fishing.memory_reeling,player_pos,function_or_attr,316
workers.fishing.memory_reeling,by_hash,function_or_attr,317
workers.fishing.memory_reeling,xmin,function_or_attr,325
workers.fishing.memory_reeling,xmax,function_or_attr,326
workers.fishing.memory_reeling,ymin,function_or_attr,327
workers.fishing.memory_reeling,ymax,function_or_attr,328
workers.fishing.memory_reeling,zmin,function_or_attr,329
workers.fishing.memory_reeling,data,function_or_attr,334
workers.fishing.memory_reeling,n32,function_or_attr,335
workers.fishing.memory_reeling,a32f,function_or_attr,336
workers.fishing.memory_reeling,finite,function_or_attr,337
workers.fishing.memory_reeling,hits4,function_or_attr,339
workers.fishing.memory_reeling,idxs,function_or_attr,340
workers.fishing.memory_reeling,i_np,function_or_attr,341
workers.fishing.memory_reeling,dist,function_or_attr,347
workers.fishing.memory_reeling,p_iface,function_or_attr,351
workers.fishing.memory_reeling,p_ped_iface,function_or_attr,352
workers.fishing.memory_reeling,max_peds,function_or_attr,353
workers.fishing.memory_reeling,max_dist,function_or_attr,359
workers.fishing.memory_reeling,max_dist2,function_or_attr,360
workers.fishing.memory_reeling,ent_addr,function_or_attr,362
workers.fishing.memory_reeling,pos,function_or_attr,364
workers.fishing.memory_reeling,hit,function_or_attr,373
workers.fishing.memory_reeling,rel,function_or_attr,374
workers.fishing.memory_reeling,disp,function_or_attr,375
workers.fishing.memory_reeling,ptr_addr,function_or_attr,376
workers.fishing.memory_reeling,msg,function_or_attr,393
workers.fishing.memory_reeling,source,function_or_attr,395
workers.fishing.memory_reeling,now,function_or_attr,396
workers.fishing.memory_reeling,buf,function_or_attr,411
workers.fishing.memory_reeling,archetype,function_or_attr,415
workers.fishing.memory_reeling,mat_off,function_or_attr,419
workers.fishing.memory_reeling,row,function_or_attr,421
workers.fishing.memory_reeling,t_now,function_or_attr,442
workers.fishing.memory_reeling,vx_sm,function_or_attr,448
workers.fishing.memory_reeling,vy_sm,function_or_attr,449
workers.fishing.memory_reeling,right,function_or_attr,450
workers.fishing.memory_reeling,lateral,function_or_attr,451
workers.fishing.memory_reeling,move_val,function_or_attr,452
workers.fishing.path_utils,frozen,function_or_attr,0
workers.fishing.path_utils,Path,class_or_import,1
workers.fishing.path_utils,executable,function_or_attr,2
workers.fishing.path_utils,resources,function_or_attr,3
workers.fishing.path_utils,get_resources_dir,function_or_attr,8
workers.fishing.path_utils,fishing,function_or_attr,9
workers.fishing.path_utils,get_fishing_resources,function_or_attr,11
workers.fishing.path_utils,icon.jpeg,qualname,14
workers.fishing.path_utils,origin,function_or_attr,18
workers.fishing.path_utils,has_location,function_or_attr,19
workers.fishing.path_utils,sys,function_or_attr,20
workers.fishing.path_utils,pathlib,function_or_attr,22
workers.fishing.path_utils,return,function_or_attr,24
workers.fishing.path_utils,triger,function_or_attr,25
workers.fishing.path_utils,template_type,function_or_attr,26
workers.fishing.path_utils,get_templates_dir,function_or_attr,27
workers.fishing.path_utils,get_icon_path,function_or_attr,28
workers.fishing.path_utils,icon,function_or_attr,31
workers.fishing.path_utils,is_compiled,function_or_attr,32
workers.fishing.path_utils,app_dir,function_or_attr,33
workers.fishing.path_utils,resources_dir,function_or_attr,34
workers.fishing.path_utils,templates,function_or_attr,36
workers.fishing.store_fish,process_name,function_or_attr,0
workers.fishing.store_fish,hwnd,function_or_attr,1
workers.fishing.store_fish,callback,function_or_attr,2
workers.fishing.store_fish,WindowCapture.find_window_by_process.<locals>.callback,local_qualname,3
workers.fishing.store_fish,win32gui,function_or_attr,4
workers.fishing.store_fish,EnumWindows,class_or_import,5
workers.fishing.store_fish,self,function_or_attr,6
workers.fishing.store_fish,IsWindowVisible,class_or_import,8
workers.fishing.store_fish,win32process,function_or_attr,9
workers.fishing.store_fish,GetWindowThreadProcessId,class_or_import,10
workers.fishing.store_fish,psutil,function_or_attr,11
workers.fishing.store_fish,Process,class_or_import,12
workers.fishing.store_fish,GetWindowText,class_or_import,14
workers.fishing.store_fish,IsWindow,class_or_import,15
workers.fishing.store_fish,GetClientRect,class_or_import,16
workers.fishing.store_fish,GetWindowDC,class_or_import,18
workers.fishing.store_fish,win32ui,function_or_attr,19
workers.fishing.store_fish,CreateDCFromHandle,class_or_import,20
workers.fishing.store_fish,CreateCompatibleDC,class_or_import,21
workers.fishing.store_fish,CreateBitmap,class_or_import,22
workers.fishing.store_fish,CreateCompatibleBitmap,class_or_import,23
workers.fishing.store_fish,SelectObject,class_or_import,24
workers.fishing.store_fish,BitBlt,class_or_import,25
workers.fishing.store_fish,win32con,function_or_attr,26
workers.fishing.store_fish,SRCCOPY,class_or_import,27
workers.fishing.store_fish,GetInfo,class_or_import,28
workers.fishing.store_fish,GetBitmapBits,class_or_import,29
workers.fishing.store_fish,frombuffer,function_or_attr,31
workers.fishing.store_fish,uint8,function_or_attr,32
workers.fishing.store_fish,dtype,function_or_attr,33
workers.fishing.store_fish,shape,function_or_attr,36
workers.fishing.store_fish,cv2,function_or_attr,37
workers.fishing.store_fish,COLOR_BGRA2BGR,class_or_import,39
workers.fishing.store_fish,DeleteObject,class_or_import,40
workers.fishing.store_fish,GetHandle,class_or_import,41
workers.fishing.store_fish,DeleteDC,class_or_import,42
workers.fishing.store_fish,ReleaseDC,class_or_import,43
workers.fishing.store_fish,GetWindowRect,class_or_import,46
workers.fishing.store_fish,win32api,function_or_attr,47
workers.fishing.store_fish,GetCursorPos,class_or_import,48
workers.fishing.store_fish,pydirectinput,function_or_attr,49
workers.fishing.store_fish,right,function_or_attr,53
workers.fishing.store_fish,WindowCapture,class_or_import,58
workers.fishing.store_fish,gta5.exe,qualname,59
workers.fishing.store_fish,capture,function_or_attr,60
workers.fishing.store_fish,resolution,function_or_attr,61
workers.fishing.store_fish,roi,function_or_attr,62
workers.fishing.store_fish,fish_templates,function_or_attr,63
workers.fishing.store_fish,remove_template,function_or_attr,64
workers.fishing.store_fish,get_fishing_resources,function_or_attr,65
workers.fishing.store_fish,resources_path,function_or_attr,66
workers.fishing.store_fish,find_window_by_process,function_or_attr,68
workers.fishing.store_fish,get_window_size,function_or_attr,70
workers.fishing.store_fish,FULLHD,class_or_import,73
workers.fishing.store_fish,ROI_FULLHD,class_or_import,74
workers.fishing.store_fish,fish_inv_hd,function_or_attr,75
workers.fishing.store_fish,template_folder,function_or_attr,76
workers.fishing.store_fish,ROI_2K,class_or_import,79
workers.fishing.store_fish,fish_inv_2k,function_or_attr,80
workers.fishing.store_fish,width,function_or_attr,88
workers.fishing.store_fish,height,function_or_attr,90
workers.fishing.store_fish,load_templates,function_or_attr,91
workers.fishing.store_fish,remove.png,qualname,95
workers.fishing.store_fish,imread,function_or_attr,97
workers.fishing.store_fish,glob,function_or_attr,100
workers.fishing.store_fish,stem,function_or_attr,102
workers.fishing.store_fish,image,function_or_attr,103
workers.fishing.store_fish,fish_count,function_or_attr,104
workers.fishing.store_fish,COLOR_BGR2GRAY,class_or_import,109
workers.fishing.store_fish,TM_CCOEFF_NORMED,class_or_import,111
workers.fishing.store_fish,CONFIDENCE_THRESHOLD,class_or_import,113
workers.fishing.store_fish,find_template,function_or_attr,116
workers.fishing.store_fish,screenshot,function_or_attr,117
workers.fishing.store_fish,confidence,function_or_attr,118
workers.fishing.store_fish,found_fish,function_or_attr,119
workers.fishing.store_fish,click_at,function_or_attr,131
workers.fishing.store_fish,MENU_DELAY,class_or_import,133
workers.fishing.store_fish,left,function_or_attr,137
workers.fishing.store_fish,CLICK_DELAY,class_or_import,138
workers.fishing.store_fish,initialize,function_or_attr,144
workers.fishing.store_fish,find_all_fish,function_or_attr,157
workers.fishing.store_fish,end,function_or_attr,162
workers.fishing.store_fish,store_fish_by_position,function_or_attr,164
workers.fishing.store_fish,stored_count,function_or_attr,165
workers.fishing.store_fish,FishStorer,class_or_import,176
workers.fishing.store_fish,run,function_or_attr,177
workers.fishing.store_fish,origin,function_or_attr,180
workers.fishing.store_fish,has_location,function_or_attr,181
workers.fishing.store_fish,numpy,function_or_attr,182
workers.fishing.store_fish,sys,function_or_attr,183
workers.fishing.store_fish,pathlib,function_or_attr,185
workers.fishing.store_fish,Path,class_or_import,186
workers.fishing.store_fish,path_utils,function_or_attr,188
workers.fishing.store_fish,workers.fishing.store_fish,qualname,198
workers.fishing.store_fish,__qualname__,function_or_attr,200
workers.fishing.store_fish,WindowCapture.__init__,qualname,202
workers.fishing.store_fish,return,function_or_attr,203
workers.fishing.store_fish,WindowCapture.find_window_by_process,qualname,204
workers.fishing.store_fish,WindowCapture.get_window_size,qualname,206
workers.fishing.store_fish,ndarray,function_or_attr,208
workers.fishing.store_fish,WindowCapture.capture,qualname,209
workers.fishing.store_fish,button,function_or_attr,213
workers.fishing.store_fish,WindowCapture.click_at,qualname,214
workers.fishing.store_fish,FishStorer.__init__,qualname,216
workers.fishing.store_fish,FishStorer.initialize,qualname,217
workers.fishing.store_fish,FishStorer.load_templates,qualname,218
workers.fishing.store_fish,template,function_or_attr,219
workers.fishing.store_fish,FishStorer.find_template,qualname,220
workers.fishing.store_fish,FishStorer.find_all_fish,qualname,221
workers.fishing.store_fish,fish_info,function_or_attr,222
workers.fishing.store_fish,FishStorer.store_fish_by_position,qualname,224
workers.fishing.store_fish,FishStorer.run,qualname,225
workers.fishing.store_fish,main,function_or_attr,226
workers.fishing.store_fish,hwnds,function_or_attr,234
workers.fishing.store_fish,pid,function_or_attr,236
workers.fishing.store_fish,process,function_or_attr,237
workers.fishing.store_fish,top,function_or_attr,241
workers.fishing.store_fish,bottom,function_or_attr,243
workers.fishing.store_fish,bmpinfo,function_or_attr,250
workers.fishing.store_fish,bmpstr,function_or_attr,251
workers.fishing.store_fish,img,function_or_attr,252
workers.fishing.store_fish,rect,function_or_attr,258
workers.fishing.store_fish,client_rect,function_or_attr,259
workers.fishing.store_fish,border_x,function_or_attr,260
workers.fishing.store_fish,border_y,function_or_attr,261
workers.fishing.store_fish,screen_x,function_or_attr,262
workers.fishing.store_fish,screen_y,function_or_attr,263
workers.fishing.store_fish,original_pos,function_or_attr,265
workers.fishing.store_fish,fish_template,function_or_attr,270
workers.fishing.store_fish,found,function_or_attr,271
workers.fishing.store_fish,fish_x,function_or_attr,272
workers.fishing.store_fish,fish_y,function_or_attr,273
workers.fishing.store_fish,search_area,function_or_attr,280
workers.fishing.store_fish,search_gray,function_or_attr,281
workers.fishing.store_fish,template_gray,function_or_attr,282
workers.fishing.store_fish,result,function_or_attr,283
workers.fishing.store_fish,min_val,function_or_attr,284
workers.fishing.store_fish,max_val,function_or_attr,285
workers.fishing.store_fish,min_loc,function_or_attr,286
workers.fishing.store_fish,max_loc,function_or_attr,287
workers.fishing.store_fish,center_x,function_or_attr,290
workers.fishing.store_fish,center_y,function_or_attr,291
workers.fishing.store_fish,title,function_or_attr,296
workers.fishing.store_fish,template_path,function_or_attr,306
workers.fishing.store_fish,remove_path,function_or_attr,307
workers.fishing.store_fish,file_path,function_or_attr,309
workers.fishing.store_fish,storer,function_or_attr,311
workers.fishing.store_fish,fish_positions,function_or_attr,315
workers.fishing.store_fish,fish_name,function_or_attr,320
workers.fishing.store_fish,new_screenshot,function_or_attr,323
workers.fishing.store_fish,found_remove,function_or_attr,324
workers.fishing.store_fish,remove_x,function_or_attr,325
workers.fishing.store_fish,remove_y,function_or_attr,326
workers.fishing.store_fish,remove_conf,function_or_attr,327
workers.fishing.trigger_monitor,process_name,function_or_attr,0
workers.fishing.trigger_monitor,hwnd,function_or_attr,1
workers.fishing.trigger_monitor,callback,function_or_attr,2
workers.fishing.trigger_monitor,WindowCapture.find_window_by_process.<locals>.callback,local_qualname,3
workers.fishing.trigger_monitor,win32gui,function_or_attr,4
workers.fishing.trigger_monitor,EnumWindows,class_or_import,5
workers.fishing.trigger_monitor,self,function_or_attr,6
workers.fishing.trigger_monitor,IsWindowVisible,class_or_import,8
workers.fishing.trigger_monitor,win32process,function_or_attr,9
workers.fishing.trigger_monitor,GetWindowThreadProcessId,class_or_import,10
workers.fishing.trigger_monitor,psutil,function_or_attr,11
workers.fishing.trigger_monitor,Process,class_or_import,12
workers.fishing.trigger_monitor,GetWindowText,class_or_import,14
workers.fishing.trigger_monitor,IsWindow,class_or_import,15
workers.fishing.trigger_monitor,GetClientRect,class_or_import,16
workers.fishing.trigger_monitor,GetWindowDC,class_or_import,18
workers.fishing.trigger_monitor,win32ui,function_or_attr,19
workers.fishing.trigger_monitor,CreateDCFromHandle,class_or_import,20
workers.fishing.trigger_monitor,CreateCompatibleDC,class_or_import,21
workers.fishing.trigger_monitor,CreateBitmap,class_or_import,22
workers.fishing.trigger_monitor,CreateCompatibleBitmap,class_or_import,23
workers.fishing.trigger_monitor,SelectObject,class_or_import,24
workers.fishing.trigger_monitor,BitBlt,class_or_import,25
workers.fishing.trigger_monitor,win32con,function_or_attr,26
workers.fishing.trigger_monitor,SRCCOPY,class_or_import,27
workers.fishing.trigger_monitor,GetInfo,class_or_import,28
workers.fishing.trigger_monitor,GetBitmapBits,class_or_import,29
workers.fishing.trigger_monitor,frombuffer,function_or_attr,31
workers.fishing.trigger_monitor,uint8,function_or_attr,32
workers.fishing.trigger_monitor,dtype,function_or_attr,33
workers.fishing.trigger_monitor,shape,function_or_attr,36
workers.fishing.trigger_monitor,cv2,function_or_attr,37
workers.fishing.trigger_monitor,COLOR_BGRA2BGR,class_or_import,39
workers.fishing.trigger_monitor,DeleteObject,class_or_import,40
workers.fishing.trigger_monitor,GetHandle,class_or_import,41
workers.fishing.trigger_monitor,DeleteDC,class_or_import,42
workers.fishing.trigger_monitor,ReleaseDC,class_or_import,43
workers.fishing.trigger_monitor,resolution,function_or_attr,45
workers.fishing.trigger_monitor,Path,class_or_import,46
workers.fishing.trigger_monitor,templates_dir,function_or_attr,47
workers.fishing.trigger_monitor,fullhd,function_or_attr,48
workers.fishing.trigger_monitor,ROI_NEEDS_FULLHD,class_or_import,49
workers.fishing.trigger_monitor,roi_needs,function_or_attr,50
workers.fishing.trigger_monitor,ROI_FISHING_STAGES_FULLHD,class_or_import,51
workers.fishing.trigger_monitor,roi_fishing_stages,function_or_attr,52
workers.fishing.trigger_monitor,ROI_AD_BUTTONS_FULLHD,class_or_import,53
workers.fishing.trigger_monitor,roi_ad_buttons,function_or_attr,54
workers.fishing.trigger_monitor,ROI_EVENTS_FULLHD,class_or_import,55
workers.fishing.trigger_monitor,roi_events,function_or_attr,56
workers.fishing.trigger_monitor,ROI_BOAT_HUMAN_FULLHD,class_or_import,57
workers.fishing.trigger_monitor,roi_boat_human,function_or_attr,58
workers.fishing.trigger_monitor,suffix,function_or_attr,59
workers.fishing.trigger_monitor,ROI_NEEDS_2K,class_or_import,60
workers.fishing.trigger_monitor,ROI_FISHING_STAGES_2K,class_or_import,61
workers.fishing.trigger_monitor,ROI_AD_BUTTONS_2K,class_or_import,62
workers.fishing.trigger_monitor,ROI_EVENTS_2K,class_or_import,63
workers.fishing.trigger_monitor,ROI_BOAT_HUMAN_2K,class_or_import,64
workers.fishing.trigger_monitor,_load_templates,function_or_attr,66
workers.fishing.trigger_monitor,templates,function_or_attr,67
workers.fishing.trigger_monitor,frame_count,function_or_attr,68
workers.fishing.trigger_monitor,fps_start_time,function_or_attr,70
workers.fishing.trigger_monitor,current_fps,function_or_attr,71
workers.fishing.trigger_monitor,last_detections,function_or_attr,72
workers.fishing.trigger_monitor,_load_template,function_or_attr,73
workers.fishing.trigger_monitor,thirst,function_or_attr,74
workers.fishing.trigger_monitor,hunger,function_or_attr,76
workers.fishing.trigger_monitor,advantage,function_or_attr,77
workers.fishing.trigger_monitor,start.png,qualname,79
workers.fishing.trigger_monitor,start1_,function_or_attr,80
workers.fishing.trigger_monitor,start1.png,qualname,81
workers.fishing.trigger_monitor,start1,function_or_attr,82
workers.fishing.trigger_monitor,start2_,function_or_attr,83
workers.fishing.trigger_monitor,start2.png,qualname,84
workers.fishing.trigger_monitor,start2,function_or_attr,85
workers.fishing.trigger_monitor,AD_,class_or_import,86
workers.fishing.trigger_monitor,AD.png,qualname,87
workers.fishing.trigger_monitor,ad_buttons,function_or_attr,88
workers.fishing.trigger_monitor,pereves,function_or_attr,89
workers.fishing.trigger_monitor,changeBait.png,qualname,91
workers.fishing.trigger_monitor,changed_bait,function_or_attr,92
workers.fishing.trigger_monitor,gear_,function_or_attr,93
workers.fishing.trigger_monitor,gear.png,qualname,94
workers.fishing.trigger_monitor,gear,function_or_attr,95
workers.fishing.trigger_monitor,boat,function_or_attr,96
workers.fishing.trigger_monitor,human,function_or_attr,97
workers.fishing.trigger_monitor,TriggerMonitor._load_templates.<locals>.<genexpr>,local_qualname,102
workers.fishing.trigger_monitor,imread,function_or_attr,104
workers.fishing.trigger_monitor,IMREAD_GRAYSCALE,class_or_import,105
workers.fishing.trigger_monitor,COLOR_BGR2GRAY,class_or_import,108
workers.fishing.trigger_monitor,TM_CCOEFF_NORMED,class_or_import,110
workers.fishing.trigger_monitor,_extract_roi,function_or_attr,114
workers.fishing.trigger_monitor,_match_template,function_or_attr,115
workers.fishing.trigger_monitor,CONFIDENCE_THRESHOLD,class_or_import,116
workers.fishing.trigger_monitor,confidence,function_or_attr,117
workers.fishing.trigger_monitor,location,function_or_attr,118
workers.fishing.trigger_monitor,check_region_needs,function_or_attr,124
workers.fishing.trigger_monitor,needs,function_or_attr,125
workers.fishing.trigger_monitor,check_region_fishing_stages,function_or_attr,126
workers.fishing.trigger_monitor,fishing_stages,function_or_attr,127
workers.fishing.trigger_monitor,check_region_ad_buttons,function_or_attr,128
workers.fishing.trigger_monitor,check_region_events,function_or_attr,129
workers.fishing.trigger_monitor,events,function_or_attr,130
workers.fishing.trigger_monitor,check_region_boat_human,function_or_attr,131
workers.fishing.trigger_monitor,boat_human,function_or_attr,132
workers.fishing.trigger_monitor,fps,function_or_attr,133
workers.fishing.trigger_monitor,strftime,function_or_attr,160
workers.fishing.trigger_monitor,WindowCapture,class_or_import,170
workers.fishing.trigger_monitor,gta5.exe,qualname,171
workers.fishing.trigger_monitor,find_window_by_process,function_or_attr,172
workers.fishing.trigger_monitor,get_window_size,function_or_attr,177
workers.fishing.trigger_monitor,detect_resolution,function_or_attr,179
workers.fishing.trigger_monitor,get_templates_dir,function_or_attr,183
workers.fishing.trigger_monitor,triger,function_or_attr,184
workers.fishing.trigger_monitor,TriggerMonitor,class_or_import,188
workers.fishing.trigger_monitor,capture,function_or_attr,198
workers.fishing.trigger_monitor,end,function_or_attr,201
workers.fishing.trigger_monitor,flush,function_or_attr,202
workers.fishing.trigger_monitor,monitor,function_or_attr,204
workers.fishing.trigger_monitor,monitor_all_regions,function_or_attr,205
workers.fishing.trigger_monitor,format_detections,function_or_attr,206
workers.fishing.trigger_monitor,podsak,function_or_attr,209
workers.fishing.trigger_monitor,origin,function_or_attr,219
workers.fishing.trigger_monitor,has_location,function_or_attr,220
workers.fishing.trigger_monitor,numpy,function_or_attr,221
workers.fishing.trigger_monitor,pathlib,function_or_attr,223
workers.fishing.trigger_monitor,path_utils,function_or_attr,225
workers.fishing.trigger_monitor,workers.fishing.trigger_monitor,qualname,227
workers.fishing.trigger_monitor,__qualname__,function_or_attr,229
workers.fishing.trigger_monitor,WindowCapture.__init__,qualname,231
workers.fishing.trigger_monitor,return,function_or_attr,232
workers.fishing.trigger_monitor,WindowCapture.find_window_by_process,qualname,233
workers.fishing.trigger_monitor,WindowCapture.get_window_size,qualname,235
workers.fishing.trigger_monitor,ndarray,function_or_attr,237
workers.fishing.trigger_monitor,WindowCapture.capture,qualname,238
workers.fishing.trigger_monitor,TriggerMonitor.__init__,qualname,242
workers.fishing.trigger_monitor,TriggerMonitor._load_templates,qualname,244
workers.fishing.trigger_monitor,filename,function_or_attr,245
workers.fishing.trigger_monitor,TriggerMonitor._load_template,qualname,246
workers.fishing.trigger_monitor,roi,function_or_attr,247
workers.fishing.trigger_monitor,template,function_or_attr,248
workers.fishing.trigger_monitor,TriggerMonitor._match_template,qualname,249
workers.fishing.trigger_monitor,frame,function_or_attr,250
workers.fishing.trigger_monitor,TriggerMonitor._extract_roi,qualname,251
workers.fishing.trigger_monitor,TriggerMonitor.check_region_needs,qualname,252
workers.fishing.trigger_monitor,TriggerMonitor.check_region_fishing_stages,qualname,253
workers.fishing.trigger_monitor,TriggerMonitor.check_region_ad_buttons,qualname,254
workers.fishing.trigger_monitor,TriggerMonitor.check_region_events,qualname,255
workers.fishing.trigger_monitor,TriggerMonitor.check_region_boat_human,qualname,256
workers.fishing.trigger_monitor,TriggerMonitor.monitor_all_regions,qualname,257
workers.fishing.trigger_monitor,width,function_or_attr,258
workers.fishing.trigger_monitor,height,function_or_attr,259
workers.fishing.trigger_monitor,detections,function_or_attr,261
workers.fishing.trigger_monitor,main,function_or_attr,263
workers.fishing.trigger_monitor,filepath,function_or_attr,283
workers.fishing.trigger_monitor,loaded,function_or_attr,287
workers.fishing.trigger_monitor,roi_gray,function_or_attr,291
workers.fishing.trigger_monitor,result,function_or_attr,292
workers.fishing.trigger_monitor,min_val,function_or_attr,293
workers.fishing.trigger_monitor,max_val,function_or_attr,294
workers.fishing.trigger_monitor,min_loc,function_or_attr,295
workers.fishing.trigger_monitor,max_loc,function_or_attr,296
workers.fishing.trigger_monitor,hwnds,function_or_attr,298
workers.fishing.trigger_monitor,pid,function_or_attr,300
workers.fishing.trigger_monitor,process,function_or_attr,301
workers.fishing.trigger_monitor,left,function_or_attr,305
workers.fishing.trigger_monitor,top,function_or_attr,306
workers.fishing.trigger_monitor,right,function_or_attr,307
workers.fishing.trigger_monitor,bottom,function_or_attr,308
workers.fishing.trigger_monitor,bmpinfo,function_or_attr,315
workers.fishing.trigger_monitor,bmpstr,function_or_attr,316
workers.fishing.trigger_monitor,img,function_or_attr,317
workers.fishing.trigger_monitor,conf,function_or_attr,323
workers.fishing.trigger_monitor,loc,function_or_attr,324
workers.fishing.trigger_monitor,title,function_or_attr,331
workers.fishing.trigger_monitor,parts,function_or_attr,333
workers.fishing.trigger_monitor,needs_list,function_or_attr,335
workers.fishing.trigger_monitor,stages,function_or_attr,336
workers.fishing.trigger_monitor,stages_list,function_or_attr,337
workers.fishing.trigger_monitor,events_list,function_or_attr,340
workers.fishing.trigger_monitor,bh_list,function_or_attr,342
workers.fishing.trigger_monitor,resolution_name,function_or_attr,352
workers.fishing.trigger_monitor,resolution_type,function_or_attr,353
workers.fishing.trigger_monitor,status,function_or_attr,358
workers.fishing.trigger_monitor,has_detection,function_or_attr,359
workers.fishing.trigger_monitor,current_time,function_or_attr,362
workers.fishing.trigger_monitor,elapsed,function_or_attr,363
workers.fishing.trigger_monitor,all_detections,function_or_attr,364
workers.fishing.window_activator,callback,function_or_attr,0
workers.fishing.window_activator,WindowActivator.find_window_by_process.<locals>.callback,local_qualname,1
workers.fishing.window_activator,win32gui,function_or_attr,2
workers.fishing.window_activator,EnumWindows,class_or_import,3
workers.fishing.window_activator,IsWindowVisible,class_or_import,5
workers.fishing.window_activator,win32process,function_or_attr,6
workers.fishing.window_activator,GetWindowThreadProcessId,class_or_import,7
workers.fishing.window_activator,psutil,function_or_attr,8
workers.fishing.window_activator,Process,class_or_import,9
workers.fishing.window_activator,process_name,function_or_attr,10
workers.fishing.window_activator,GetWindowText,class_or_import,11
workers.fishing.window_activator,IsWindow,class_or_import,13
workers.fishing.window_activator,IsIconic,class_or_import,14
workers.fishing.window_activator,hwnd,function_or_attr,15
workers.fishing.window_activator,ShowWindow,class_or_import,16
workers.fishing.window_activator,win32con,function_or_attr,17
workers.fishing.window_activator,SW_RESTORE,class_or_import,18
workers.fishing.window_activator,SW_SHOW,class_or_import,21
workers.fishing.window_activator,BringWindowToTop,class_or_import,22
workers.fishing.window_activator,GetForegroundWindow,class_or_import,23
workers.fishing.window_activator,windll,function_or_attr,24
workers.fishing.window_activator,user32,function_or_attr,25
workers.fishing.window_activator,AttachThreadInput,class_or_import,26
workers.fishing.window_activator,SetForegroundWindow,class_or_import,27
workers.fishing.window_activator,SetFocus,class_or_import,28
workers.fishing.window_activator,POINTER,class_or_import,29
workers.fishing.window_activator,c_ulong,function_or_attr,30
workers.fishing.window_activator,Structure,class_or_import,31
workers.fishing.window_activator,__prepare__,function_or_attr,32
workers.fishing.window_activator,KEYBDINPUT,class_or_import,33
workers.fishing.window_activator,__getitem__,function_or_attr,34
workers.fishing.window_activator,workers.fishing.window_activator,qualname,37
workers.fishing.window_activator,WindowActivator.activate_window.<locals>.KEYBDINPUT,local_qualname,38
workers.fishing.window_activator,__qualname__,function_or_attr,39
workers.fishing.window_activator,c_ushort,function_or_attr,41
workers.fishing.window_activator,PUL,class_or_import,45
workers.fishing.window_activator,_fields_,function_or_attr,46
workers.fishing.window_activator,__orig_bases__,function_or_attr,47
workers.fishing.window_activator,INPUT,class_or_import,48
workers.fishing.window_activator,WindowActivator.activate_window.<locals>.INPUT,local_qualname,49
workers.fishing.window_activator,pointer,function_or_attr,51
workers.fishing.window_activator,SendInput,class_or_import,52
workers.fishing.window_activator,sizeof,function_or_attr,53
workers.fishing.window_activator,AllowSetForegroundWindow,class_or_import,54
workers.fishing.window_activator,SwitchToThisWindow,class_or_import,55
workers.fishing.window_activator,max_attempts,function_or_attr,58
workers.fishing.window_activator,WindowActivator,class_or_import,65
workers.fishing.window_activator,find_window_by_process,function_or_attr,66
workers.fishing.window_activator,gta5.exe,qualname,67
workers.fishing.window_activator,activate_window,function_or_attr,69
workers.fishing.window_activator,origin,function_or_attr,73
workers.fishing.window_activator,has_location,function_or_attr,74
workers.fishing.window_activator,ctypes,function_or_attr,75
workers.fishing.window_activator,wintypes,function_or_attr,76
workers.fishing.window_activator,WindowActivator.find_window_by_process,qualname,79
workers.fishing.window_activator,return,function_or_attr,80
workers.fishing.window_activator,WindowActivator.activate_window,qualname,81
workers.fishing.window_activator,force_activate_gta5,function_or_attr,82
workers.fishing.window_activator,WindowActivator.force_activate_gta5,qualname,83
workers.fishing.window_activator,attempt,function_or_attr,93
workers.fishing.window_activator,foreground_hwnd,function_or_attr,94
workers.fishing.window_activator,foreground_thread_id,function_or_attr,95
workers.fishing.window_activator,target_thread_id,function_or_attr,97
workers.fishing.window_activator,result,function_or_attr,98
workers.fishing.window_activator,extra,function_or_attr,103
workers.fishing.window_activator,ii_,function_or_attr,104
workers.fishing.window_activator,target_pid,function_or_attr,105
workers.fishing.window_activator,hwnds,function_or_attr,107
workers.fishing.window_activator,pid,function_or_attr,109
workers.fishing.window_activator,process,function_or_attr,110
workers.fishing.window_activator,title,function_or_attr,111
workers.fishing.window_capture,process_name,function_or_attr,0
workers.fishing.window_capture,hwnd,function_or_attr,1
workers.fishing.window_capture,pydirectinput,function_or_attr,2
workers.fishing.window_capture,PAUSE,class_or_import,3
workers.fishing.window_capture,FAILSAFE,class_or_import,4
workers.fishing.window_capture,callback,function_or_attr,5
workers.fishing.window_capture,WindowCapture.find_window_by_process.<locals>.callback,local_qualname,6
workers.fishing.window_capture,win32gui,function_or_attr,7
workers.fishing.window_capture,EnumWindows,class_or_import,8
workers.fishing.window_capture,self,function_or_attr,9
workers.fishing.window_capture,IsWindowVisible,class_or_import,11
workers.fishing.window_capture,win32process,function_or_attr,12
workers.fishing.window_capture,GetWindowThreadProcessId,class_or_import,13
workers.fishing.window_capture,psutil,function_or_attr,14
workers.fishing.window_capture,Process,class_or_import,15
workers.fishing.window_capture,GetWindowText,class_or_import,17
workers.fishing.window_capture,IsWindow,class_or_import,18
workers.fishing.window_capture,GetClientRect,class_or_import,19
workers.fishing.window_capture,GetWindowDC,class_or_import,21
workers.fishing.window_capture,win32ui,function_or_attr,22
workers.fishing.window_capture,CreateDCFromHandle,class_or_import,23
workers.fishing.window_capture,CreateCompatibleDC,class_or_import,24
workers.fishing.window_capture,CreateBitmap,class_or_import,25
workers.fishing.window_capture,CreateCompatibleBitmap,class_or_import,26
workers.fishing.window_capture,SelectObject,class_or_import,27
workers.fishing.window_capture,BitBlt,class_or_import,28
workers.fishing.window_capture,win32con,function_or_attr,29
workers.fishing.window_capture,SRCCOPY,class_or_import,30
workers.fishing.window_capture,GetInfo,class_or_import,31
workers.fishing.window_capture,GetBitmapBits,class_or_import,32
workers.fishing.window_capture,frombuffer,function_or_attr,34
workers.fishing.window_capture,uint8,function_or_attr,35
workers.fishing.window_capture,dtype,function_or_attr,36
workers.fishing.window_capture,shape,function_or_attr,39
workers.fishing.window_capture,cv2,function_or_attr,40
workers.fishing.window_capture,COLOR_BGRA2BGR,class_or_import,42
workers.fishing.window_capture,DeleteObject,class_or_import,43
workers.fishing.window_capture,GetHandle,class_or_import,44
workers.fishing.window_capture,DeleteDC,class_or_import,45
workers.fishing.window_capture,ReleaseDC,class_or_import,46
workers.fishing.window_capture,GetWindowRect,class_or_import,48
workers.fishing.window_capture,_to_screen_coords,function_or_attr,50
workers.fishing.window_capture,right,function_or_attr,54
workers.fishing.window_capture,click,function_or_attr,58
workers.fishing.window_capture,press,function_or_attr,60
workers.fishing.window_capture,space,function_or_attr,70
workers.fishing.window_capture,origin,function_or_attr,73
workers.fishing.window_capture,has_location,function_or_attr,74
workers.fishing.window_capture,numpy,function_or_attr,75
workers.fishing.window_capture,workers.fishing.window_capture,qualname,76
workers.fishing.window_capture,WindowCapture,class_or_import,78
workers.fishing.window_capture,__qualname__,function_or_attr,79
workers.fishing.window_capture,gta5.exe,qualname,80
workers.fishing.window_capture,WindowCapture.__init__,qualname,82
workers.fishing.window_capture,return,function_or_attr,83
workers.fishing.window_capture,find_window_by_process,function_or_attr,84
workers.fishing.window_capture,WindowCapture.find_window_by_process,qualname,85
workers.fishing.window_capture,get_window_size,function_or_attr,87
workers.fishing.window_capture,WindowCapture.get_window_size,qualname,88
workers.fishing.window_capture,ndarray,function_or_attr,90
workers.fishing.window_capture,capture,function_or_attr,91
workers.fishing.window_capture,WindowCapture.capture,qualname,92
workers.fishing.window_capture,WindowCapture._to_screen_coords,qualname,96
workers.fishing.window_capture,left,function_or_attr,97
workers.fishing.window_capture,button,function_or_attr,100
workers.fishing.window_capture,click_at,function_or_attr,101
workers.fishing.window_capture,WindowCapture.click_at,qualname,102
workers.fishing.window_capture,double_click_at,function_or_attr,105
workers.fishing.window_capture,WindowCapture.double_click_at,qualname,106
workers.fishing.window_capture,key,function_or_attr,107
workers.fishing.window_capture,press_key,function_or_attr,108
workers.fishing.window_capture,WindowCapture.press_key,qualname,109
workers.fishing.window_capture,key_down,function_or_attr,110
workers.fishing.window_capture,WindowCapture.key_down,qualname,111
workers.fishing.window_capture,key_up,function_or_attr,112
workers.fishing.window_capture,WindowCapture.key_up,qualname,113
workers.fishing.window_capture,release_all_keys,function_or_attr,114
workers.fishing.window_capture,WindowCapture.release_all_keys,qualname,115
workers.fishing.window_capture,rect,function_or_attr,124
workers.fishing.window_capture,client_rect,function_or_attr,125
workers.fishing.window_capture,border_x,function_or_attr,126
workers.fishing.window_capture,border_y,function_or_attr,127
workers.fishing.window_capture,hwnds,function_or_attr,129
workers.fishing.window_capture,pid,function_or_attr,131
workers.fishing.window_capture,process,function_or_attr,132
workers.fishing.window_capture,top,function_or_attr,137
workers.fishing.window_capture,bottom,function_or_attr,139
workers.fishing.window_capture,width,function_or_attr,140
workers.fishing.window_capture,height,function_or_attr,141
workers.fishing.window_capture,bmpinfo,function_or_attr,146
workers.fishing.window_capture,bmpstr,function_or_attr,147
workers.fishing.window_capture,img,function_or_attr,148
workers.fishing.window_capture,screen_x,function_or_attr,153
workers.fishing.window_capture,screen_y,function_or_attr,154
workers.fishing.window_capture,title,function_or_attr,164
