index,name,payload_offset,size,payload_end,sha256,custom
0,.bytecode,22,9168263,9168285,639fd0501069e33f2260ed49648855b49ee97b41775ca3fdb71d0c66a599ab7d,False
1,,9168290,11384,9179674,37e7942e06cf7376e8ec411a188292d7a77922a826780ddaa05cb2c5d8cb6c92,True
2,OpenSSL.SSL,9179690,65961,9245651,bdfae035f33cce55d4ff46dc2e9b56f1902b61d7c143eda73541d44b4603f152,False
3,OpenSSL._util,9245669,2570,9248239,df899c54371c752ecdf21241bf1b6c2b02bc6706b497793221ee23a65d64e28a,False
4,OpenSSL,9248251,563,9248814,059a4d4d25df32e0018b24751bb4922c4a9533f1511b430462518f2b7f06d012,False
5,OpenSSL.crypto,9248833,46895,9295728,07e24c5d8f8c0e54967019c6b97522aea03c6641f67e2bea2ecf2473926693d9,False
6,OpenSSL.version,9295748,525,9296273,869ad5468390862a5abbc0ffcf535b545c95ab045f56ecfec84612132302e67d,False
7,PIL.BlpImagePlugin,9296296,5184,9301480,292ac8b7a6816470b3f5167c71829fa191f5f8947ae45278e99dbb273728ad37,False
8,PIL.BmpImagePlugin,9301503,3677,9305180,06db50a14394baf1ef7db7341bad9397665461fca6299fc5de07fec5b9bddda2,False
9,PIL.BufrStubImagePlugin,9305208,1029,9306237,9bec86336e3ecf7eb0b8da41cc4562925f9b23a15a301364e14e3b206f781ceb,False
10,PIL.CurImagePlugin,9306260,721,9306981,a611d130afb7dfe3cf6528e7506a47eec4e5c20c448f10fb30058e7a7b283e4a,False
11,PIL.DcxImagePlugin,9307004,812,9307816,bfdcb7b8047f19a6d8f4b315ed0e53933af043ab1471792ff65edaaa80f9acc7,False
12,PIL.DdsImagePlugin,9307839,6488,9314327,093d4e074cd3ab844bd5d621324e824ee6ec62df09767c3a1ea2b7c0fb906c3e,False
13,PIL.EpsImagePlugin,9314350,4308,9318658,9962d2350342eb01ebc8ea2a3cec25017995daf72f07696ecad10e3358fddbdf,False
14,PIL.ExifTags,9318675,6689,9325364,7214bb1fb4d1e01dccbf0cf9a468190b250e8e5573cdb2e28cf52a2bbd38cc1b,False
15,PIL.FliImagePlugin,9325387,1503,9326890,8cd62c1832accffcfd05c4631d7a06cb40fa93741003528c7a10ebf2776570e9,False
16,PIL.FpxImagePlugin,9326913,1960,9328873,7bca05ae0795af58c8dea7645b47274fab451741e5b0017fd48410adee6b7539,False
17,PIL.FtexImagePlugin,9328897,2705,9331602,7a01856430b52e82342e5df245bc27b52af4874bec8fd4dbe8b0da5d38e48b7c,False
18,PIL.GbrImagePlugin,9331625,965,9332590,668c1625d06f6505e8ac1c92374a3dcd5ee94f0669ed7ad4da6da81c0860ecbc,False
19,PIL.GifImagePlugin,9332613,9505,9342118,dc8b110a16b775c52700b2c373ff19a85a4875ac9c48150a2df4af1512e20bf3,False
20,PIL.GimpGradientFile,9342143,1419,9343562,9752d220747600782dfbc93eb7fc861905b4edccd09003c8857ebc8f26102fa4,False
21,PIL.GimpPaletteFile,9343586,528,9344114,b1a13c3ae8c44649985ec14c46c702a4f6e81f1c52141a62b0c099b96ed52c34,False
22,PIL.GribStubImagePlugin,9344142,1025,9345167,e2f88319f20331a8e1ba53a15db40a79b4880cec899613ca27db650b9b9d6447,False
23,PIL.Hdf5StubImagePlugin,9345195,1032,9346227,101ec0cd33b2c9327aa11e50711abf26d54e1b71bd48c452dd8618d2c93e4246,False
24,PIL.IcnsImagePlugin,9346251,4422,9350673,86ede967830f34acdbc34fe4295b257f6a884ae26ac38162098e9ded5fdee904,False
25,PIL.IcoImagePlugin,9350696,3863,9354559,144e5db35d6ee77e05062034896ec91834b125b93f2907785037a9302e774898,False
26,PIL.ImImagePlugin,9354581,2927,9357508,56212be8eb56c908b03892351d437be8f0ebc84a5af97a18da999e6404b82042,False
27,PIL.Image,9357522,74483,9432005,b6f49ad7724bbb096d166f5034974c260ef77d3f6644ef5dfad9cf1bac61ab0b,False
28,PIL.ImageChops,9432024,5102,9437126,0abe3b8583ed198dc75d815af36f47de483b675f71e2351b3a3f56adb495fe61,False
29,PIL.ImageCms,9437143,28561,9465704,7854bc3baa152e234af598f0d34ef2ce196e578b49a795a5dd434aa257c41ac6,False
30,PIL.ImageColor,9465723,4793,9470516,f766c42c1cc5946188fb37e37a2abc15ef9bd2d42fc11e426bca676e3400ca64,False
31,PIL.ImageFile,9470534,9759,9480293,74eab7d77911f4aace4a230856e87b7da28ea268d4a6dde3ad25c854b4ac7986,False
32,PIL.ImageFilter,9480313,10166,9490479,25fbfebc6bbf87a8f5e5ea846650ba79d8792a69d644d71c8746214947bde877,False
33,PIL.ImageMath,9490497,5310,9495807,e58598a117e4d80c74e7fb75a44e2fd8861855ecbb9b8679b7e6dd796bf455e3,False
34,PIL.ImageMode,9495825,1299,9497124,41bdd6a3be5d8c555145ded68a0dcaeeba0f9040d3420f29fcaaa423cae3a5cb,False
35,PIL.ImageOps,9497141,14609,9511750,3686ac88e423209e1956e128660b2085c5b0be2e86f120d0e9fc4cef84a3032c,False
36,PIL.ImagePalette,9511771,3377,9515148,dbd8c25b3026de47ce00db950c706066a1f266b8ad87eddbac73b23370ce3bad,False
37,PIL.ImageQt,9515164,2456,9517620,16aa264a6f6a8e17102a92e29fb02147e4102f466590b79be019f2293e042c39,False
38,PIL.ImageSequence,9517642,1284,9518926,a7d5b1e3b0102b4cd99e1501af36e22d9d4298c1646669d6ad4b0aaec5041e9a,False
39,PIL.ImageShow,9518944,4325,9523269,167bb560fa8aced020d562dc904b5b4d60369192b55a1b2ba6512a0974efb4b7,False
40,PIL.ImageTk,9523285,4485,9527770,a68a5baf4abac932bcf72d0fcac80ebf3eee7e9bab2e697904868af7cf535391,False
41,PIL.ImageWin,9527787,5609,9533396,9dd4d559f0701c49c82f61b81b24635c25ae291fcbb2bddfef315d2b6c6fad3d,False
42,PIL.ImtImagePlugin,9533419,658,9534077,53d9435774d64083ee94f96c726ea68bd1cc64d77b451ccbafdf39583cdf71fe,False
43,PIL.IptcImagePlugin,9534101,2289,9536390,eb5bca0660e010bab36370e6e150ab54357247f9bab4b82b926679182f696fd5,False
44,PIL.Jpeg2KImagePlugin,9536416,4511,9540927,5a53a043f4902a34e8e068b581fe10d1c491a25f8aac30c36e3c779b6c3c585a,False
45,PIL.JpegImagePlugin,9540951,8046,9548997,1ac6d9d474292255d69340e8f715b3699bfb5883dcb8dca8c03784d1d34531af,False
46,PIL.JpegPresets,9549017,4066,9553083,fd362a3f8ddb55c0b1deec2fa78ac31b95fc29a54afd918f3597b6532a137367,False
47,PIL.McIdasImagePlugin,9553109,722,9553831,c90f9ebe8af95eea93307ad5740dc353fb91444c684ed0ffb27706319705ac8e,False
48,PIL.MicImagePlugin,9553854,1033,9554887,ff6163b58b041f042120f708a19f543f09f97826435aae40343e0b7e20456a4b,False
49,PIL.MpegImagePlugin,9554911,941,9555852,1806c21795f54c1d3030083f10db5d38a60554d54bc1eeff80b3bf33a2a0c99c,False
50,PIL.MpoImagePlugin,9555875,2372,9558247,23b272e0e925405eb3d645455998a1e7c8be2c2b835dec90d1b4f73afac1b12f,False
51,PIL.MspImagePlugin,9558270,1404,9559674,0de202468724808e9aeee57a5235edb3b2ebc4417747de936831cdc75a850388,False
52,PIL.PaletteFile,9559694,437,9560131,eac54e96653f1203ac3677a48d75ea54e647accbda0d7c4100738bca50a8e9b3,False
53,PIL.PalmImagePlugin,9560155,3410,9563565,9605c24bdbb7ff169143d13e1647df5de9cef1bd073b02a202dd51f8c6e0d81e,False
54,PIL.PcdImagePlugin,9563588,626,9564214,fd5a53e8df88dd7c6ba8dcd9663e9dd3a0ec8cd39806cfd9f8ad581ce339c72e,False
55,PIL.PcxImagePlugin,9564237,1566,9565803,1d8a5e58582007bc2adadb28d85eb814355493a3ba34d03a1d0db942a895bf04,False
56,PIL.PdfImagePlugin,9565826,2583,9568409,956bf384778df0d39c0fc3e8aff9d030943c7581e18a556b5365e04099db7924,False
57,PIL.PdfParser,9568427,10711,9579138,b41068a4bc39fb1292c203c7aca746637524806c8728b95f317aa1b64d1d19e1,False
58,PIL.PixarImagePlugin,9579163,651,9579814,426e5b3cd0c2307add489b8ba1bb4ae14c0d50d8295be393b15b6ed43e64eef7,False
59,PIL.PngImagePlugin,9579837,12206,9592043,fc71cfd4e16b44fd224f0848f6431457a1247b90698353d47e02bd4639fc4f3f,False
60,PIL.PpmImagePlugin,9592066,3331,9595397,fc01f729208ec98ae6fe05af07720df436dfb66a6ba63a0d066ead43801d8e15,False
61,PIL.PsdImagePlugin,9595420,2420,9597840,8b7b29739287691ba74fc0f247c4f3ca1d7718a9d5ca56c3b94ff69a27e7288b,False
62,PIL.SgiImagePlugin,9597863,1876,9599739,520d2b5308647ca7335581e261a8a21a3e40dcc51b910d8ebc23b0a304804746,False
63,PIL.SpiderImagePlugin,9599765,2500,9602265,3775e168cddd199aec50809d648ca3b50cdc99b36e92b00aaf56d8b0b52bd5d6,False
64,PIL.SunImagePlugin,9602288,972,9603260,7fbd1be04d8812119d606fc28d5b9d035c16172de1aebda2da22522f241ef8ca,False
65,PIL.TgaImagePlugin,9603283,1772,9605055,542e7b3381c9f15f48d26cadd6d8e42650f4aeee4df5f2dead23a76417d750a4,False
66,PIL.TiffImagePlugin,9605079,23701,9628780,18a27e51f77899893a5703c94e1f81048d9cb8ee46db482535236c98dbaee4ba,False
67,PIL.TiffTags,9628797,7456,9636253,21ab1763043a45c64f88d34528018a63a8701224fe7bb98a91b6be67bb6e7681,False
68,PIL.WebPImagePlugin,9636277,3233,9639510,41d927159c7e20bb8d715dddaf631e1682367097851df01c0a5638dc0e1af4e2,False
69,PIL.WmfImagePlugin,9639533,1625,9641158,ede260554ee156d93bdbcd5ffde1585b8a3ae6ce714f7b26a0cab5f228f23bbc,False
70,PIL.XVThumbImagePlugin,9641185,756,9641941,6e5b70b8aa7fcf2c760ebf2401ed40f6db7098326214bb0bad5044b5074a5dd6,False
71,PIL.XbmImagePlugin,9641964,1240,9643204,6c9bf0785232f1b328030867b430d77a0abcbdcf0c4b549ddf8120d3c4faa0e6,False
72,PIL.XpmImagePlugin,9643227,1050,9644277,6ad60d2e7687faae967dd0ca948e4fa2b711de638eee63f5e3c43d9b35bb8eec,False
73,PIL._binary,9644293,1431,9645724,ea703259f650908ae0df4020004a846fd68fcd74e514471c61057f1cb6ece42f,False
74,PIL._deprecate,9645743,1450,9647193,128b5145ba5305dac5a958bf0b9963979d1ead20c7e5d1c01bc2038ff2c53b97,False
75,PIL._tkinter_finder,9647217,244,9647461,fa79e59c4f62f38ed2d0cbde7ef1b602fd732dd2c38dab4fd7c4736f34b91bf1,False
76,PIL._typing,9647477,629,9648106,d114e00a9a68fcb6431ff2d3bda6189c116d7873f8b3991152a3182c6a0cca7e,False
77,PIL._util,9648120,625,9648745,0853ca0de32597e89e16f567c4c9208deef5a51b336933435a63c4fb460ca0d4,False
78,PIL._version,9648762,99,9648861,3fb8527211db57f0b40a29e8b08d923b7e069c7045ccd7812a4c0a68f6de80d9,False
79,PIL,9648869,1776,9650645,fd6cd88da4832b7f719d519266930e88ffe23cdb5c974c9e3ba41e6fde3d87ed,False
80,PIL.features,9650662,5719,9656381,2fb1cd4f6c0695fcc55f69acf41b2d04d4986f6d54a639a55e3a677edf6e8415,False
81,PyQt6-preLoad,9656399,138,9656537,275434fb6dc006a84e3b65eb978269e82ba1cb1fcac7e1c23278db8858cff00a,False
82,PyQt6.QtCore-postLoad,9656563,211,9656774,91dc32cec7acc62cba95a3d382249ed11dce4ef7ff58f1960ebd1887a7f670b4,False
83,PyQt6,9656784,291,9657075,b21ec571674cbbbc61cf01c0418e365a72c59d20af611701a27c3bd5f91c5451,False
84,__main__,9657088,7430,9664518,cbea1e80d75314ceb567af79107447ba5fddf1d07b9680f53ff174d699d312a2,True
85,__parents_main__-preLoad,9664547,162,9664709,9e0e76db6574eec2f2d44ae2d4a37ecebc2cd58aa905bb898715b6e6c908ec17,False
86,__parents_main__,9664730,7504,9672234,61a71c05aaf0fe0fffd7fe03c73afce7229b305484b6a1b1a7b73d2ff269f3bd,True
87,adodbapi.ado_consts,9672258,3131,9675389,263b5177b53c78b103abd296b0d290e0bd399b09753f4bf960cf059452200a81,False
88,adodbapi.adodbapi,9675411,16694,9692105,3a410c32ef48f7437923e6431ea5ac77de445c05abde9513a50e6ae858993341,False
89,adodbapi.apibase,9692126,6110,9698236,9740ee42727a6ef500f1ec5fdfa1a61b1adbcc8a80cfb38c591ed45c090ae871,False
90,adodbapi,9698249,2044,9700293,4893690b7a0b79e0e9ea6d90cf87c7b0721342511345f7affb042a4ad4c3bfc0,False
91,adodbapi.is64bit,9700314,348,9700662,b070ea464c5280739635c38b5fdbb0491f0f0aeb9ef45018eb29eeb68a23cce8,False
92,adodbapi.process_connect_string,9700698,1565,9702263,3c57f339bed07cb79f6894375dc8aef681650d962ecfdf2bc4165446eea303f2,False
93,aiofiles.base,9702281,1397,9703678,075c8da8ffb8c001f2dc4fd08657ccb4433d6e89fdaf86d24d9f0dcba75e62fa,False
94,aiofiles,9703691,444,9704135,76efd96f1b2dcb6b9786b4787195c34b9a7306d9d6169eb89904ae40f270f92d,False
95,aiofiles.tempfile,9704157,3126,9707283,893e3570ec3c069614520c6cc00b29ade6ce49e181c0dae41539462ae46b9b0f,False
96,aiofiles.tempfile.temptypes,9707315,1278,9708593,7a3d2043f46def06269c40d00ff7e22ffa1bc9e4cbad60c0081ff2d8d1ac925a,False
97,aiofiles.threadpool.binary,9708624,1339,9709963,cc3bbf43da13506b244bc9b8621d2c5e557d0516ce251a40248b5d28cbb9d665,False
98,aiofiles.threadpool,9709987,1618,9711605,b44293535c0d87c5471b5f686f4e487d15725ef14faff07c4f8572cbc4ef9cde,False
99,aiofiles.threadpool.text,9711634,834,9712468,7a6ec667cb139d0ef2cdc178ecb44521bbdad8858c6177c6ea69f65df657580f,False
100,aiofiles.threadpool.utils,9712498,1045,9713543,da4be2aa678e913742f92c04c3af1fd40f923ad02718973c237984d04de77721,False
101,aiogram.__meta__,9713564,116,9713680,d262aafa308a4737a35eb20e40a8329f6fd25a8949b1dd9d8d5c269c7281141b,False
102,aiogram.client.bot,9713703,293527,10007230,be0af957e6eb6be1c7babaac15794a3bad8e7bed84c98b2ecd3b944e54bdae6e,False
103,aiogram.client,10007249,218,10007467,7c24ae6544c259ab6e67492cedd235b9fd8798714847def84b0b61aaa12e56ec,False
104,aiogram.client.context_controller,10007505,921,10008426,fa81007f3c3e1a8b4cd638c0ec1073597f1746118019aeab940e4d6c0d26132b,False
105,aiogram.client.default,10008453,1194,10009647,1f0ccd764b46a18067924a5e6c1e52d9f4257043a6b346021cfebe88afcbec83,False
106,aiogram.client.session.aiohttp,10009682,3698,10013380,4938067dd838e2eeda3321b0157de93a0ff04f6c9b061d360b04fc016a1be27b,False
107,aiogram.client.session.base,10013412,4325,10017737,e6e5df51dd42a02dcb6c99e85c59ef7416811f4d2a72e618ad6419ecab9b9644,False
108,aiogram.client.session,10017764,307,10018071,0858b1f2c00996bfef97b429165907d57424d8176379fd5e4ae2be9279522ae7,False
109,aiogram.client.session.middlewares.base,10018115,1225,10019340,d26bd801f295ea4eba60169ca72e0987f59022d6bad997add16859b417ac17a3,False
110,aiogram.client.session.middlewares,10019379,436,10019815,aecdad7de3b3865ac235e83c7093647fcf1075072ce0d2c8332525564b79ded1,False
111,aiogram.client.session.middlewares.manager,10019862,1618,10021480,67ca5abb803c5159fa27c888f430a6e27519286ba1ad00b732f547b92367769f,False
112,aiogram.client.telegram,10021508,2045,10023553,6cc19c7ad5f3ddffae0e1eb93627f1c8e535d249177caefe6351e3e24ec461a0,False
113,aiogram,10023565,809,10024374,f1e7cd54c7f1902a840ee67d8f55fec47510f4f78be7edf11906d9e358b99bc8,False
114,aiogram.dispatcher,10024397,234,10024631,01963e120cd53c5fcb199db42412ec52721eb0910b6b94d315ac54e598904ca7,False
115,aiogram.dispatcher.dispatcher,10024665,12672,10037337,c33d9944c9aa5f0e8260f537afb970815b4dd482c7c8e64069643189646ab9c0,False
116,aiogram.dispatcher.event.bases,10037372,737,10038109,136e7e54e6321c1cd42ca3a8405977b9b28b3f39483e94b36fc9cbcd7a98b391,False
117,aiogram.dispatcher.event,10038138,317,10038455,a2a41422c59b6f84da06fdd46a4b3ce24fc38692af90bf995c3029d432ffb9af,False
118,aiogram.dispatcher.event.event,10038490,1364,10039854,de743a5c6c28b9b166102b2325c7f2d259797d4173385e2638c04d012ff6efbc,False
119,aiogram.dispatcher.event.handler,10039891,1861,10041752,4a5b1611895936b25b4eb4905c5eeab4cfcc875e97ae0bae632b1c70f7e11891,False
120,aiogram.dispatcher.event.telegram,10041790,3158,10044948,92220546f4dbcafbb55c1383ee6868fb20484f5c2aba3df669299e0936b62fa2,False
121,aiogram.dispatcher.flags,10044977,2043,10047020,4a5623f7580c0b90ab47d6aa549ac7114bdfa75e5a1a497aa3906bdbe765cafd,False
122,aiogram.dispatcher.middlewares.base,10047060,913,10047973,d32549a966fe496fa767646ce1945f788fb5d0544195ddff145ef9fbd1d98dab,False
123,aiogram.dispatcher.middlewares,10048008,347,10048355,99fd21843cd8b44a5f8e281ba035c8766f6120601c5ea2f8d34bf874d4a72792,False
124,aiogram.dispatcher.middlewares.error,10048396,1032,10049428,037ccf08942eb734af2e7d2b4c51ce576759b8c7a74016c9bfc68ca5295590cf,False
125,aiogram.dispatcher.middlewares.manager,10049471,1251,10050722,d5a295be839b16c1162e9905e39847b7db6d3b735c4758d67d12ebe5a00fcb4c,False
126,aiogram.dispatcher.middlewares.user_context,10050770,2029,10052799,50e54d07dbca013832f539afa52a5b48704020ad63aa2f0a1e30f7c904c56d84,False
127,aiogram.dispatcher.router,10052829,4261,10057090,608de1ff27594204b052adc8a97e80d2a5d9bafa89d40bdcd7afa72f8748e6b7,False
128,aiogram.enums.bot_command_scope_type,10057131,685,10057816,5ff736fdba8797b5fa519fd8ce2d0af1d068f098423caf6df1c0d4e1f7e49ebe,False
129,aiogram.enums.chat_action,10057846,1123,10058969,e7f8974c1ad5fe7c30e5b9f3a5da75b21f8f16de3f310898bcfaa53a182dd7be,False
130,aiogram.enums.chat_boost_source_type,10059010,509,10059519,81e42e92db70937eeec371f50f82417ae46c06e3862ff95046497622326428af,False
131,aiogram.enums.chat_member_status,10059556,536,10060092,be2bdecae279c5e1fb2776e4c13082385a5669e4c2a7f9f772ffb85dbf808ef4,False
132,aiogram.enums.chat_type,10060120,461,10060581,50572e3bd8db06a38eb189538befc3dd1997c6e6a1bd03b6f7e18af835bc75b9,False
133,aiogram.enums,10060599,2803,10063402,7de73ef54933c93fa803bef8f3563aaa1c5765aafff963751d9d8723be449853,False
134,aiogram.enums.content_type,10063433,2743,10066176,88936f34ce447de043bdd62da778c51a871bc64ff3ae5299eaa8d1dd7d859b08,False
135,aiogram.enums.currency,10066203,825,10067028,730ef527ec05a014bac379f9a0859d77e32b46af4df050f383d4ea26da769326,False
136,aiogram.enums.dice_emoji,10067057,481,10067538,2bef11cb914eb528accc8671ed5c3404a0b9f94cf64d3ba1f781548526734e5a,False
137,aiogram.enums.encrypted_passport_element,10067583,888,10068471,6c11b01c34aefdfb16251ebc1d03d056cbd9532b5e6863bb72dc408b669f3688,False
138,aiogram.enums.inline_query_result_type,10068514,643,10069157,bb3242d6c66873c9e8e34f10ba8745400898cb23ed77ca5b137e9fd7486a3d6b,False
139,aiogram.enums.input_media_type,10069192,493,10069685,3fe195d42363e64a00f1f15b2abcfbaeaa7f35e455a2f7ce18279006b65e0aaa,False
140,aiogram.enums.input_paid_media_type,10069725,482,10070207,dc88247fa5b6c57acf3b36b0956e2082b348ea4c5cefb693c3d6938751f8e479,False
141,aiogram.enums.input_profile_photo_type,10070250,491,10070741,3c62ebb50d842299afcb7c5632b7b94eab5c9613eba6d999591166b6c4a06d10,False
142,aiogram.enums.input_story_content_type,10070784,495,10071279,4ddd3b8a7b868a81c4452a311874cbc1d08d0711d8fdda73d30699975339b6ee,False
143,aiogram.enums.keyboard_button_poll_type_type,10071328,586,10071914,87736935da109ecd0d124316cb85380d564eb1d4cf88d5c919d21333a061ea88,False
144,aiogram.enums.mask_position_point,10071952,507,10072459,a9bb5bdf4b9b7092301e72862c5a4c480a7d90d68521f0fb9d347e8a8f21a626,False
145,aiogram.enums.menu_button_type,10072494,478,10072972,61dd902883dafeb6b1776c8c06c1fc9bbb317aa55528c67dafbfa23810180c35,False
146,aiogram.enums.message_entity_type,10073010,830,10073840,96a3f5c253ba9a08c17d2bd38a764caeaa9ae90e2eaed8ef4eb5eaa6a3e69fde,False
147,aiogram.enums.message_origin_type,10073878,496,10074374,4aa1595f3d38f27e8c869ba9b3325a7633a09b303d13efb590225e4601e5cc38,False
148,aiogram.enums.owned_gift_type,10074408,437,10074845,91ff7b5b4324f8cf82d3cacc42408820c684cea6ba9b3540e696773dcfcc02ce,False
149,aiogram.enums.paid_media_type,10074879,472,10075351,44bd3a2893b7a83e5af4b19e82d97c0cbda2f10eb84e12a7893749e5f5b1ae13,False
150,aiogram.enums.parse_mode,10075380,424,10075804,1dcffb298433c1a9cd0cd59c80dfcbcd0f4768dbe2d71fc9614596830247e9fd,False
151,aiogram.enums.passport_element_error_type,10075850,676,10076526,c00c1832393bca7da20f94e94ef717213a88707457882fd2f30c3b9fb1ad01f0,False
152,aiogram.enums.poll_type,10076554,399,10076953,cce941b192d58922a39ff85cdb2aad53a756b6c1ec6fe5853483d3da0e04a8df,False
153,aiogram.enums.reaction_type_type,10076990,471,10077461,67b1c6b39e22451f22678f10726424cec3032ceb0bcba862c7adac5806f424b5,False
154,aiogram.enums.revenue_withdrawal_state_type,10077509,543,10078052,e93b97c9fd69377476008feea1fe6e785ae3c5dd02ff8a33cb6ac1cac4b800af,False
155,aiogram.enums.sticker_format,10078085,443,10078528,0fe490d5b398c00d20fbd06c7c005ac3d3b1345f7096ea704dfc25c306f2514c,False
156,aiogram.enums.sticker_type,10078559,480,10079039,18140ed8f9ec240dc863d05d913060c8f059aa038d17b5a0c0c86cdcbc7ba0d1,False
157,aiogram.enums.story_area_type_type,10079078,551,10079629,61151efc7361c8b5beb6652d39b88038083659eb67fd5adfe4a8265b2a3afede,False
158,aiogram.enums.topic_icon_color,10079664,577,10080241,f0b94ee5921cbc0fa4f5e45885f1adce3926a8be85bdc1dca21a006ad5a130e6,False
159,aiogram.enums.transaction_partner_type,10080284,615,10080899,8dadd4b8c7e86af1739a3146c110085dd0a35d213afe1bc0d2b1701c46bd779b,False
160,aiogram.enums.transaction_partner_user_transaction_type_enum,10080964,771,10081735,7583666e3cd6067c87f5ac9d49fefbaaa0786cd38076354baee4d169f8de56a3,False
161,aiogram.enums.update_type,10081765,1215,10082980,a504ca1831086e85b00c266d164449459c217c936c8e505f18298a6aeeb62463,False
162,aiogram.exceptions,10083003,3503,10086506,1f0af2119a5480334693795b3917407aef24835484ba1c7b470734ab869f2490,False
163,aiogram.filters.base,10086531,1364,10087895,7cfff4c93b9469e74dd886501ce8d2cb48c988bc4a1736c7eff96d38cee4ea0a,False
164,aiogram.filters.callback_data,10087929,3581,10091510,10800da4ef3cd0884d15365df49c1b0da333b1da9d1841f6cb4bd8ef375b2ebb,False
165,aiogram.filters.chat_member_updated,10091550,3310,10094860,0754ad30892a366d1c0f5121f54f6516d6db2aa0990488536be66069112588cf,False
166,aiogram.filters.command,10094888,4726,10099614,19955742d3b58c6ea6d2d15b3c2481cbf456d15bea58a448f717a20fac5b1288,False
167,aiogram.filters,10099634,1274,10100908,03bab81ecc23c145ce4dec5baa3d146d1500df536843e609888da9d8b947e03e,False
168,aiogram.filters.exception,10100938,1131,10102069,9140c2d1a7b341f04bc6a9aec173d399f7d441807d02bc1404e6d43ac9989184,False
169,aiogram.filters.logic,10102095,1066,10103161,d953f9ae794c4776fbc746a67d59b3ef4ce6f1a4eba4cc473e6cc95ba3bc5f1d,False
170,aiogram.filters.magic_data,10103192,727,10103919,c09710bf133d5fddd5842c4f7fd6e085dcc7ae3e8d334da03371fdb9b6bb9723,False
171,aiogram.filters.state,10103945,827,10104772,fe6cf13790528911433a0b1a86740654eb7e381fc4af6e32c9566cd6f9e9871f,False
172,aiogram.fsm,10104788,206,10104994,9a482635074c4738383442ab5e6893a32d047d007469e877edf5f3873b66efe8,False
173,aiogram.fsm.context,10105018,828,10105846,d5e022f1da1e22a93f4fece28e9f7fa7fd6b7dcb05a298c6a7ae455c3b723612,False
174,aiogram.fsm.middleware,10105873,1803,10107676,81018a3cdb9d3ee45d6c8463ffab5e0b13ff7609b7b234c66a3ece8520583b1d,False
175,aiogram.fsm.state,10107698,2633,10110331,b082ee1c051f0d2e81bf81597995df3c4dd417c2c12859d3d4924d4286c0d539,False
176,aiogram.fsm.storage.base,10110360,3975,10114335,3b1aa118fe2be1e3787143aa10d457835b07ec759084f27938f34a224f8b027e,False
177,aiogram.fsm.storage,10114359,292,10114651,23acd4306fd96ec64eef0e83692b569011a27f82c3259f763240a60e2bb0fc67,False
178,aiogram.fsm.storage.memory,10114682,1869,10116551,bec3cda2136206ab1ecac5892b3f935bc813e317008297437438a6aaef2aa35d,False
179,aiogram.fsm.strategy,10116576,525,10117101,9bbf84133e115fb701b44f3132c6ae5fdd53eade6fc5b00a42034465b41ea84d,False
180,aiogram.handlers.base,10117127,847,10117974,3d7fe626316ebe2352224a575ef34612c14b4d595cc51b1f0a40b851f3b87241,False
181,aiogram.handlers.callback_query,10118010,1107,10119117,e19cd3ddf278454d0791896246e0920de1e6df35ff9a39e112863c463dc70318,False
182,aiogram.handlers.chat_member,10119150,532,10119682,c0922eb50fc12132fee131551e4569c026e294883cd6390dda31ff0b7bd5bb0e,False
183,aiogram.handlers.chosen_inline_result,10119724,625,10120349,86bfa29421f1e83f4a3be976abb08f65ed5f18cccc1f90099e42778769807d00,False
184,aiogram.handlers,10120370,1088,10121458,3a451c5b424528ed6547f4aef2b534eafae19e3d7e774c33d199e8e2f0309e83,False
185,aiogram.handlers.error,10121485,497,10121982,cf4774042e9cf91ebbbb86f2868de2798f2c5eb4e4b3647ea9dbafa513aad529,False
186,aiogram.handlers.inline_query,10122016,558,10122574,bf076bddac640c73a948f650fca529bb27d7372b2e73d370b11eb1b4a7504327,False
187,aiogram.handlers.message,10122603,698,10123301,5e5a4e46c4b3144ac7889bad087449289fe91c2306b59c416e61553fe1ca7ec0,False
188,aiogram.handlers.poll,10123327,511,10123838,9623e667c890dbbea9dcdf639ad92b61e62018987ec725ec5b3c5c3a01d7a611,False
189,aiogram.handlers.pre_checkout_query,10123878,558,10124436,9e28b700bc70f5f2d36c2e6bebda3739c7eda1b0d841d17f1ddc0df37a612c76,False
190,aiogram.handlers.shipping_query,10124472,536,10125008,0f46fc5b26f23d5fb75e1bbfe6e9fd40bab839f247c2c1ec5b388d5cc9e1e377,False
191,aiogram.loggers,10125028,237,10125265,362033646248b8f90af4e78f8acc16b76655bd2d7a24155336d88c0e4c63bc41,False
192,aiogram.methods.add_sticker_to_set,10125304,966,10126270,776df6179c900293e5254e5e32e648d3f768a2335f6d2c7758f38a57a21bfe29,False
193,aiogram.methods.answer_callback_query,10126312,1572,10127884,d7b345468787d519e360cdca4e691fdce494d8e3f295b911322c22d5847eafba,False
194,aiogram.methods.answer_inline_query,10127924,1624,10129548,a4ca47649fed02b4243237fd452fdef25914072fb98b7cac0832f03a7ec42634,False
195,aiogram.methods.answer_pre_checkout_query,10129594,1285,10130879,437fed22ed7655cf6125ca8a0ea7c738312e43422f6ab26d4f340964ae548b23,False
196,aiogram.methods.answer_shipping_query,10130921,1304,10132225,baf142ca6867d3edef5d54340848f9cffc00401604cab82ba78c9c6888841319,False
197,aiogram.methods.answer_web_app_query,10132266,1165,10133431,80b8066f6746aa04f418aae8918b441c6f102a7575b378aa4834ac1338b1227d,False
198,aiogram.methods.approve_chat_join_request,10133477,1010,10134487,5eb7f981f3dbc06293ec44eb8884fe2763ec49aab8e67d0352861c437452fd80,False
199,aiogram.methods.approve_suggested_post,10134530,1081,10135611,94e2f47312ecc173442399717b1785a98251d7136b6aeb674c400056c4423310,False
200,aiogram.methods.ban_chat_member,10135647,1368,10137015,351044abac2c47a5e4dc988f9d326b04ceeb72b2b6d8a91750396dbb91eea95d,False
201,aiogram.methods.ban_chat_sender_chat,10137056,1205,10138261,251043838f0fbc89b540222e47ff2519b979052f41380366050a7c145d2b1815,False
202,aiogram.methods.base,10138286,2104,10140390,d954435dcd93a2abc56bbff4c1ea1fbbb80919ac1b330e6c57faab7ded961a69,False
203,aiogram.methods.close,10140416,756,10141172,7f8e7d9e24dd9b5131eb48c4ed69d7d2ab0db379ceda7c2ecfe296725a7bba04,False
204,aiogram.methods.close_forum_topic,10141210,1034,10142244,4c55ad1c66dfa7368b7f9ee1b76106869a9b50f64e010bdd6fe987cd869d2835,False
205,aiogram.methods.close_general_forum_topic,10142290,1009,10143299,6aea5b365ac532eac4d29ff18cd267904c5d22b0c5086689a729fc251a1287bd,False
206,aiogram.methods,10143319,13368,10156687,41bc057d95657ed26a359792078039d04dcd89bbefcf869228b529854fdb9087,False
207,aiogram.methods.convert_gift_to_stars,10156729,943,10157672,b791aef1d31b85e95826a7138da900cc0a0825abce7ef795cf79fba1d8d433af,False
208,aiogram.methods.copy_message,10157705,3137,10160842,061a324efa242df8f4f53a864edcbe85b608bc6ff1e0d98ff8a315bf6b108a26,False
209,aiogram.methods.copy_messages,10160876,1707,10162583,35de4eae914990e7b6bb59d39ccbaacc620b7d23fd150c3e8a91dd2569df8b21,False
210,aiogram.methods.create_chat_invite_link,10162627,1537,10164164,a55f323a9a0eb0277e98c2d90a1aa15bc9cdd017a2cf2f15d4994f34db5e1e1a,False
211,aiogram.methods.create_chat_subscription_invite_link,10164221,1669,10165890,008fbf6947d664ef488d471408669a9c1195daea52f6bfc02691ded89718fe84,False
212,aiogram.methods.create_forum_topic,10165929,1235,10167164,547389559788b72a713caa42ac734bb3599f96223d1c629a3f5ca810dea9a74c,False
213,aiogram.methods.create_invoice_link,10167204,2468,10169672,df7cdea786092d6e477d83e6b8da5c100da9d26f4a7a8b79416745a677eefa3c,False
214,aiogram.methods.create_new_sticker_set,10169715,1333,10171048,a70974ab73385c101468c60d670dbb0f7b6f52dc4e93bc79e086f353fd8004b5,False
215,aiogram.methods.decline_chat_join_request,10171094,1010,10172104,731e716e7b2a368d81f1b30b96ba250e11747a2c2846af2765cb8a4ee4298d18,False
216,aiogram.methods.decline_suggested_post,10172147,1028,10173175,2a4d854778713e1e4ca0ad0e5155fe53b4930f7137af358023dff68bb7e073a9,False
217,aiogram.methods.delete_business_messages,10173220,1106,10174326,6090e4c574c2f7fcd9d92535e988da272e3e9de27619bc6e152ceb50752ab814,False
218,aiogram.methods.delete_chat_photo,10174364,941,10175305,b3786c19620a650747ae7ad22cac062330db365d0baccec5456c43fd1db74692,False
219,aiogram.methods.delete_chat_sticker_set,10175349,1122,10176471,3f8fd0406d8c2b3fe551e8c7c666012f273fcea7febf3a9589c209764e9d9cce,False
220,aiogram.methods.delete_forum_topic,10176510,1098,10177608,3b0b11c9125238edc52175f4a2649d458a54074ed20698a8c5111103e5d9a583,False
221,aiogram.methods.delete_message,10177643,1737,10179380,63db6c60bd0c88ed0d89920d1751c3f3ce93915f847540b24aa95ae1efea0dc7,False
222,aiogram.methods.delete_messages,10179416,844,10180260,5e9afba755495160501feb49020c3edf8fa57558508fa8cebd97bafe47e52f1d,False
223,aiogram.methods.delete_my_commands,10180299,1141,10181440,784efa3c6f9effd0b314d1dca4e0b708971a2da3c383713f2d2a41d2b639f2db,False
224,aiogram.methods.delete_sticker_from_set,10181484,826,10182310,3b303ab5a331209be3225af1d4057db1fa5fe00aa7caa3e8c7c1e54339abd6c3,False
225,aiogram.methods.delete_sticker_set,10182349,774,10183123,e35f9d13965fe249067a9ba143de84e7ce8aceee5a4662222959ada6322ee7ee,False
226,aiogram.methods.delete_story,10183156,892,10184048,f2d2f57f443fe531a980e9890df2f48bdb18c330f809e643e9e79eb83b83a4ca,False
227,aiogram.methods.delete_webhook,10184083,897,10184980,cb7ad7136d8df0e863d3d49bab882dc21a58f6bd6c6bfc60952c99c017688222,False
228,aiogram.methods.edit_chat_invite_link,10185022,1467,10186489,8ece3bccd1d23e851b20e998c610e9885a5759b1f22e0b31a9720c430631f884,False
229,aiogram.methods.edit_chat_subscription_invite_link,10186544,1205,10187749,299811b4b781c321c3301eb87bb0d1dd3fa6a91329934b56505489b0cc8a09e1,False
230,aiogram.methods.edit_forum_topic,10187786,1244,10189030,2318cb5fc7ce0de8e8c57df50a0123e0437f7465e1b3b3cb27e5696b2fa6a0fb,False
231,aiogram.methods.edit_general_forum_topic,10189075,1029,10190104,7770168883be5a8b13d951f97881e01f0cf53b1c8666b74fc786296ff0491ab7,False
232,aiogram.methods.edit_message_caption,10190145,1983,10192128,1fcaa539e949831569be65a31d007d156d6dfd79e70d1e4779b63e15694a164f,False
233,aiogram.methods.edit_message_checklist,10192171,1249,10193420,3f75ec1a6812dba3888647257ad5be037e44428af82f68571b0a5178ac4a94b9,False
234,aiogram.methods.edit_message_live_location,10193467,2087,10195554,60953b9271a10f39fdbe0560aaf476067db915e7a296932ced20eaa52bbac874,False
235,aiogram.methods.edit_message_media,10195593,2030,10197623,e9356b31217eb140cb75a11ba095019526acb2d14bf29f1a7a4d0b6ba1f801ea,False
236,aiogram.methods.edit_message_reply_markup,10197669,1659,10199328,1d2d5a9f4797768e46f4743f84f3de35105215d32b84d6f0fdf983357a80fd03,False
237,aiogram.methods.edit_message_text,10199366,2225,10201591,cf9515c223f69ad7452952b7630baa758a2bbef640a4d177cacd0ebcad5af27c,False
238,aiogram.methods.edit_story,10201622,1387,10203009,1dff2d3c66fe1e2eb264d940bfa0acbd647914f49930415fc3c75e974d3347f0,False
239,aiogram.methods.edit_user_star_subscription,10203057,1019,10204076,d030fbfa8234b9e0c6b22aa9fd1e8e1db90d9ba65dfbd623db29c1ddcc091954,False
240,aiogram.methods.export_chat_invite_link,10204120,1573,10205693,9139d8496990218e649468c7736254b96bf9f09d232e454fdd6d19f4432cef6e,False
241,aiogram.methods.forward_message,10205729,1824,10207553,cd614f9e99ff30eab4b3f6420a332b42c2723f92d47964d752381a5f49f9b5cb,False
242,aiogram.methods.forward_messages,10207590,1361,10208951,c18a8d04f3e64e0a0e60fb0b7c88435044bf46e0508e4204743bd0f6cd0bd7c3,False
243,aiogram.methods.get_available_gifts,10208991,667,10209658,665a947dcdccd5a258eccd32ebe2cbde1f06c17370f505267f1457d081465c56,False
244,aiogram.methods.get_business_account_gifts,10209705,2064,10211769,e1bb09b2e39aeee492df701dbed42f31101020eb9c8cd7eda35278d2fa72aeb4,False
245,aiogram.methods.get_business_account_star_balance,10211823,1077,10212900,6b1c23658fd269281d63187d06af6c7f827787269c9904b2246b793e4c8f8f6c,False
246,aiogram.methods.get_business_connection,10212944,1011,10213955,e10260a7d5b2c4c34c7603f838cb97178f642514b4c3249cdfc51635c80ece19,False
247,aiogram.methods.get_chat,10213984,800,10214784,f1aacf64717df4925d8b6d97ae02463faf1c6bfc74e673e0d630d44bea4bfede,False
248,aiogram.methods.get_chat_administrators,10214828,964,10215792,c41d90c8d62959e4c17b3ddab352c4e31ae72b2c8f9e7b701b0e5f65080a8964,False
249,aiogram.methods.get_chat_gifts,10215827,1708,10217535,3ad5107d99273f2b4f0caa7e0ac2487b8999f9ea573e55bca6d5ce1229258148,False
250,aiogram.methods.get_chat_member,10217571,999,10218570,1ea5fa29688535d3546f6a702a6b385eb00d02d39ca81dc9d860586883e67b22,False
251,aiogram.methods.get_chat_member_count,10218612,817,10219429,5d5047365be64c2e4edd974a1f5fefaebbdad743556523b6468a197cdaac2ba0,False
252,aiogram.methods.get_chat_menu_button,10219470,948,10220418,cd9b45478157ca7b4079964cff36669d2b76e1ca24e4f15a7ece18022a1e64f8,False
253,aiogram.methods.get_custom_emoji_stickers,10220464,958,10221422,7c369c3110a22155220a789c1d3a54ad598961271058427f1dcb8b0bef18b640,False
254,aiogram.methods.get_file,10221451,1344,10222795,cb7df0def990efcfbb907a01ca566d25d811385fc7e75411a287e15b711bac9f,False
255,aiogram.methods.get_forum_topic_icon_stickers,10222845,750,10223595,a72deac582bbc437240a941eda4910b9a74b213d644e3187c4445fe85c007504,False
256,aiogram.methods.get_game_high_scores,10223636,1432,10225068,c440844a4743da72797c48562ee06ecd04b0aa962b21849bfce4a70e0aa61f33,False
257,aiogram.methods.get_me,10225095,597,10225692,4f56a964aad21c14636804f85b011a39ae3e1195631a9ff3f718341a2b601c74,False
258,aiogram.methods.get_my_commands,10225728,1096,10226824,f6653daa0f6ee342c1bc78170d45dcc07e818dfddc28d8e1d81a196e8265f6c8,False
259,aiogram.methods.get_my_default_administrator_rights,10226880,1093,10227973,592346f55215959aeba6b886a49aa7c7840197916a194608db830fa6d78a2086,False
260,aiogram.methods.get_my_description,10228012,921,10228933,3b72f6b8c778a4863d2b96b9f70b5143b9f90afb1af2a951efab7f432ef43f8b,False
261,aiogram.methods.get_my_name,10228965,763,10229728,151a7720a559cf65e0ef2469871293a8b814d1c5e4d671d7f400e8d68b77284e,False
262,aiogram.methods.get_my_short_description,10229773,996,10230769,b28b6c6bd20f1832db5e373e32209571d9d76821d7c85cb757e7e426cca57e51,False
263,aiogram.methods.get_my_star_balance,10230809,665,10231474,c17a4fe48b75c2f8c93c3264d795b770087b984fc9f70fb5dd32755a493982e4,False
264,aiogram.methods.get_star_transactions,10231516,968,10232484,d6ec5e28288dfb8302a84b7c49c419c3407fb9af94ba6146c28a967fb358b04d,False
265,aiogram.methods.get_sticker_set,10232520,785,10233305,4e050291b4469f520edac89542953027bc9bc558ad77999e8601d0bf802442b3,False
266,aiogram.methods.get_updates,10233337,1264,10234601,548c68b5c1c07bc046c4921f4bf6c1ee3039f886330b3d8e3f2c9881dff1e1e7,False
267,aiogram.methods.get_user_chat_boosts,10234642,913,10235555,bb2771abb1623c9074ab63d180a8df65a50115a87fe6e762a094678d116cd7a4,False
268,aiogram.methods.get_user_gifts,10235590,1529,10237119,8a6bc4b78d3b5f2652a0540c4562e9de8d044f48e7fe5fe90c7dac2b33dec3b3,False
269,aiogram.methods.get_user_profile_photos,10237163,998,10238161,596005696cce0b5c94fb9ee3ab687c922c7d14fb3475dc2874d97fea27d87e9f,False
270,aiogram.methods.get_webhook_info,10238198,757,10238955,e2e88dfbb38c49444064985df2e46e794e2896c2fe9245f8c0ca78df183aacdb,False
271,aiogram.methods.gift_premium_subscription,10239001,1195,10240196,b553f0eeed6deafc6875574a846264095dabf90fe8007aae52c68b74f38f45db,False
272,aiogram.methods.hide_general_forum_topic,10240241,1050,10241291,c37e86d1c55ade030bb4f577146fcf9bde337494f816c502274e2b3bae1186cf,False
273,aiogram.methods.leave_chat,10241322,757,10242079,52490dbd232a5c2ec4f4bdc219801c5e1951f55e9677f6b91d5b3c7f16861a7e,False
274,aiogram.methods.log_out,10242107,836,10242943,55eca786f5f2f8145d3d4776006f4c87706cb5596123231f60d0182d112450e6,False
275,aiogram.methods.pin_chat_message,10242980,1346,10244326,0bbcf66fc3dfad3dbf3472273cb48b61698589fc3e4ba74cd5bf1ad26a8c1322,False
276,aiogram.methods.post_story,10244357,1558,10245915,b156aed360e0da31bc8c6bc924a06602454e07a8ba0b41c5c27fb774ae2149ef,False
277,aiogram.methods.promote_chat_member,10245955,2537,10248492,23a74c87e07c212e99879adb12099c68613d4ff5a8891a73d97fb3d31a244f1f,False
278,aiogram.methods.read_business_message,10248534,978,10249512,ecd0da65863da571565d5f7580c340515fdbde9b07f51255f97de3d52d419117,False
279,aiogram.methods.refund_star_payment,10249552,895,10250447,991c9965a1dd4982eb500dbdead4479b32bc6ee92cda99b257224993ee01b78f,False
280,aiogram.methods.remove_business_account_profile_photo,10250505,1120,10251625,6dec1ebf455396356f8e943f1ff98fe20614cf36980828caed1294cee69630e0,False
281,aiogram.methods.remove_chat_verification,10251670,979,10252649,7f14a108807222081e194b636f54d3eec3cf244c0a03aaa6d6091461f1dfd015,False
282,aiogram.methods.remove_user_verification,10252694,940,10253634,9a9cf5f411fc7aeea05e2da4521289583f87343f09b19bcdca0b010f78640983,False
283,aiogram.methods.reopen_forum_topic,10253673,1045,10254718,c872234bbdf777f2339b4d8273a3f58da831f6c6034bd04e1bb6e5ac9034ed3c,False
284,aiogram.methods.reopen_general_forum_topic,10254765,1079,10255844,b9f62de1be9b19c2021a72dd0380f0a7ef8a813a3892dbffb138b98d43dc7ee7,False
285,aiogram.methods.replace_sticker_in_set,10255887,1216,10257103,cf32e90f016ae8c451a4f87208b0a514d98a3d2b4258df1f13fc9bfd34aec9f9,False
286,aiogram.methods.repost_story,10257136,1377,10258513,699582e9c038b72258f8a0f378557b9bfd99496568b3cf6e666b96c49d2f0357,False
287,aiogram.methods.restrict_chat_member,10258554,1425,10259979,8f2cc972c8f3685beeafe4763d11465ae4bec5d0ae774bd60aa6f78de00baf66,False
288,aiogram.methods.revoke_chat_invite_link,10260023,1178,10261201,c0b942516c964ab03527eb4ecceac3336fcecfd2bfef5892dbe934858171b970,False
289,aiogram.methods.save_prepared_inline_message,10261250,1423,10262673,a4a0f51af722ec20e570100d21b65d6d2093dfd94b76b88a2e58a1aa5d1097a6,False
290,aiogram.methods.send_animation,10262708,3060,10265768,3e971aad3bad018dc29b1ffffcdf1baedca382a153c8b3dc70425ff9ce53bfb9,False
291,aiogram.methods.send_audio,10265799,3001,10268800,ba44d701eb2f9f61d0c12f85b4547002261fd690f35a770505a3ad7952576994,False
292,aiogram.methods.send_chat_action,10268837,1696,10270533,dcad3f65d501d1b24da6139248c437403a875609d55577516e99c23973e2b6f3,False
293,aiogram.methods.send_checklist,10270568,1597,10272165,8afdb64e72461d0d56168047156c787aaf8867881a4bc25eb49bbcec087ff91c,False
294,aiogram.methods.send_contact,10272198,2320,10274518,aba0682a9087a06ab23de50ab4ecc92045eed6b730a5336e4bac5839336c70b0,False
295,aiogram.methods.send_dice,10274548,2195,10276743,9e9cce08276fb803f34cd130181ac16c5bb294e896e62321ba168eb4741805ff,False
296,aiogram.methods.send_document,10276777,2819,10279596,710985e3c2d6ec83d88d37631b56d220b4b58f59a3d7056798830739175b2bf7,False
297,aiogram.methods.send_game,10279626,1876,10281502,0bf5d02fb3eddc292f7392656f78fce3260f1654bf21e8b534a52839cb925e7b,False
298,aiogram.methods.send_gift,10281532,1322,10282854,f2f89864a11b5212c075be99810fc5b2bb5b1482686da00da14a58633dc14ed8,False
299,aiogram.methods.send_invoice,10282887,3334,10286221,6d053cb0955d72f818cd7c783615033a4b2722e2552afed97087f7ba4e158856,False
300,aiogram.methods.send_location,10286255,2507,10288762,4ba77464f056d84c7eda2a5babaafc34e9e607f29eb5fc9873eea07c94619607,False
301,aiogram.methods.send_media_group,10288799,2107,10290906,80b5d4119b99ef7a30f003a527d71f000dbcd20232a415dc591019580dfa6c88,False
302,aiogram.methods.send_message,10290939,2751,10293690,090f1bdc89e64826dec3dd607ee68e491bd56eae34571252231f532be6855e08,False
303,aiogram.methods.send_message_draft,10293729,1228,10294957,3051198c5615a93e52e137567e6ebcf5da1f6e1800e8f1965d6314eaf08e1eb3,False
304,aiogram.methods.send_paid_media,10294993,2569,10297562,46bc9935974dfac938f832e8afc29b13285e9bd4a540070c7b16c9828f581ecc,False
305,aiogram.methods.send_photo,10297593,2650,10300243,da42a086e695550d1ba6e8732b9ba3db060628403c8ecebf9262856cb0fb78c3,False
306,aiogram.methods.send_poll,10300273,2953,10303226,104448c13e813e0b070b8d8f783ee3a661bbb96c72335696fbacbe30468c5afb,False
307,aiogram.methods.send_sticker,10303259,2411,10305670,03c868ffee30407cb99602addb0ed207522031639480cd235bf5fc05ddada86b,False
308,aiogram.methods.send_venue,10305701,2535,10308236,bd3961dcd1ab549851a49442161984c14cca8e50c29353b0303d27c0c4222df4,False
309,aiogram.methods.send_video,10308267,3334,10311601,afa21e7283d40a6ec31b77926ee634159ce75f8d703fbef1936fb6ed7223e46a,False
310,aiogram.methods.send_video_note,10311637,2577,10314214,0eafa1c3c38b2932ef6210bd7619a3aed098705b5ddc118ac67878fab28f48c6,False
311,aiogram.methods.send_voice,10314245,2918,10317163,48893de097d047386fcd479f818d2672ecd6a99fe8a20446ce659d4223d13674,False
312,aiogram.methods.set_business_account_bio,10317208,957,10318165,d37d18d05e3bf507de17107d1c4825179e0874d8e0b4787ab58b471b8c8f0558,False
313,aiogram.methods.set_business_account_gift_settings,10318220,1230,10319450,10896bf37fc81f00ce69858d31512efa9af6c788318095d7dc67af25641ef6df,False
314,aiogram.methods.set_business_account_name,10319496,1044,10320540,e8c2fd21141d6af930b4c566a668400a6c0b40e34f8b9f1451bff3bdf2e6d59a,False
315,aiogram.methods.set_business_account_profile_photo,10320595,1182,10321777,04bca6db589d3d44bf6ed12a9d4df4c9f8eff3efb76cb375dcd47432be4c644f,False
316,aiogram.methods.set_business_account_username,10321827,1032,10322859,5eebd9b11ced98a95e3ad314d9ef7b05c03e54210aae70464ae4d73854ed545e,False
317,aiogram.methods.set_chat_administrator_custom_title,10322915,1074,10323989,97c041ae722a6bd066d771ac1da05c0b129156187604a5b313010ea9436424a4,False
318,aiogram.methods.set_chat_description,10324030,1045,10325075,5f8cb2ae6c26f4a1569d82f07fb307ad9391002a1cec04774eb8da47c1761f89,False
319,aiogram.methods.set_chat_menu_button,10325116,992,10326108,51dfe54f56aa6cd6be9340e17d7592c9f7e0bf2ffa3e0090046b4497024c2c47,False
320,aiogram.methods.set_chat_permissions,10326149,1233,10327382,8d51f3cd51cbb919f1cf2a1c7af1a0a88ea57b61a84b71d5707c1746953d017b,False
321,aiogram.methods.set_chat_photo,10327417,985,10328402,1607eb1fd39775ebb3ed1133ce51550e654f67a3f218647aabbfd6e9246a6b93,False
322,aiogram.methods.set_chat_sticker_set,10328443,1159,10329602,0c3eca85c56b8214903d85b4e7a5f1c6d1ee1e33a5117b92c663c31d4348f446,False
323,aiogram.methods.set_chat_title,10329637,952,10330589,96319cac1b124b5ddcd20e4ce83ac32c3f181e84ac784bdb86d6e8fcccd4ad2b,False
324,aiogram.methods.set_custom_emoji_sticker_set_thumbnail,10330648,1030,10331678,1bab5b2d631eadd772546eaba803b4969f349d6940e0026a1e6dbbcdcb262903,False
325,aiogram.methods.set_game_score,10331713,1413,10333126,72dbb94da2efff60d53f4827ecb44aee126aae9e6cfb219e831e5e1e82aaecf3,False
326,aiogram.methods.set_message_reaction,10333167,1127,10334294,e8f4b3fa46256785d00134a45773daa1ccb6186884738d46ca5457fdfd952eea,False
327,aiogram.methods.set_my_commands,10334330,1133,10335463,fad375eb2adb1f60f079f1b853965914f4c804f5ec730f30c4d3c59d7c0d2367,False
328,aiogram.methods.set_my_default_administrator_rights,10335519,1300,10336819,2b435802f1c9f3a46500500213b319eb92a36826933cfaee57cf19f7e4214935,False
329,aiogram.methods.set_my_description,10336858,946,10337804,0e650f0f06ff4fa7408d185d0bc9ab0a71c0e5223ee8a8c0960f25fd1f42477b,False
330,aiogram.methods.set_my_name,10337836,702,10338538,051abcd1f6eccf62dbfa6d7be0b3a5e121de1afbb93b801226ea6f8a5f75b504,False
331,aiogram.methods.set_my_short_description,10338583,1064,10339647,15fbc40ad0f409beff2f2e1e3ea5c510b6d66a560cc6ef8864c98044a305407a,False
332,aiogram.methods.set_passport_data_errors,10339692,1494,10341186,ce8ec2f8b6084cb60f01c8b01fd0d2a97e09716eccaa4e853c8e64b4c3509702,False
333,aiogram.methods.set_sticker_emoji_list,10341229,960,10342189,2140a1ba780e8ec9c947cc38c82825c64376915f39b4993d30cdc19c1b4cf61b,False
334,aiogram.methods.set_sticker_keywords,10342230,967,10343197,5da3f99e6283040a36e133afd66e1a30837c607f83f0e1526f8a040d8124062c,False
335,aiogram.methods.set_sticker_mask_position,10343243,1100,10344343,91eb3ed2ab943137873d7a81461c7ba67f5b51a8dd2c2d8e23f684ea4a22b16a,False
336,aiogram.methods.set_sticker_position_in_set,10344391,910,10345301,eed7fc2b27023d18395ebe9dd09236d4f73f169d997dcc33ed601d88649a7469,False
337,aiogram.methods.set_sticker_set_thumbnail,10345347,1098,10346445,f3baf1f981265f8acc03451605a3972551be0658ff7b65279c1013f9729a7d1b,False
338,aiogram.methods.set_sticker_set_title,10346487,807,10347294,14a466541d2817207210890a135dacdd3697f514a4c051c31760bf46c6d959b6,False
339,aiogram.methods.set_user_emoji_status,10347336,1302,10348638,3d191d3145b7c3d76022de0b62478789f95e5f2faf3f7372f054cba465909c6b,False
340,aiogram.methods.set_webhook,10348670,2590,10351260,4723a94e9bf7de98037f8dc2854a5b1fa5841c6abc8f1a5fd743deac9ec31896,False
341,aiogram.methods.stop_message_live_location,10351307,1524,10352831,718b681437ba64102efc2dad0948c03fd139773f5c51e41dcd5d3e7a41a2644d,False
342,aiogram.methods.stop_poll,10352861,1102,10353963,5fa2b3a38567eae6bab95d52a78da520a448d2dad29f04fee004ec4d4a0874a4,False
343,aiogram.methods.transfer_business_account_stars,10354015,1052,10355067,e8f1a53b148f1b47b71b796bfa077b59903c5f826b61cd8bd8dda93866c1e0a3,False
344,aiogram.methods.transfer_gift,10355101,1097,10356198,f88158b74b91f81564c8b4b1ca6aaf4aa7b3a7e52db1ea9ea09f5f80d2818451,False
345,aiogram.methods.unban_chat_member,10356236,1372,10357608,c5cb1321e70891792bbd14f2b74152f0fe1b648a7524e043f7223cf9937db424,False
346,aiogram.methods.unban_chat_sender_chat,10357651,1024,10358675,4c8a1e40ba3c1dada51d77dee59017b61d9d3f72985b475dced5cf8ca8260297,False
347,aiogram.methods.unhide_general_forum_topic,10358722,1015,10359737,045ed4bdebe89868015794d8a6949151442753f8c5e93b773c70540bb50a3a63,False
348,aiogram.methods.unpin_all_chat_messages,10359781,1150,10360931,26af65423f1e7a8a31381627b14b7dd2cb70ad378469d95a47564833a3ca614b,False
349,aiogram.methods.unpin_all_forum_topic_messages,10360982,1210,10362192,6509fd56592d67c34327e2f0ad1296381f45e7a9179c4cbd7df3cc91e0839192,False
350,aiogram.methods.unpin_all_general_forum_topic_messages,10362251,1095,10363346,fa0b291e115f0fbb34bbce52ebf110022c170262016a7c72bfe1d3a1519f0618,False
351,aiogram.methods.unpin_chat_message,10363385,1278,10364663,36d36943c0fcb3bf103fe0e961a11cef20030b5a0b4afc459fd8bb6bd0e1cebc,False
352,aiogram.methods.upgrade_gift,10364696,1161,10365857,e156af34ad55a326f4e89884b81dae35199c8b18320510e805ee906b5b14a0b3,False
353,aiogram.methods.upload_sticker_file,10365897,1202,10367099,f6bec361d6aecc71247c144a09b435f49ff422c1e8a9b4277cb7f1b7ba6764e5,False
354,aiogram.methods.verify_chat,10367131,940,10368071,b2c0acb0ee77161353b5fccf206328d8d799815a44514ee772167365c83621ec,False
355,aiogram.methods.verify_user,10368103,902,10369005,474ce4640788afd38a7f2e48703b88cfe67c0682ac35c1c9f786eea36a31d7aa,False
356,aiogram.types.accepted_gift_types,10369043,961,10370004,4e39f43aa33579914cd4f3d284baa43dd00771a57a614ffba7523106aaef415c,False
357,aiogram.types.affiliate_info,10370037,1025,10371062,c2c75f326242f5c6d50c12005e7892b6d3c83eb6f954b5767e40e8131c96f881,False
358,aiogram.types.animation,10371090,1061,10372151,0b43a2c6e87bd9e2c82694a94c7950a4049f0261b12aefb1512930f16f51e6c5,False
359,aiogram.types.audio,10372175,1077,10373252,1cf7ba44692b89d7fdae31782b651dee24f90c1555f96099c0ce4acfa6362f83,False
360,aiogram.types.background_fill,10373286,734,10374020,79f4f0cf798820865f254ebf60c59f3a7a25cf62212342ab7ca30090f8424f26,False
361,aiogram.types.background_fill_freeform_gradient,10374072,856,10374928,dcd5283540b0fc77f288fc2475ab4e753296724cff2d8bc65a9f63c11bcff393,False
362,aiogram.types.background_fill_gradient,10374971,782,10375753,af5e4716d55a2b411a333494d47439f518a0b22d09bd6c06318383ed4000a178,False
363,aiogram.types.background_fill_solid,10375793,700,10376493,de425aeb62ec1408284100e4e0ace93a2af3f3be01ace502187769a462b93cff,False
364,aiogram.types.background_fill_union,10376533,400,10376933,6e7109c67d50782efda69869f4e8b1f5a54c8fba3c79cfff72a069f2b4fcdd40,False
365,aiogram.types.background_type,10376967,761,10377728,db9fdb56243596b895dcb55adbb0cb8831d74b7d21fa48c4b3ea588cca84ebf4,False
366,aiogram.types.background_type_chat_theme,10377773,770,10378543,9953c68a2ae7c9ef8e66bba12e6f3a41e082d75a49f02bafb55a76bc53caa6f9,False
367,aiogram.types.background_type_fill,10378582,879,10379461,d2d0c06819c5272b07eabdad00c5321ef924a801a1e5d5dcb4ca6c1f513c85b0,False
368,aiogram.types.background_type_pattern,10379503,1182,10380685,3de765c9e09a1a04b66696544539edccd4e76639a3eed535219dc720ed61ba84,False
369,aiogram.types.background_type_union,10380725,452,10381177,90ace789e4748cd10727ad3944fdcd3497868cbff2690140832525d2745991b5,False
370,aiogram.types.background_type_wallpaper,10381221,1049,10382270,dcbcf1062e40f74998af3f9e434849d0a91b1c02224f30c46a5e61e0a541d37d,False
371,aiogram.types.base,10382293,1323,10383616,f676d3b9776902184a6327fb9effaeba7761dc42bd3f9eb8d9168100cf9e62f0,False
372,aiogram.types.birthdate,10383644,655,10384299,7ba7fb88eb0c538ea62420848ddd01fa7ab0db2ede8c1145585bf736ceeb6419,False
373,aiogram.types.bot_command,10384329,667,10384996,ca8f11d6292ddc794d71e507752dd639ba0cb3f3b8f3cd3e589e7da94be55f3a,False
374,aiogram.types.bot_command_scope,10385032,1155,10386187,9c25448edf9530e4cea1e48f6bfb6cd1a34377eec7e71498aadb65cb541911b0,False
375,aiogram.types.bot_command_scope_all_chat_administrators,10386247,1129,10387376,881a86f01db1533088762ce0c441ae76278523aab4efaffd3161f59ed9a6580c,False
376,aiogram.types.bot_command_scope_all_group_chats,10387428,1027,10388455,6d07817a2aee44686647b9f1cd12c06e8104cf671ff353da12ebd57aeaffaa08,False
377,aiogram.types.bot_command_scope_all_private_chats,10388509,1036,10389545,c6f6bd368caace71b0bc3831d8d0efed02882f63d371bea6885b94d1458dd3f8,False
378,aiogram.types.bot_command_scope_chat,10389586,954,10390540,2524210662d06b133f652986a2b8883e603a3a8c6096d1de59b49a47b4896770,False
379,aiogram.types.bot_command_scope_chat_administrators,10390596,1156,10391752,1d9d56ea94fb9df46717f7af43649481906a1173d04167df0b7cdc6ac4851b6d,False
380,aiogram.types.bot_command_scope_chat_member,10391800,1090,10392890,294935964239bfa4b98bfc3b89b0fe7ee0c4e8e93adfea38a46de72ab36086a6,False
381,aiogram.types.bot_command_scope_default,10392934,1076,10394010,2313dc5a0845e1e769165dde72ccb9a22237ec5a053164c6176bc0f3b439d2c2,False
382,aiogram.types.bot_command_scope_union,10394052,825,10394877,1efa4b868e0b02160211588a321a96f59f5caa3dde6a197202ddf13c0eda573e,False
383,aiogram.types.bot_description,10394911,630,10395541,153a134d98729bb7ed0ca3f2c6cbcc1da6ccaf04ddccae1679c02dc99b1fb4c2,False
384,aiogram.types.bot_name,10395568,538,10396106,fd0c7431731ca14f44b41cb669e76ed08c8e860a8fdafea81c883063afc39253,False
385,aiogram.types.bot_short_description,10396146,691,10396837,fb8f40b8a8ab6c6112a79c65b5ad6bb4687194aa02a38182093dbd1c1eb9ed4f,False
386,aiogram.types.business_bot_rights,10396875,2266,10399141,6f879e6e17fb2512082bd55384bc49be62bc42e9427d9f8c4913e60f05e4ffcc,False
387,aiogram.types.business_connection,10399179,1089,10400268,bad18f101f45b14c436c1c10d000ad5fb387538bf74872585695ce445643cbff,False
388,aiogram.types.business_intro,10400301,818,10401119,6c3cf4e793e3ff28c1b24166eefdb336546d4e69ffacae528cba110a0b79c31a,False
389,aiogram.types.business_location,10401155,772,10401927,c4343646134ec125267a5edb7927e3c37349cf301080fc673c20716f16c4f505,False
390,aiogram.types.business_messages_deleted,10401971,903,10402874,1bcdbd11137a961c44bf28b3692b5106859ddddab8c2e93d2b8ffa54a1f7b408,False
391,aiogram.types.business_opening_hours,10402915,839,10403754,8d4300f14228a75e3a19d95ad5d177da0244625746c2d99fde989b09df038c99,False
392,aiogram.types.business_opening_hours_interval,10403804,853,10404657,846204d4ce77dfbf3b8e1773a541d13f45f00ee0fd845ec375fa373402cbed17,False
393,aiogram.types.callback_game,10404689,490,10405179,f8a38b69919e0e293ca8dc66081757668303f0151cf2087194dfd37c1ced5218,False
394,aiogram.types.callback_query,10405212,4237,10409449,7e4ba8f77319e14318f8238bef32d26c61b79616371bb267458b7eeeab74a32c,False
395,aiogram.types.chat,10409472,41244,10450716,bba87d9c469fe7ec5a4b228e4eceffda62d92bf40da9212e268d53295e5f5d45,False
396,aiogram.types.chat_administrator_rights,10450760,1847,10452607,72f57b7cdfe0d8ae329ec1c6511f71010369127eb4e37b2e5b1b027aee3d01d4,False
397,aiogram.types.chat_background,10452641,666,10453307,dc8ddaa7cff4cd93cffb21dda9a3de49f4795f36766611d5145b71e55bb8ec0b,False
398,aiogram.types.chat_boost,10453336,813,10454149,55c3d6129f4ef28958d9b6dfad6ee8f3337893d716c268ab4f959a31fdab10dc,False
399,aiogram.types.chat_boost_added,10454184,644,10454828,efa5df45be0b5e64b7bee2c18ff52d67d55f69310a6ea92e17397a277922a166,False
400,aiogram.types.chat_boost_removed,10454865,858,10455723,d2174e5158fdf16ad7ec202b3f4769c1b9f68fc8c248abe0036edfb1503e1e39,False
401,aiogram.types.chat_boost_source,10455759,704,10456463,0d041bce75f477306afcf92e6a868b29b4befce8abb30eb3cbf0c68b1a19d03e,False
402,aiogram.types.chat_boost_source_gift_code,10456509,1068,10457577,492af99102d47874b695ec94bbb722156645394261850281dc86248f590db846,False
403,aiogram.types.chat_boost_source_giveaway,10457622,1390,10459012,7e5202e05493397fb6e3130a938c4620b574306d5aee584fc18258c7a91655cf,False
404,aiogram.types.chat_boost_source_premium,10459056,977,10460033,bd63befbc0e9269610dae733e819153492542f38e4c8461dd0fdcd4c887b262a,False
405,aiogram.types.chat_boost_source_union,10460075,399,10460474,8fa19e5b6d2eaee32c26e08586158aea4559959eb0bdd924f0247a7bcb5fc522,False
406,aiogram.types.chat_boost_updated,10460511,721,10461232,ee1f237ba465b86d7b6857c29e8e78078e556aaae90119f11d67c86cce1eaac4,False
407,aiogram.types.chat_full_info,10461265,5520,10466785,a745bb4bc0a2db9e4b42bab74a990b6fb78a5c9380e944f7dc09104e569ed5d4,False
408,aiogram.types.chat_id_union,10466817,145,10466962,02db0754bab741341aae40abbb9735ba9299696850982acae8e788ca1e28f78e,False
409,aiogram.types.chat_invite_link,10466997,1409,10468406,46135e477bbfab2f8a145b19e679b2de5ebdb6b895e183574ba37d8ac0a110ab,False
410,aiogram.types.chat_join_request,10468442,86325,10554767,91ea2bf265965ada1117ff861e4c4640279fde88e1b4f9acffc2c0360a283409,False
411,aiogram.types.chat_location,10554799,693,10555492,8050e8a80a78cad8bf825de712db38a13e356c2fc6f76bce45701133b11bb3e3,False
412,aiogram.types.chat_member,10555522,908,10556430,6acd4fb9a8bc6acde87c62ce09cc9cb04e25acd06ac417fbafee36a6a69cae33,False
413,aiogram.types.chat_member_administrator,10556474,2115,10558589,9b20d1a0120a7d5330fb525f1a0998af8da3126f4167d12b427b797f05c57ceb,False
414,aiogram.types.chat_member_banned,10558626,1006,10559632,b9c0ebc20545d851229aa3db925b851b21c24ff72c0d695385aad9931943a325,False
415,aiogram.types.chat_member_left,10559667,899,10560566,3d02f90b9b05da8da188519ed02880fbfc9dc4e6ac546624c62bfef7606c4fc6,False
416,aiogram.types.chat_member_member,10560603,1001,10561604,735b9440f091d22368009f61e1d5689bc7025ad571932469ffbafd513383cfb5,False
417,aiogram.types.chat_member_owner,10561640,1022,10562662,008231428a8a674ccd8bdf96b45e39cbf2b807cd3b95047cbaba9dd13e1fee20,False
418,aiogram.types.chat_member_restricted,10562703,1917,10564620,47a7e14aab4ab642ebb3930cfe816127dc47690afc39ffd0052f3a5c9a89a3db,False
419,aiogram.types.chat_member_union,10564656,516,10565172,d632788e7e696d25846cda5bede26379a6a8f2748d26636bec0287d3bf7a4661,False
420,aiogram.types.chat_member_updated,10565210,84207,10649417,1d3da576139e44498058ed2d01cee6973b7fe3ef16140f5d0ed55f703eab638e,False
421,aiogram.types.chat_permissions,10649452,1977,10651429,4186b2952af1e6b8b752f27fb2b6e1dfa01ca6d27af696cde11224ba981fdbf4,False
422,aiogram.types.chat_photo,10651458,790,10652248,b4382603d4c262fcf9ab2e206b5265f5330a446fd84f7326314c95e26858e68b,False
423,aiogram.types.chat_shared,10652278,970,10653248,daa11ede7880204d2e6810c223954d9bb7aeb02661cc7a498b22a9660dc1eb84,False
424,aiogram.types.checklist,10653276,1020,10654296,49bfb9da00abaa8a1cf2b9597eb82df2529f44fc6c313ac53c41830ed16ddacb,False
425,aiogram.types.checklist_task,10654329,1058,10655387,9b256d15280daf1ae1ae6d12304e063da3c857a5009de9151ab53d6c92406237,False
426,aiogram.types.checklist_tasks_added,10655427,849,10656276,9abad53acde428bf9dcb793079b3f0aa5b304fdae1116bf217f02f403a75c850,False
427,aiogram.types.checklist_tasks_done,10656315,1066,10657381,46d92d851a8ad448768ab66f38573575e9cea25e78891fe89a48c6edc3b4131d,False
428,aiogram.types.chosen_inline_result,10657420,1305,10658725,3af2bd9a9369b79bd521959c0babe6dfdcd5bdd3ea842cf94b704af8762916e0,False
429,aiogram.types,10658743,26559,10685302,1c68bb9dd0088c21d104f39f0b1a0fee3d0a6932551e27fe428847d21240642b,False
430,aiogram.types.contact,10685328,813,10686141,43e3764f11baa279c5660ddc6d781bcf77341c1eb6d862c60cc46bd2c7672759,False
431,aiogram.types.copy_text_button,10686176,695,10686871,386bb0fb0afe525133be25278a5ce868ce1adedc11e0db8251bb08caaf845d12,False
432,aiogram.types.custom,10686896,379,10687275,cf847315f6e436d931f38783f63edc92ed5869a80c3138d335838e2992204fa7,False
433,aiogram.types.date_time_union,10687309,159,10687468,2fc9b1cd32d6bee1a622d7d2464d3bd6143b5421f71552d20e1a907385464cd5,False
434,aiogram.types.dice,10687491,718,10688209,33cf0476fa5275a6659f49e49823bbeb4ab996784b9b127217d408507935a0cb,False
435,aiogram.types.direct_message_price_changed,10688256,997,10689253,046803514288f53a9b446dc71c16cd84d5aef3e20ca676481c3cb8576eadc92d,False
436,aiogram.types.direct_messages_topic,10689293,746,10690039,59cd1383b38cf642a522f2ab2a83f3b11d188311b2e4fa1443528824f672e2d9,False
437,aiogram.types.document,10690066,1119,10691185,8290a17daa3af24bff6ac9eccf596885065fbe794fd70fe23564994cb4e1ceba,False
438,aiogram.types.downloadable,10691216,337,10691553,e2a13b57820a6cc8117e7a0d4d4e2f6f5d5db147418d6118c8483f6c9777a3b1,False
439,aiogram.types.encrypted_credentials,10691593,1006,10692599,2cb9b3520682d8c62555f7aac4e672da815deb9f7e43e201586509c924af9565,False
440,aiogram.types.encrypted_passport_element,10692644,1330,10693974,ebebae1fc2596348fa923dbb4142df7e0c61445f717cb0e6c666f9ba3e11ec13,False
441,aiogram.types.error_event,10694004,735,10694739,7949d56b68a7ff840205a46c1a36d9e25700ac3a178e9226947dff9d4b706615,False
442,aiogram.types.external_reply_info,10694777,2557,10697334,903efc729f5fec7ced7b3386be4b8c02c269e0957d8c9fe9204593c3de30ac65,False
443,aiogram.types.file,10697357,1088,10698445,729453794491cd84ffe4fc990de7d043950acf21d7a0ce8cbd3373f8ef1b5eb8,False
444,aiogram.types.force_reply,10698475,2140,10700615,756da2782b1077e91f5a44a4982b26e5caaa0936c99c3c3d19f75703df13bd0f,False
445,aiogram.types.forum_topic,10700645,915,10701560,7871a3cce95b4d583148ca88bb125c640bdb76beffcfc4a720c2a50c3495d08c,False
446,aiogram.types.forum_topic_closed,10701597,516,10702113,74d957c0587807f37ae7f6e2b347d32aee7df6a6d82a404ac9da0c6d0ff94536,False
447,aiogram.types.forum_topic_created,10702151,960,10703111,13b09a2dbb120ef75b3f5dcd0e87e024a3fcfc0baecd660b2fff9a63c98bb114,False
448,aiogram.types.forum_topic_edited,10703148,729,10703877,3a74443aae865b759b0ad66e0c89ec01049b6b78c613d6030abca217589a02a2,False
449,aiogram.types.forum_topic_reopened,10703916,528,10704444,492928c7a725e102b0e07bfb93c01eb92794b54dcc97cb2344254a840e54e213,False
450,aiogram.types.game,10704467,983,10705450,1884b169923bbded070e7b651231da84cc92cc8414d4c7a86ddce3281e5f8888,False
451,aiogram.types.game_high_score,10705484,913,10706397,5d8251bf48a18d69b88ed31d408c45e9f5ab808904d2e8956f9e871b4a28c11a,False
452,aiogram.types.general_forum_topic_hidden,10706442,556,10706998,49548921f9c4e5e68937eab372c8bfca1dfad88f6c8fbe103de584081d2666f0,False
453,aiogram.types.general_forum_topic_unhidden,10707045,568,10707613,3335edc8fb1373d7624372d7c2f827d11ba08792b9a62e5179082881819766ff,False
454,aiogram.types.gift,10707636,1569,10709205,0126c92a5127e3e015ed1d288febb3b708da364c1021897debc6374178a0e2e6,False
455,aiogram.types.gift_background,10709239,739,10709978,a66b9e14218f42bbb72f362443913f463366507496aa15ea0dcd43fa53f75c0d,False
456,aiogram.types.gift_info,10710006,1427,10711433,493391258eef2af4033f460232f63cf16b8c71f977f9931047a13b9222c8b531,False
457,aiogram.types.gifts,10711457,579,10712036,a82b3a8eaa2bbb72fdf5351d65c8401002bf6189694d1c105094038a1949acf6,False
458,aiogram.types.giveaway,10712063,1403,10713466,fdbe820cb711ec53235eea8397c118ed7fb43d01310d6d47df835ec04e11239d,False
459,aiogram.types.giveaway_completed,10713503,1064,10714567,86f437b29236d7349501133d743523d124d75baa9ced14aa97b61bae7bdab622,False
460,aiogram.types.giveaway_created,10714602,762,10715364,2a601593c17e5842995de32ec9db2015ec124345853612d73c6584bde9095450,False
461,aiogram.types.giveaway_winners,10715399,1683,10717082,ae437a7596d934a2fd213ff91eb94cf9ece81c393bdbc2f450d42400a9bdc925,False
462,aiogram.types.inaccessible_message,10717121,169266,10886387,cf8012ccc7877581f2d99aedbe0e25016e344c0c70f7b798b11e0add0ccbb09a,False
463,aiogram.types.inline_keyboard_button,10886428,1765,10888193,51d72ec0054d00df75171ec8b1d2bc4dc74baa293ddcf3d2bbb7416f0cae2087,False
464,aiogram.types.inline_keyboard_markup,10888234,912,10889146,75b7cd47b7bf8c9f2cf5a90ddb0847d5502b63c871f9df726f4bbccefadda6fa,False
465,aiogram.types.inline_query,10889177,3413,10892590,2d3474e1732f4bfa1d66e7521971d4d3ac7fc32bacb06045dc7a6933086401da,False
466,aiogram.types.inline_query_result,10892628,2399,10895027,78c236dc8902c0db2d9274f63bb11b9cf9736d557f12c74aeb436e056099a352,False
467,aiogram.types.inline_query_result_article,10895073,1561,10896634,45a4bb986a876059ffc254b82ac3cfa3fa52cb07714fed7f345c88ae8995d16d,False
468,aiogram.types.inline_query_result_audio,10896678,1755,10898433,cd131df72de94b7e6f0a7651332a5a548c4e93471a67ba85bdabffbc95b1ff90,False
469,aiogram.types.inline_query_result_cached_audio,10898484,1710,10900194,3b563ef1f7aeb82cf030181a93a725e6c7180295e1f3fe9f9f9e94be8c41f56e,False
470,aiogram.types.inline_query_result_cached_document,10900248,1832,10902080,85a09c36e6564adeb9c5a7dceaea3de0de8ea5b1c0ae13b5411e93d3e858d9bc,False
471,aiogram.types.inline_query_result_cached_gif,10902129,1902,10904031,bbf44394b5dce71096116847b0521909a17e0ce426c35283ae0ed15f2b24cd70,False
472,aiogram.types.inline_query_result_cached_mpeg4_gif,10904086,2012,10906098,713631efed3684fd0743357d10afef36ff09c3ebbd3e01e23b0e7889d4702a44,False
473,aiogram.types.inline_query_result_cached_photo,10906149,1956,10908105,d123d5a106279497f90ea7453be79988c1047ca69421d3e7cdcb5a42ba1f89e2,False
474,aiogram.types.inline_query_result_cached_sticker,10908158,1438,10909596,dfa698ccace50cc66df03bcd9bb62a7bd5bd5fc170f3b9b49790483a914ab56a,False
475,aiogram.types.inline_query_result_cached_video,10909647,1955,10911602,f38b63da73ce6c9592073394563ac38b28aff104b65556e7facaffdfbf01eda8,False
476,aiogram.types.inline_query_result_cached_voice,10911653,1741,10913394,438eb9c95b477e0e1d0813102457fecd409d76e3505e7745f61d7f2ca1eb3b5d,False
477,aiogram.types.inline_query_result_contact,10913440,1682,10915122,6e876de06ec26edb6f7856d8d35437c15c870d529e73f48e02d447b67582482f,False
478,aiogram.types.inline_query_result_document,10915169,2045,10917214,3565db5354dd3368bab00f39ac99488bd8cc2f92f05fd46f1b2cd71a76a7bc06,False
479,aiogram.types.inline_query_result_game,10917257,1050,10918307,1426d83b0f0d005923575065e9b0b5a6bac57721025b36678a62dbb00ecafd95,False
480,aiogram.types.inline_query_result_gif,10918349,2089,10920438,667f7fd3700c583a4ad9aff905d6686bdfa9a3e60593d498307ef5a4c6a99995,False
481,aiogram.types.inline_query_result_location,10920485,1895,10922380,046eacf3bb6c7d8d6c23f4507b4beea4d9e2b72bf347550d35e2000a9b1abc20,False
482,aiogram.types.inline_query_result_mpeg4_gif,10922428,2213,10924641,9df180e530321eee12071143b213246590b1822feba834cd24358c0a673bc7aa,False
483,aiogram.types.inline_query_result_photo,10924685,2022,10926707,b21d467463e28571951fafb94a1f43b5ea144c4ab71f9a18253e284813fc9f32,False
484,aiogram.types.inline_query_result_union,10926751,1909,10928660,04c1a2e5696047f32d1d29672d79e6ecf3cb6e27046a4a3ec90425b838a1d0f3,False
485,aiogram.types.inline_query_result_venue,10928704,1859,10930563,cff5158cabc3e43c087955438aa6f20f5075b42b0c1460b19f4d082f88d06ac5,False
486,aiogram.types.inline_query_result_video,10930607,2315,10932922,52ca629063468c5990a6bdfd2a2c47d0dcee6eb122aa55921397b9903e528a06,False
487,aiogram.types.inline_query_result_voice,10932966,1766,10934732,1d50edd674e775b41199f950dcfc5de3dfcd3070d29559d5cafc0f350c2190dd,False
488,aiogram.types.inline_query_results_button,10934778,979,10935757,70b199d18c11fad4339339030a05ae1289c819f252d9c0bf4362a16019f42000,False
489,aiogram.types.input_checklist,10935791,1156,10936947,a7c7ceb4dbbd016e3c5b89fd3af789ab3ca5f3bb4532c7c2d4a87b4a93cb80e1,False
490,aiogram.types.input_checklist_task,10936986,882,10937868,4dc830cf895b5ddd6ad88c68bbe030824d933ae33197593a9409f8db02699780,False
491,aiogram.types.input_contact_message_content,10937916,1049,10938965,b15bac29c11bba491ac41fdcd684146152e1ac5a4c0fa8aa02108c0403d3abb5,False
492,aiogram.types.input_file,10938994,3278,10942272,cc13fcaff4e80339be8c44e3e6cd79af12a6825526c7d004e29ab7abd5cb100a,False
493,aiogram.types.input_file_union,10942307,177,10942484,a1462db66260a2976c6121156df9c78fe487210ad0610eeadf2a4882702912d0,False
494,aiogram.types.input_invoice_message_content,10942532,2320,10944852,f949185f9ea9b734d8eac77ae0f07c8b719b7565316a78634183a63236b1e30f,False
495,aiogram.types.input_location_message_content,10944901,1285,10946186,5ccb14814fe955c6ed367d56602f54d33f41238323f00180c9a22f471704fd2a,False
496,aiogram.types.input_media,10946216,805,10947021,df798eab50b865f5259120f8dac6e84015c44b5d1f1fdb613491865dc329eb38,False
497,aiogram.types.input_media_animation,10947061,1597,10948658,a2036cafad39dd68ee8f274a6364dd13d19cb6baeeef2148150c923406a43239,False
498,aiogram.types.input_media_audio,10948694,1318,10950012,fac47080cf8f22f6bce262910b9336f54bfb465b23ef95738ec5b4884b52437c,False
499,aiogram.types.input_media_document,10950051,1319,10951370,94cd70e003b42e1097cd3264d40ab67edfca7d28e6ed84fd76b959cfb63838d3,False
500,aiogram.types.input_media_photo,10951406,1305,10952711,8e5bc67b3b95341f60729e8506221ba48a37065be370fb76f37c7f8a103bbaf3,False
501,aiogram.types.input_media_union,10952747,440,10953187,b1fc1e71a9791866dc082c16ac1f6a17d90e68b0f76e5af748466ed7c32eec5d,False
502,aiogram.types.input_media_video,10953223,1732,10954955,a5840afeb0099242a948fa53863a92a6e08bb607d7acdb8c53ea8a8e135af976,False
503,aiogram.types.input_message_content,10954995,1009,10956004,a485a10eb24ba99485d178dd132df1138112124db70c637954540c61ba8b5c58,False
504,aiogram.types.input_message_content_union,10956050,606,10956656,2dcb7171bc3633bd08355fa026f20b69cd307d4249f245a46f879c9c6eb301e4,False
505,aiogram.types.input_paid_media,10956691,604,10957295,1f40dacb28dfb5f2d047a5faf4f0a1c8b8576b7845e346ee6c88213c989f8c99,False
506,aiogram.types.input_paid_media_photo,10957336,901,10958237,fc6ed2515b9c8fa86f15977b9f8d89b6b8256c67428999a395e0f3586dc20e63,False
507,aiogram.types.input_paid_media_union,10958278,294,10958572,30a357792fdfd265822fdc7ee9febd3502890fb50b457d959169a246fcd31c12,False
508,aiogram.types.input_paid_media_video,10958613,1426,10960039,d5ccaa46b0dbd1477c12528ef7c45ddd5c1c20fb963ba5324c6b21d2121a07b1,False
509,aiogram.types.input_poll_option,10960075,936,10961011,f81721c90ad6b219548429e2788f8029118dfb9be4b1b7870f3f0b6c04f65bf7,False
510,aiogram.types.input_poll_option_union,10961053,216,10961269,2f85b38c2a98e5bbc7192e800d7cb88a4c2f704ceb885df1f3970594143d0d07,False
511,aiogram.types.input_profile_photo,10961307,649,10961956,26bd3778fd2c98cc8e526358dba1d22fc41d5c9d2eed40cb302fcdc80146cb9c,False
512,aiogram.types.input_profile_photo_animated,10962003,1103,10963106,89af8ddff7917951a373411fa75dce3a4c2080c6a1ec1834717244f95b7ff85e,False
513,aiogram.types.input_profile_photo_static,10963151,971,10964122,6f3de2cebc13048291eabfcfe097a52d1a3c7db5a7c9b733f9a13e47cc396a66,False
514,aiogram.types.input_profile_photo_union,10964166,320,10964486,232bbffe50dbd2fc524bc6e82c028e83de1c331527739e2f11e94eeb70f1cb04,False
515,aiogram.types.input_sticker,10964518,941,10965459,90273eb16c3b96b31b324051339dd5900656fe8ce3ccba5d7931e6108e2bb652,False
516,aiogram.types.input_story_content,10965497,649,10966146,6a551f4339540395af2bbbae182fdbda807faa48385579f77c485bb42eb8839b,False
517,aiogram.types.input_story_content_photo,10966190,897,10967087,687d4c305e58756286cbb749c27ea259c3249742474e5914b8838d13d0e07ccb,False
518,aiogram.types.input_story_content_union,10967131,308,10967439,390576e51cac7e2dc6994a8d738fb9d2f4236e853824a396ced9a2cba13f6c00,False
519,aiogram.types.input_story_content_video,10967483,1106,10968589,152ede17842a9360663488b48cfe18a023802720e51e9da146f60494906d71b1,False
520,aiogram.types.input_text_message_content,10968634,1414,10970048,5cbdb6a41e64b0a119a56028d699454a67e4f08114b7e08856d5a72cd28a9fc5,False
521,aiogram.types.input_venue_message_content,10970094,1305,10971399,e5038782385b940dfd30ac2178750b488e74dd54a98e02cb7291a631a074d7dd,False
522,aiogram.types.invoice,10971425,769,10972194,28b9cac82ac3c48b3f853268e44afd2c0bfd813034de4a3ff369e55f0567530d,False
523,aiogram.types.keyboard_button,10972228,1842,10974070,34e4c4e73fc2713e77e5c0e52f57f7e95299b52d1412f47c912619f5d0f66bd1,False
524,aiogram.types.keyboard_button_poll_type,10974114,820,10974934,f1127d25054a159f274fe5de5ff603087be263b4e26189c052005592a9af7749,False
525,aiogram.types.keyboard_button_request_chat,10974981,1998,10976979,4e3750293be6a575605b7c78e6ee2084e2a22d4a16eae233e88cc19eeaac7792,False
526,aiogram.types.keyboard_button_request_user,10977026,1141,10978167,b4540670ac53f9496a9bcde34d8b48b32aea0a955fba0e31b25369f122d840ad,False
527,aiogram.types.keyboard_button_request_users,10978215,1238,10979453,2ef5740e1f7c5749d7172afb74c9e6213af0adbbdbb04c8de923a03b048848c4,False
528,aiogram.types.labeled_price,10979485,697,10980182,c86fd263b12735ced1ffef866f87cb5f0cfeadee9e92dec970352f039f85a36f,False
529,aiogram.types.link_preview_options,10980221,964,10981185,7d45d079926a79704190c4ce8297579f4358ae95f11f4a58538977a19fb662f8,False
530,aiogram.types.location,10981212,990,10982202,3db03288e022cd4dc315fce2d8fcba981719b7342fb4c9cc5582588b51e6eee9,False
531,aiogram.types.location_address,10982237,813,10983050,da27bd190a13352a7b15732a97207a7f976f12b0c447a55b5a00ac43b45d8c0f,False
532,aiogram.types.login_url,10983078,1349,10984427,08bc1df2bda58804a2ef29f9546b1488449a8e959924b0cf7ae88ac8c3559906,False
533,aiogram.types.mask_position,10984459,762,10985221,e4052e346ee695fcac6bdd7a3a12b7e83e15d9c52996052aefd5a1c4672900c1,False
534,aiogram.types.maybe_inaccessible_message,10985266,643,10985909,fcc515719f689a9941c2695c9b591088430938a94c81d62097b5fbb68c08117e,False
535,aiogram.types.maybe_inaccessible_message_union,10985960,283,10986243,86b8cc4807d0e903bef7c23cd6e404ad7a4d1424ee40b5051f7dfdaf92bd10ab,False
536,aiogram.types.media_union,10986273,343,10986616,ac281ed7387c9e4df086eb3728002028b7421757479e764c52585b49551de0ff,False
537,aiogram.types.menu_button,10986646,1248,10987894,e790e681cb4b9e6ffce378528fd2e7a3de1af39f69fc033ba37616e009f56885,False
538,aiogram.types.menu_button_commands,10987933,812,10988745,f27bd2e5387b8cba9be1f0e15a780b2d19c466c9fb87951011e303e9612c798d,False
539,aiogram.types.menu_button_default,10988783,797,10989580,6f83231e6ccb7ca27222d142111761e63f0c6ba0ecfc17eac9d54247b1929f8f,False
540,aiogram.types.menu_button_union,10989616,328,10989944,470a41ce5ef37c767f9c326691fa25e75ab8f40fed8c85fc3c96f2aa0be7db85,False
541,aiogram.types.menu_button_web_app,10989982,905,10990887,3108b492790ccccc5bbcb5c749aebbd2cb685652f148e4df58846dfd32b66918,False
542,aiogram.types.message,10990913,197088,11188001,305d1c57ca05903f3ed003c72e3a7b4227030d27af4cbe7aa2c89bab57b1c2a8,False
543,aiogram.types.message_auto_delete_timer_changed,11188053,869,11188922,283185172cf0881d2214e60d6d4a4569d3e7639a658d245c0b7646075a47f767,False
544,aiogram.types.message_entity,11188955,1166,11190121,f1a26ca3a7f14c04608fd6edc6ad781f8d68bb800cc872e537c77a0fff2ab6c2,False
545,aiogram.types.message_id,11190150,623,11190773,deeca07956d3b08b65a24a7f5ead40e0f7b8aa9fb9e95fec010bde3bbce52dd4,False
546,aiogram.types.message_origin,11190806,737,11191543,1386b14c99d747cd233384df3582d08404d4c10de418e8d5cb85fefa0597600c,False
547,aiogram.types.message_origin_channel,11191584,1038,11192622,3de1fe4590f27b3b830b5bb38c92ee4bf487b0a3225862bc3200ffcc9ec3400f,False
548,aiogram.types.message_origin_chat,11192660,1003,11193663,598c70da56cbdfe4e01f69d1c9ba1eb89bf9de7d175efef28fe51f76cc967e9e,False
549,aiogram.types.message_origin_hidden_user,11193708,842,11194550,de218e8db7ba1f56eafb5309fe7f01c939942dc6504209e7cc5a5f31a06e2d7d,False
550,aiogram.types.message_origin_union,11194589,425,11195014,4bbd6a27b96123fcd89e16f05d37ff6670169b3605da9a8ecf5c7bc8668eb701,False
551,aiogram.types.message_origin_user,11195052,905,11195957,e9c10096e42aae268f7359860bdb649c24700b953474e9495e5fdf572fd813a8,False
552,aiogram.types.message_reaction_count_updated,11196006,943,11196949,f09434f84ebd110fd6690a97eaec56e2492804082b52891116262d32b696f75e,False
553,aiogram.types.message_reaction_updated,11196992,1113,11198105,c27cf757ff2f374910a7bcbd82220c20d9a7a416a6e8ba42d417fef3c71f632a,False
554,aiogram.types.order_info,11198134,857,11198991,5ccee5e6757f2cfbea1fd990037b03b608ac16922114efe70c763e29017c3110,False
555,aiogram.types.owned_gift,11199020,593,11199613,82ca0410d927e253ad150fc829dee02bba18103bd1e0d92898dff767d493256d,False
556,aiogram.types.owned_gift_regular,11199650,1648,11201298,0328ff984c31118f7f313dc988d2b96d99dad503b296944ccd9e48d02391a923,False
557,aiogram.types.owned_gift_union,11201333,241,11201574,a8b248284b11c452a351bdfcc6523f327f5c8f03749e8263453e85eb779b35fd,False
558,aiogram.types.owned_gift_unique,11201610,1333,11202943,3f112bc152e34b3f91c685cef90ff9858bfc26dcec271c834784f99ca6cc901f,False
559,aiogram.types.owned_gifts,11202973,793,11203766,96c965f4ee7cb9ea6df005f0c59bb96e975157005a8816b49575868368d5b543,False
560,aiogram.types.paid_media,11203795,605,11204400,eb1c25f1a928e3320cc70d9532ab30a8cd551b1bd1bd46cf806224c232bfa8aa,False
561,aiogram.types.paid_media_info,11204434,731,11205165,7f7bf38aa662c00c475a2ba723fd3d91cfd5ea1d692a732236852afb87b6ee10,False
562,aiogram.types.paid_media_photo,11205200,780,11205980,c16c0fd1325cdae4a62c1e02900577ce6c45d7819f61042d612cdfa5ea172f93,False
563,aiogram.types.paid_media_preview,11206017,894,11206911,6ac279834bdb560272de5b6a2f07c41f303b51b56f4819cd6709ec79c1cf3265,False
564,aiogram.types.paid_media_purchased,11206950,825,11207775,a0f4098d405faeef1e13b653aa11ab76a9909f9f5f3f7bd36a4202402291accf,False
565,aiogram.types.paid_media_union,11207810,303,11208113,b870692b0ff21a282d0eb7ba4e58c75322336997c865eae069d8a824bbb96619,False
566,aiogram.types.paid_media_video,11208148,760,11208908,1bb6f1bfc5d2a1ce85399807ac3c1421b3f19b7f7f8039372ac31da5df518440,False
567,aiogram.types.paid_message_price_changed,11208953,816,11209769,6ba81b79b20aa86091f6b11e322afbf69c6a6130b98da61b4d8e9cc8443eb2d7,False
568,aiogram.types.passport_data,11209801,785,11210586,cbc6e9065b1147e6062809bc143165548f45fb5b6930764c43048b0c0c1427eb,False
569,aiogram.types.passport_element_error,11210627,1433,11212060,265b9d51f81dd432befccba67289b114b4f66b91a9c0b62189a5a08dadb31d9e,False
570,aiogram.types.passport_element_error_data_field,11212112,1174,11213286,7e2fd00c52995bc7e614e9ec618b2eff19a11270100ca7f4e9b00532556d0e72,False
571,aiogram.types.passport_element_error_file,11213332,1073,11214405,7693de3364f781314f00b860ed82d7d3bc6d89c4f4dd0240ad7aa85acd552d02,False
572,aiogram.types.passport_element_error_files,11214452,1122,11215574,3a50ef2f267a87863ca8cb0f2afb42a99bbbf0cf69bb81efa63d4e0fa7705a5d,False
573,aiogram.types.passport_element_error_front_side,11215626,1160,11216786,bbd5587fb65130072b789346d4d59b8b4c9acdd544a3a9343555385e584c16fb,False
574,aiogram.types.passport_element_error_reverse_side,11216840,1182,11218022,0601b4627b64f1c12469b209a414c392c48e7793dc0532993021f20c68d1209f,False
575,aiogram.types.passport_element_error_selfie,11218070,1099,11219169,2e71a499c5ba13bb10e21b01e6f13308da27ae655089fe9717f410da30d6a409,False
576,aiogram.types.passport_element_error_translation_file,11219227,1224,11220451,e761b096161aa4a02aa9b410da2a12c99504605118724665dfa0e8e78c74e663,False
577,aiogram.types.passport_element_error_translation_files,11220510,1267,11221777,5139c1a1d12953ba4e310cabea7cb0437915835268a547c40538d9e4defdc6d2,False
578,aiogram.types.passport_element_error_union,11221824,1078,11222902,89dfcbc748bcd424410db5f024fcca532d9208e87099aa392c347b88f548ea17,False
579,aiogram.types.passport_element_error_unspecified,11222955,1140,11224095,84340bd51cb045cfe1d530906abe1789ca4adbde79f6fe0c285e3f9cdde970d2,False
580,aiogram.types.passport_file,11224127,907,11225034,3e476882b7b1e060774dedb3569b035aa9e343ffc53dba59e63be61883d88266,False
581,aiogram.types.photo_size,11225063,894,11225957,28db94834c37330d8fdab9282740265b445e79aa55c8e31e5f28f28bc9810d0c,False
582,aiogram.types.poll,11225980,1506,11227486,c3bab4dfddeb56c3f398e1fe98a7c1e3fc5f568e804b308d9476c5e9d514c450,False
583,aiogram.types.poll_answer,11227516,829,11228345,936749b2f83ca3cb3d062ab9fba329e6584c5dce4e1296cfc25924b6d5b1fcf8,False
584,aiogram.types.poll_option,11228375,797,11229172,55880d2a9f4694b0e689294f5c54e1132df4cadff72bd25d2f8af6d386f0eab6,False
585,aiogram.types.pre_checkout_query,11229209,2770,11231979,5cf49e658e82d392c948db48973a6d602c27d777a486845abd873f62c398d5d5,False
586,aiogram.types.prepared_inline_message,11232021,796,11232817,71d501a4aa22a0948cbaaf6cdb555106d86ebf00bd14baf6ab9301ab9b5e5bae,False
587,aiogram.types.proximity_alert_triggered,11232861,888,11233749,55e57efe3890e60f1bf38025cdda015ab56533e561b1f5b77fd1c716fe6dd6ab,False
588,aiogram.types.reaction_count,11233782,742,11234524,63833a6050b0bfc3959eb7fecdc92ca545b35e35b8b7f364b1d9abe21042a933,False
589,aiogram.types.reaction_type,11234556,657,11235213,f48d51354adacf7372bee97c95583e7dfb883ce017142766bd49578d824f94c2,False
590,aiogram.types.reaction_type_custom_emoji,11235258,783,11236041,bd0c9fa32d21e9851d1eae7f2d320e158a125ff05ee5f5f7073671436a97a6c7,False
591,aiogram.types.reaction_type_emoji,11236079,699,11236778,799ce56e20529a6fb7d15133efa3e5307a6c70dd7e0f4b2be41071b73c86a950,False
592,aiogram.types.reaction_type_paid,11236815,658,11237473,4b8e0f2b4ad17f73c52a9c67491d97680595678d50f49a1b61839d85b5d21b23,False
593,aiogram.types.reaction_type_union,11237511,349,11237860,48b33c47c3ca43558c00dc9330d45281568a184821f88ead36e39e6c151d2401,False
594,aiogram.types.refunded_payment,11237895,876,11238771,62dcb1c7aea6abfa9d5479476a06c8f145fdbd1c0603c9d9b3e8aa3c48678181,False
595,aiogram.types.reply_keyboard_markup,11238811,1470,11240281,ac7f7b8990a40fc772a9fe162f4b7fd8f22e64f6c30afe27305fadceac3763d3,False
596,aiogram.types.reply_keyboard_remove,11240321,1297,11241618,14118800767d130dcd10901c7b3951b75f847127723d6323f292bb7969d3557c,False
597,aiogram.types.reply_markup_union,11241655,390,11242045,117ff056861824c2e84310e9c2aba10176eec640d36b30dd638d7aeaefddb60b,False
598,aiogram.types.reply_parameters,11242080,1353,11243433,9c1402a2ede61ea56b84a7558e1740da088e27f2b988ad17bd701fe015a46d60,False
599,aiogram.types.response_parameters,11243471,816,11244287,f7e893801cb150ae4ce44fe2f8ffd9092dcf457a84ffea8ab309b986f1c13d59,False
600,aiogram.types.result_chat_member_union,11244330,523,11244853,4fc7b773e99c785b0e1d33cd4766e41dbf0ee67200e2e38e00c387e4726f8e18,False
601,aiogram.types.result_menu_button_union,11244896,335,11245231,1864f86457ff06a188e8912b6c42be97483a9cded1108452fd0068c5ce19b9a1,False
602,aiogram.types.revenue_withdrawal_state,11245274,810,11246084,2292f2d919a018f0901bb37db58504c5c9bde03e0e19e46fa803583b43c9d43f,False
603,aiogram.types.revenue_withdrawal_state_failed,11246134,964,11247098,2dc52ee074ca303d9c66ac887cf428ab0fe5cbffeaeb03be9e74932747a720de,False
604,aiogram.types.revenue_withdrawal_state_pending,11247149,950,11248099,8e07f981b5d08f9c961a52eff77b8274e39931b7aa1ab13d8ea1d5a3f48a1a3e,False
605,aiogram.types.revenue_withdrawal_state_succeeded,11248152,1050,11249202,2bddbb3714b08c2f9145e960c7c413654640e4967e3763a067d69835116f1e0a,False
606,aiogram.types.revenue_withdrawal_state_union,11249251,479,11249730,60e9037e5f497a094cbaec042c3bdfe51f4bfd5ea3ccadc76355ef816009cf7a,False
607,aiogram.types.sent_web_app_message,11249769,814,11250583,6a2b6a2a4c72e7128600048828765eeae006b75250db76b70db2e56afe09f139,False
608,aiogram.types.shared_user,11250613,1003,11251616,72c80da2f127ccae26340b919863e7f0a4176896fcbdd1cab8d40f5829b60ec4,False
609,aiogram.types.shipping_address,11251651,834,11252485,39f394ceda6bad60229376126f7a31c81304f82372bf89c93a0d59afcaa1fafc,False
610,aiogram.types.shipping_option,11252519,722,11253241,25b0008ca4b4e6c8b877b11e2e8cc20de183f529fc7b6cb12046a23e256a7f1a,False
611,aiogram.types.shipping_query,11253274,2506,11255780,1f42d423b1b05aed7be8ed01a6b081e44ad703c9e961944efe0abbff3f23e4f1,False
612,aiogram.types.star_amount,11255810,701,11256511,913e88ac3b5c824f1285a4d2089301ea98ffe4b2c674b0198d797c43d8b6a3a4,False
613,aiogram.types.star_transaction,11256546,1242,11257788,0f109d58fc5e63da50340526d4a9497a2f02765ae91d3d422c6b1e7913ded8e2,False
614,aiogram.types.star_transactions,11257824,721,11258545,49bcd89f0c1bb2131a29ca0cbfad090fb4174c13be58b5571c4aeae3c50fa67c,False
615,aiogram.types.sticker,11258571,2912,11261483,8891bfce20959bcb33e773c255326b8c348e2e29cc7db4905c1e6577740cd90e,False
616,aiogram.types.sticker_set,11261513,1002,11262515,bb01989bda7ed9aa1e39bf84fdbf177b4d856540b01bb9a6796a44c9f9540fb8,False
617,aiogram.types.story,11262539,574,11263113,138f2861ea0054cd10e41eb1e8865f7935e817ab4d47f0fb57df670cbe4ced20,False
618,aiogram.types.story_area,11263142,695,11263837,b0161779e13852a53955325050dbc047cb7da2f4d20822fd74f2848989f26b35,False
619,aiogram.types.story_area_position,11263875,996,11264871,7f7ed684cc57225e5f7d7cd42fd0d92960ff435b547ff20cfe828421c7218d0a,False
620,aiogram.types.story_area_type,11264905,867,11265772,f47726cac8de8c751db2e0ae11d24c68547f634163a1fe92aae229b81143abef,False
621,aiogram.types.story_area_type_link,11265811,888,11266699,13d235b831ad17076f41c375e1d15cc194df967b4898338db49256b7f037dd63,False
622,aiogram.types.story_area_type_location,11266742,1054,11267796,fad1d66608f0c79e1a3b34979c097fd4872626c3d833f9139acf0552007f322d,False
623,aiogram.types.story_area_type_suggested_reaction,11267849,1210,11269059,b84f9225eef1dde821b643e108130f38c334b8b103de5e0690a564063f30fd4e,False
624,aiogram.types.story_area_type_union,11269099,532,11269631,daa3ce36b94f0397499ca4d08b0803607199c7855e85a256941cef467a2599c3,False
625,aiogram.types.story_area_type_unique_gift,11269677,957,11270634,8c4373ee515e338ea74bbb176eb1b011d350df143c757e9f0619ad3ad302ae3c,False
626,aiogram.types.story_area_type_weather,11270676,1039,11271715,cbe9ed47b40a4d3343167815a74fc2a1762d2fc6c7c15ee3aefea16f7809afc1,False
627,aiogram.types.successful_payment,11271752,1680,11273432,f48765b2c949ff8092e8e60f0699840621fa3346188e36fa60a979bde1289c71,False
628,aiogram.types.suggested_post_approval_failed,11273481,1022,11274503,25115a3d6e4cdc829fb4cc011e6976539c25e6c9a254d7ba63ae700154a887a6,False
629,aiogram.types.suggested_post_approved,11274545,984,11275529,cd7c1de6b10b709e0c7b57530ad3a4290f70b5840cca21e22b6328651894457f,False
630,aiogram.types.suggested_post_declined,11275571,890,11276461,6ed127214b0be7de20524fc871d217ac2a33d69033d2a4cdc2dda2b7b4268ccd,False
631,aiogram.types.suggested_post_info,11276499,867,11277366,9c17a21e9c389a88ae522231d75bd42c0df924ae1ea8502ea25e6d4220e31193,False
632,aiogram.types.suggested_post_paid,11277404,993,11278397,c0d41d6e719f59770ec4af0293ff802c7370cb775780d643343c5d0396e65245,False
633,aiogram.types.suggested_post_parameters,11278441,905,11279346,f494715e0183330fb7e01a4b284161dbc3e37e6a049321397d78bf5682c3a5d4,False
634,aiogram.types.suggested_post_price,11279385,715,11280100,e1f28789322bf4f94a49c26465e867a4c1767a21b8d91a8a03e5215d7190718d,False
635,aiogram.types.suggested_post_refunded,11280142,867,11281009,164dda1a1b3e88cf31a18455b108a662f9cd20c9826f52bc64cc7feac107fd8f,False
636,aiogram.types.switch_inline_query_chosen_chat,11281059,1064,11282123,3030f55b199447ba188ee46afc00e6d11da60d790d92b19aefdae79ea634e0ac,False
637,aiogram.types.text_quote,11282152,872,11283024,bd918ea1c7de7f0ba987b1acb93965c4657019554cd9d2ca2ed17cd0a5258650,False
638,aiogram.types.transaction_partner,11283062,1132,11284194,df7b3bfd3e460b5c90a5e9eeb67312c9a0cf4ff67821754a5646758e020b0763,False
639,aiogram.types.transaction_partner_affiliate_program,11284250,1199,11285449,1efd205f2afa00d97f9e220558a7337c802a7d0ddfaf6fbe14df7ba16e3cf244,False
640,aiogram.types.transaction_partner_chat,11285492,933,11286425,e256ab4eb8d163e749e2177a8be7e6db3748330006ccf31ec814e976c90847df,False
641,aiogram.types.transaction_partner_fragment,11286472,1042,11287514,c4afed63016611fd29d42e0a68a86aea386440202da367429a247a6ec412d4ab,False
642,aiogram.types.transaction_partner_other,11287558,894,11288452,cd6c56337ac7d526023b9647df97383edfc79b215af4bf7d889682bbdefc2a9b,False
643,aiogram.types.transaction_partner_telegram_ads,11288503,970,11289473,52f8cb93efb43a69a11613fe1abc1a8f4624e6f20c30fb1c259092fba6120d62,False
644,aiogram.types.transaction_partner_telegram_api,11289524,1071,11290595,7ca8f1bfda05f4f1f58bf759195bdf2ea00f94077424f19f45f45b6522a39cb0,False
645,aiogram.types.transaction_partner_union,11290639,796,11291435,df1f8c624a2b1c73dd87497b99262d9b1b0e4e2ccdbb6c17013b77161f2b9711,False
646,aiogram.types.transaction_partner_user,11291478,1507,11292985,e3c57aec91497b9eba8cf149dc55ad846e38896bfaad6dffb5037ee361a69419,False
647,aiogram.types.unique_gift,11293015,1256,11294271,f769f6e4fc9355a0aec03cb11a3f17396129f9fc3b9b270ab02876c132267029,False
648,aiogram.types.unique_gift_backdrop,11294310,815,11295125,09cc78e9bf5f3c67a1e059b426675c6e28e470bcb987d21875ccdfc7166944e5,False
649,aiogram.types.unique_gift_backdrop_colors,11295171,887,11296058,a5cf1d81d3f11daea63491447781dfac34935489962db8d8a9a3038074964bb1,False
650,aiogram.types.unique_gift_colors,11296095,1211,11297306,804ee7380095a9d26fe88cec75703c70294d97f04fc2e1adb42b5e8bda974015,False
651,aiogram.types.unique_gift_info,11297341,1423,11298764,6c4bf8bd06fd825952c139d554c163e15d0ac7419d43118d253453a112e56580,False
652,aiogram.types.unique_gift_model,11298800,757,11299557,bccfb5b7a6f8b8bd7cd9efab532a92db1065da3b8066a44efb2bd73513d59bb4,False
653,aiogram.types.unique_gift_symbol,11299594,787,11300381,d0b4dbd0c623492555d41ceb20916b879a8c2b82e239c57c0353528b4627b964,False
654,aiogram.types.update,11300406,3753,11304159,5ca07d90bb23f903fc25262990104b5bdfc2213b1e3f06a3fc855b667f879862,False
655,aiogram.types.user,11304182,2981,11307163,804a8d482a3c33478b4276a9454fa4668bb4056cf4839c6108385cb48c683008,False
656,aiogram.types.user_chat_boosts,11307198,698,11307896,91b76aa00926fefffa80f67c2f40084981495ca5fc23dacf4277299f23afdc2b,False
657,aiogram.types.user_profile_photos,11307934,760,11308694,32e3d0635a6a8ddfd9761d6580c9a1b3c64bc5d50a10cc4bc31e0c8edfbb9021,False
658,aiogram.types.user_rating,11308724,835,11309559,ff98999e0e0c4419d66b0ee24f27b99c1bcee4a1171491e0a5ab59dd24df020d,False
659,aiogram.types.user_shared,11309589,844,11310433,160fa65148f81acb7023fe4f8dd7b9a958b503efe82aaa19af5b71457d6edc64,False
660,aiogram.types.users_shared,11310464,974,11311438,ae4cc1fb7c9f98b9ae5948afa1646f826830170e774161f2302b559e0c5771d7,False
661,aiogram.types.venue,11311462,974,11312436,adea2f653f14356cddcc0cc42416738b052a4bc4249d28b7d6ad49937bfb475f,False
662,aiogram.types.video,11312460,1186,11313646,e1a7eafbeb1156176692b38857912fd494a31f960caec9350c4495347fa1c2e4,False
663,aiogram.types.video_chat_ended,11313681,687,11314368,9bd8eeab9f9c539472d9689abbeb85a11c8e7a923b2806584e1242537159641c,False
664,aiogram.types.video_chat_participants_invited,11314418,817,11315235,0dcfdc0b5ddd21bb6b75fa11bf8a9f6e374a0dbb0e7bd25bd2fee625a37e17c6,False
665,aiogram.types.video_chat_scheduled,11315274,764,11316038,63f602293db5a1b9cf6b0a100ffe48ac359f223996e736497f7decf577a9801b,False
666,aiogram.types.video_chat_started,11316075,516,11316591,5d4b27b42677e50d095e389178a17c5ee6a3cb41335f56e8cabd5816db0b9492,False
667,aiogram.types.video_note,11316620,1029,11317649,125f7b8df296335ea6727128aae0009e4f0c9aa67231340b0254553b13eff72b,False
668,aiogram.types.voice,11317673,793,11318466,8d6f1d271424c05d2c800e5228d9c30ef990f9ef41d2e4c6cea6249210ed64fb,False
669,aiogram.types.web_app_data,11318497,700,11319197,3ba2b53a213da560dcdff6f2333a9da7c1fae2e07e35cfb2956d7ca8a81b632b,False
670,aiogram.types.web_app_info,11319228,631,11319859,2eafdabab545d82e7c9ba089e3286bb656cbc807165dbde8a375c9cb4aee98aa,False
671,aiogram.types.webhook_info,11319890,1418,11321308,6a1d18099592ecc1674076e91d287f7ce0395fd93d0d8c567b22d0478585da83,False
672,aiogram.types.write_access_allowed,11321347,1068,11322415,cb617fa7962e2fcc4d39ff25430a95a1240da29dd9182998354ac734302a9422,False
673,aiogram.utils.backoff,11322441,1076,11323517,8952d3cb14dcf199b51a8f9dd9616e79fc913d89f01f6a0129792969bd15c7ae,False
674,aiogram.utils,11323535,214,11323749,3012e26552cbc1d6a1fad427d0764f010518ef9045cefdf747ce21a0a3a76448,False
675,aiogram.utils.dataclass,11323777,1041,11324818,71d339ab7715d4c6731c87ce749a8a99f9747369d994dc8604d131d9d66a7d75,False
676,aiogram.utils.deep_linking,11324849,3108,11327957,16c1298870c2066abc04274eb3e62f328447ee1014587185d1ea7ec0dd0d7859,False
677,aiogram.utils.keyboard,11327984,8290,11336274,9241c68c1b57bd30d1734b18cecb11af92ee5a3b156e215e88ecd83c5e2a86a1,False
678,aiogram.utils.link,11336297,1156,11337453,7cba1af25ec46cdab3f1d1c302d2896f2e8901ac93b69acd6168fa3079a1a960,False
679,aiogram.utils.magic_filter,11337484,671,11338155,15872249feb7ec910c3e3ed6854a9e0e725b3dca82f21fbb57323a5232fc0593,False
680,aiogram.utils.markdown,11338182,2178,11340360,9502cbd28c7f3124665d1287d3ea44b0859dc20a2b9e6568386d6eb81ddd9c16,False
681,aiogram.utils.mypy_hacks,11340389,505,11340894,7cf650d3779f50e6ed16c5b34239a822b3e86a8401d41a9c4c4ec5fe563a8cd8,False
682,aiogram.utils.payload,11340920,2528,11343448,a46151989b96e2060e76b4d9f779516f9140e7de9207aedae948eb5b8fab658d,False
683,aiogram.utils.text_decorations,11343483,4061,11347544,66d3c57c0ab97efb91ca1945d3ed1c9d4bec07859bebb615d9be2d3df2849ba2,False
684,aiogram.utils.token,11347568,834,11348402,ba7e506fa5682f4e3b8af26967a054c051ef2e2b60b9f6e0a1172ec46966f124,False
685,aiogram.utils.warnings,11348429,267,11348696,9eaa94118b73e2a769904541518450ebdcfe665e891689c33829dc57745d2c85,False
686,aiohappyeyeballs._staggered,11348728,3758,11352486,c8afecfd820164afdc9f87987c9df2cd7606507be5a68bafc0d56ac61385b54d,False
687,aiohappyeyeballs,11352507,561,11353068,a0d3e2e7e00983c2263b96f9d227033f042f12995b507d364cb519a99ef90600,False
688,aiohappyeyeballs.impl,11353094,3355,11356449,19c88f9ec618442d46a23dfff1fac1f7d22dd7bd314dd3a226687a6663ad78a6,False
689,aiohappyeyeballs.types,11356476,206,11356682,8c5cf1e1e7874c21da1af796f1418f64a3ebe8ce172d2afba6001540a79bfb8f,False
690,aiohappyeyeballs.utils,11356709,1218,11357927,52d5d6d2a428a54aa1cf6256d0712ffb9d59199095bd197a00fd713c57147e71,False
691,aiohttp._cookie_helpers,11357955,6431,11364386,bb6f6e24f3815c5ea96267ce7279ece9e0f6d5ee06b16759c8524b70899541f6,False
692,aiohttp._websocket,11364409,273,11364682,6276196949395bbf430864151fa534c6ad13d44531159842826d7b596333aec4,False
693,aiohttp._websocket.helpers,11364713,2057,11366770,0ee7ba582ef09adbd5e1f31906afedea5d896d2eb5a631fd3d346ff749ef5316,False
694,aiohttp._websocket.models,11366800,1238,11368038,101caa46360f91f83a7c3b4982fde42a1c3a7e5b4e96498c6e9be765561d6525,False
695,aiohttp._websocket.reader,11368068,394,11368462,b9ae438276d9a894fc283d3d6785e9ebc09540f4fb73d7e0b34459372c073df4,False
696,aiohttp._websocket.reader_py,11368495,3761,11372256,e14d0c25331e928c711b2d5dc991910fa1dbf5a6f649f14ce862c8351bb90607,False
697,aiohttp._websocket.writer,11372286,3668,11375954,0654ae2bdd2f28936cc7020812f6edddea4253151bf647d3cec7360131d9407b,False
698,aiohttp.abc,11375970,5119,11381089,71c32ef205cb3d83a9ae04dce391e3245586e003e54c2388aa74661e2efc8e70,False
699,aiohttp.base_protocol,11381115,1384,11382499,0691abdbdc4fb0a45944c00caca139250f5bf2bebca525f0da4c3012b192ae73,False
700,aiohttp.client,11382518,19204,11401722,7b1d44ef8ccd9d4fd0f51c16c311abd108fe60600c6ead0d97833debd8c82b58,False
701,aiohttp.client_exceptions,11401752,5938,11407690,09f3064b072a7fe50a5d519037782f39a42c1bbba1cec2cfbaf8ca5c45a2fe46,False
702,aiohttp.client_middleware_digest_auth,11407732,6902,11414634,ba3ebd47b53270c7564bfe4ffef366e2c39c9e6993856fbfbb08ca7f575fd9b4,False
703,aiohttp.client_middlewares,11414665,1264,11415929,5cac8a4ab3fc0669836431fd9cd89efb6c8ee1ce7b75a0c9fe16199488918a37,False
704,aiohttp.client_proto,11415954,4168,11420122,a3d40fbd76d36a07f94ce16bdb10e86231a0388ccf4f6630b2a9f2eb443bc29f,False
705,aiohttp.client_reqrep,11420148,18426,11438574,4b9be1b5496cea4c6eab32ff78737089027068bd8538b6e757734cc2d8f721e4,False
706,aiohttp.client_ws,11438596,5131,11443727,827c55b4540e6f74cff006dfeeb9bfc852e52de9d7f003fcbe8195dcb13ad587,False
707,aiohttp.compression_utils,11443757,5139,11448896,df6d5a0254fe7d1dcbbc2085bbdd32f6edf04f733d4be37dceea9501e112969a,False
708,aiohttp.connector,11448918,22402,11471320,5a998b99e3e8e3a9dea267f747dcae4318037047141250a1ee6dec5188928d80,False
709,aiohttp,11471332,7054,11478386,4b76436ebe80413d72e4bd898d32e5c524d0bbf8bd337a9b01e238b42570efbb,False
710,aiohttp.cookiejar,11478408,5121,11483529,ef37d88e9810db1d1b32be5422fd2dd63e37daee2751a472193313edd6bc76aa,False
711,aiohttp.formdata,11483550,2490,11486040,96adb95efca9ac1418e0c77573d5597cc4272eb4babdc17c1d616efd948818bd,False
712,aiohttp.hdrs,11486057,2866,11488923,4ab4df279f644d7bad682f4ec0d4040aa5f78baf1d8f5754f7d86c6e235e8807,False
713,aiohttp.helpers,11488943,12476,11501419,5201411eb4262a826c1a80f05c978604446e761a06953e482c47b93fa8d544ae,False
714,aiohttp.http,11501436,1378,11502814,fa123a1acc0e64d6a5707f0f97867d4c5a90230bf735f5598ac64a920c7ab449,False
715,aiohttp.http_exceptions,11502842,1887,11504729,3e62cf02fb138fe623cf27fc2d37c1f730cb4ec7c02b33bd666c7386bfc8aaee,False
716,aiohttp.http_parser,11504753,8529,11513282,c28e7e0347d4ac73e6659246713f4aaf960dee53522e3d9638debe2dcd0c0343,False
717,aiohttp.http_websocket,11513309,803,11514112,d940fecf3a55cdfc87274c8baaf2ca4f6c6654c9d9908dd7d0fcb9796d6ca541,False
718,aiohttp.http_writer,11514136,3623,11517759,b2a2720e61529677e28e1267fc09886927d10801ae1f79a7e28803732d21d27e,False
719,aiohttp.log,11517775,278,11518053,32d97a352f1f14e87e9579d73999d1f5424fd5f16e7806de43c05d8b37becaea,False
720,aiohttp.multipart,11518075,13396,11531471,2340f4096b6e188183e7296cf3f354ad7e2d2553d28a0f302eeae17604f3e12e,False
721,aiohttp.payload,11531491,20800,11552291,a843189dcb72033263f91a6649688bdad07f9ab40e343af6ae2a7b473e677435,False
722,aiohttp.payload_streamer,11552320,1678,11553998,4ff68ec9f63e97354c7af3547aedac89b9ec604555c689dd325a7fc394ac37b6,False
723,aiohttp.resolver,11554019,2991,11557010,29cfb669412d6d56c63290d732c2f10b437a8d5361ac95319a445fd5d3219d62,False
724,aiohttp.streams,11557030,7136,11564166,24fd346c926f61e451accbd195322f5414e4a0ba0def83bb6e15a4236959e775,False
725,aiohttp.tcp_helpers,11564190,467,11564657,bcf8ad978eb563550858d8168015b9eb3161a9d5a0d621d94b3d8ad280076e88,False
726,aiohttp.tracing,11564677,6285,11570962,08e7813b6ebb22bdd528c240ce4cdc831f9c42801c7e2ed25c730cef160a62ad,False
727,aiohttp.typedefs,11570983,1014,11571997,c2ad4d680aa05829e2ebaeef978483ea8a251cc20e26ecb5e906d5f4309c20bb,False
728,aiohttp.web,11572013,9028,11581041,e83a70dd37a2190839bb5715d38fe0adb377217c150a588aaa68de76db6be5d3,False
729,aiohttp.web_app,11581061,7533,11588594,aca709f0e184a0d4ed3c250aeb78f634208a595e4958e37ecf81a48fb5d2b0be,False
730,aiohttp.web_exceptions,11588621,4367,11592988,503dedf3c4782a7d4dc59d9d181b28befbc5a7fbdcb3afeb44aa8c52476fea2f,False
731,aiohttp.web_fileresponse,11593017,4260,11597277,bbc75cb26249df652ba0772b29f05ca6e292aeb15885946d4e3e854ef09fe39c,False
732,aiohttp.web_log,11597297,4254,11601551,6b2b3fd497f7695b0efe44c8d53fcf073240fab9a6be91f5b1a67d41398f6c6a,False
733,aiohttp.web_middlewares,11601579,2493,11604072,9304ac6d52a16281d02f54e85e48e373f87d3da939f4dedc6425720c92fe31f5,False
734,aiohttp.web_protocol,11604097,9203,11613300,86df8bdef790f4213d90eb373b16918a517d5bcadd52bcc85770422af984b2f0,False
735,aiohttp.web_request,11613324,12461,11625785,b808d2b49cfe026281d9a63fc7982cb9be1c2f1159b881eb2c0a66a62157f4c6,False
736,aiohttp.web_response,11625810,8746,11634556,d6eb3fe14da654157a5437f1af205f489fb6a4f7ff6c2a3278e74ccd3f47dd5e,False
737,aiohttp.web_routedef,11634581,2310,11636891,00b5b56e294f27774cc780092e82d90c23c3c4ec622af92867d31cad1cf772b8,False
738,aiohttp.web_runner,11636914,4175,11641089,03524f06ee94704f4fc4a103d28de2d5997208fa76ec1ee5b420a5f09277cd63,False
739,aiohttp.web_server,11641112,1605,11642717,253fe1444dde6115acf35078ab20ea5ce23989667adad4cd6434efefbcd786ea,False
740,aiohttp.web_urldispatcher,11642747,15119,11657866,dddcf6cf87b55de8d83effd2b80750a6377fab036d6c06d1f7b8439c79b8dfc1,False
741,aiohttp.web_ws,11657885,7047,11664932,311e554c446ac00c1f672aded5a31c8ab0c93940388254a8bcbb3abd82f0fe7d,False
742,aiohttp.worker,11664951,3158,11668109,a88a20eb8fd6e51c4416112068d9871f005a9b8760a4b840bd212319ca453caf,False
743,aiohttp_socks._deprecated,11668139,762,11668901,36b4f6d3221f5547a003382d8819c21e5b67b19ca9808a046acf47dd707a6907,False
744,aiohttp_socks._errors,11668927,378,11669305,8f03d9a1f775f7e2d85273255c47ea09d66116ac226307b7a7ef13b4d8672cef,False
745,aiohttp_socks.connector,11669333,3044,11672377,276235798f13f85a640b9a6d83f2ef9430c4944943b5b8c221f038b2cae92c77,False
746,aiohttp_socks,11672395,921,11673316,f7f35e81b11aed4ff4a085bdaf507e3d0e829b4e39853a507a418179604fe6f7,False
747,aiohttp_socks.utils,11673340,1049,11674389,51bd4c229ed315d4291862c9c60e6545273900f5cd97b4aca16caff35d107dea,False
748,aiosignal,11674403,1120,11675523,a4e8a7b21467471f7d6aeae15f66b707c49f9ccfa3e9acee182662415df1cf5a,False
749,annotated_types,11675543,8377,11683920,ae05fc329a498bdd1255c0cf74c22a4e8e0836d07130cba817e238457d68e726,False
750,anti_crack_advanced,11683944,11149,11695093,5b58438ac8a0f1dbfa5e06e24f0a9c603ec8fd3a2c743bd020a731517b654c1c,False
751,attr._cmp,11695107,2487,11697594,94de9318fa0963c99c597c0310b5607e211d12e8b39860fc9c41fffd81913191,False
752,attr._compat,11697611,1085,11698696,b820950bdd45911353e7f8a4b15c1b930ac00d434f129742315311c11d0347a4,False
753,attr._config,11698713,631,11699344,3c814381447d25b949c040949421bd018af774ae2b97b3e2bd6bb88ed37b3cd0,False
754,attr._funcs,11699360,7755,11707115,483945f2d975a0fb61aeb32f05cf13f05c2232075dc114743fdd01af351be0c5,False
755,attr._make,11707130,44190,11751320,75d757a0767603960e0648c736acde075c5e701efe7aa0fb17141300838acd2a,False
756,attr._next_gen,11751339,24755,11776094,635c271d35d15286597888d807fc87a118408d06f2d74c005eba882ea7759117,False
757,attr._version_info,11776117,1268,11777385,3c88651d43dd34acf9635db84ef6b628cbe05bd6887a9fcfb09c3cc9cf171b75,False
758,attr,11777394,1853,11779247,cd65ff64102779cba3893e2bcbf949ceac10b48d2dfc31d416a17538a7ad69ee,False
759,attr.converters,11779267,2582,11781849,e4e70290d1db5f418877932ac2d829b038eb5c07323338ff01cc3aa2e0f39a8c,False
760,attr.exceptions,11781869,1809,11783678,dd0e23be58093e9502e6d0016626005137a7b164f0a40da257b3f00dceee11aa,False
761,attr.filters,11783695,1356,11785051,67b783e4b7747daf0ae2855040486d3d0279158b817f3549803ef751059c226f,False
762,attr.setters,11785068,949,11786017,30eac44d4350b58cd7a0be6e5335c8e96218c9cfa01455932e263eccdb8f14bc,False
763,attr.validators,11786037,12891,11798928,ed335d5a4652f17f0f23f049225ed5bebf07d3ac97eab7e69c0043b760365156,False
764,brotli,11798939,1218,11800157,bca2332fac143b2fe52c87a66c28a1996f8fe236b552161d85bf6aaa748b96b2,False
765,certifi,11800169,209,11800378,9a7710df7db4f35c0f318cd2f4d778d5c564a34e9d6e7cde6e1ce85f8f966286,False
766,certifi.core,11800395,345,11800740,e7a9536d32f7e8b0afc108575217273ac4d6b7f50c797a5f70f4bf2aa5455c27,False
767,cffi._imp_emulation,11800764,1002,11801766,81ac84b852f9fad1059ad64c3e05b34553ab7260db433594479653cffbed6cf6,False
768,cffi.api,11801779,20147,11821926,6fc42699040e444c88a747400345cbc6974b33addffff45107f34f15b01759ab,False
769,cffi.commontypes,11821947,1048,11822995,6d04d4ce447f0c3434ce9f73deecd78252d0064641a41b91782ace49831ee0da,False
770,cffi,11823004,465,11823469,15f1663ce61138fde0ad96cf8fa9eafb04846264388f30601563029ceccb3f2c,False
771,cffi.cparser,11823486,9863,11833349,14297322bc047618c0410c5203e9f4f39eb15bbd9b27e7df509791e62054adf3,False
772,cffi.error,11833364,665,11834029,29250d856b683f0963913b1df3b372cd0478419ba16e55bf41f06ab1d97df3d8,False
773,cffi.ffiplatform,11834050,894,11834944,e97ba97faa5cf826fb9cb63983781ece310644b6cdccaf627eb917d56608ff1b,False
774,cffi.lock,11834958,120,11835078,ffc8c0e39cd5f33bc06191231dc78d1c57580eb91c9a1f216824a19f937094e2,False
775,cffi.model,11835093,6773,11841866,aa3549d8bf1d43fbe664056fb54f69ce15de2b204f3e34c9466b0760f1ed907b,False
776,cffi.pkgconfig,11841885,2407,11844292,68b0a1ae6bfc5da0882558c96db19ec7f685c4fae6284e0cd3523373bcec3218,False
777,cffi.vengine_cpy,11844313,22429,11866742,b8d80ed7430feecb5403955e82d9fef72ecd254d2d347f43082d791fad796c79,False
778,cffi.vengine_gen,11866763,10274,11877037,739599064bcd1c52494d0b08ba6bb851f93cad41ff24c28b86807e5ab01831cb,False
779,cffi.verifier,11877055,3541,11880596,d5337d1702164338730b25eafc29a946539af20f280d22d4711c53e9e662b75a,False
780,charset_normalizer.api,11880623,8086,11888709,4a184301bb24e0f977ce4f278d697038007329bec80e29899c90c05ea7d7ef15,False
781,charset_normalizer.cd,11888735,5494,11894229,52ea51341dd8c80e18f4133664fa0dcc356935eda1dca06c53ed93df31e7d8e6,False
782,charset_normalizer,11894252,1576,11895828,49788b5e2dd40b52fc5c6edec71d510888aebc5b3098f60dbe0f5577c84dc475,False
783,charset_normalizer.constant,11895860,20236,11916096,55bcb32cf031292e014082d20fc3102daaa7c64475b1c2d17f121229bea72b8f,False
784,charset_normalizer.legacy,11916126,1276,11917402,b341111e5284a65267c838c87fa407962577f6da8a4c279c6f5ac8be1fb28a7a,False
785,charset_normalizer.models,11917432,5877,11923309,72c1c17fb17b951c56ad6012bac0b49b907c24d31fc735ad1d274657ee24f48c,False
786,charset_normalizer.utils,11923338,4404,11927742,a44524698df5dd61029b6b3b339d21026cb0810145b6ca9a5e49dd3d662dba63,False
787,charset_normalizer.version,11927773,153,11927926,50268ab13dca8e18a659820146826d3ce82409a3078703dd57d5a0e35e7bf86a,False
788,commctrl,11927939,24776,11952715,9fda6e1ab9a3c745afd451f5f98caf86c78d6d3ab7c9c8240a3bb5f3e1a2d7f3,False
789,config_manager,11952734,2423,11955157,da41438fbe624e6bff71d8f8be86228e0b2fdad43b74125427ae1a7e809a78a0,True
790,cryptography.__about__,11955184,232,11955416,086080d818598e628455d19504dbdb653491d34f2bf698fa79b0c0daabc0dfee,False
791,cryptography,11955433,276,11955709,e1fb0d1d63bfaffa304cad1b2b35761f6918ce71e6eef242b0125b9375b43e51,False
792,cryptography.exceptions,11955737,766,11956503,8d547ba318e988b92f0589fbb34394f58448fd1876d7ffddf6e19ff447ef9c9a,False
793,cryptography.fernet,11956527,3191,11959718,272d2712e331758d1885c376747fd495d9f5f380876ba428dc3c6911b5fd3e9d,False
794,cryptography.hazmat._oid,11959747,6336,11966083,fb640190321fe3baa802072e306470b17e5c3f52f533b9bd6a221fc1956f9b74,False
795,cryptography.hazmat.backends,11966116,453,11966569,811c2e115df7831d41756ea9d9fa847129f30cc70916e63024eaad05bd04bc29,False
796,cryptography.hazmat.backends.openssl.aead,11966615,2196,11968811,0a1cfa36fc127792ec1b5625e40cac1c7c745728b691acec16a47906f5b33d6c,False
797,cryptography.hazmat.backends.openssl.backend,11968860,11964,11980824,82fa10cf3c4b6da596942f6c33f961709ecbb629a3877c60df2a94f704a04b4f,False
798,cryptography.hazmat.backends.openssl.ciphers,11980873,3124,11983997,6cc3e8ad7a5daf8f3a0ff546c54d3084bc8d8364f2ee5e57e19fba20a304bc33,False
799,cryptography.hazmat.backends.openssl,11984038,527,11984565,0fc77ed987bf284c6bd8d91a55d515ab4ea65842729c9d917760e99e3017a015,False
800,cryptography.hazmat.bindings,11984598,337,11984935,909549936dd425378fef137ffd81c6149006829706d63aaf7fee0ad315fc3d65,False
801,cryptography.hazmat.bindings.openssl._conditional,11984989,3400,11988389,7ea6766e755257f7698d9702b7ce76c0427d1a86365a550ce7f4ef087bfad782,False
802,cryptography.hazmat.bindings.openssl.binding,11988438,2463,11990901,0dbb133fbb3c7f00188f71940a2af09a33974323e3e98d486e7764248076e8ee,False
803,cryptography.hazmat.bindings.openssl,11990942,448,11991390,71bf5fb577caab2b88df49389c5925453a22c21e53dc3985f2fd20c8a639ddd3,False
804,cryptography.hazmat,11991414,251,11991665,7bb98123c7cd3818bd4b3db16d0b4a1ed4ac316919049127668f60886dbd815d,False
805,cryptography.hazmat.primitives._asymmetric,11991712,507,11992219,8a0e9802dcdb6fa30140af34ef884dbfecabe59f9469454e3272251c96093cf8,False
806,cryptography.hazmat.primitives._cipheralgorithm,11992271,947,11993218,7ef350be294d11586a2f3841b834ec773cf5127cebd48e887cfb24775b5780c8,False
807,cryptography.hazmat.primitives._serialization,11993268,2848,11996116,872ccea2d2d3541c029970548304b08751143acf85ed142503b9bf0f2c2301d9,False
808,cryptography.hazmat.primitives.asymmetric,11996162,478,11996640,9f9eb882efbad05ecac4005f20d4814b7bc4ab727f1986d0439e75f1658e2f4e,False
809,cryptography.hazmat.primitives.asymmetric.dh,11996689,2749,11999438,f58d69635c90030280759a3d4f58cabe88d76ac67fb45fe6ff739741a9bc1138,False
810,cryptography.hazmat.primitives.asymmetric.dsa,11999488,3091,12002579,2f56dec1e2a9ba55142e17dc642ed6a249ac10ea5e1892da9a3ebd733093f8de,False
811,cryptography.hazmat.primitives.asymmetric.ec,12002628,5228,12007856,b425102dc346fdf2341b3cfb10ed4e1e8db2cf4d2b7ee4f568dd657c63e870c2,False
812,cryptography.hazmat.primitives.asymmetric.ed25519,12007910,2540,12010450,0a9f9cc32888197392d06cf393a30a41dd72f2639ab40b0a9faac5c707595d55,False
813,cryptography.hazmat.primitives.asymmetric.ed448,12010502,2494,12012996,299c8f1ddd76323784d21397bdbfb5b386378a5ba558c40c450a0eabbb4f6267,False
814,cryptography.hazmat.primitives.asymmetric.padding,12013050,1748,12014798,b771ca14086ce985776bc822677ebb973ae18681d7affd44993dcd2ca19c63a9,False
815,cryptography.hazmat.primitives.asymmetric.rsa,12014848,4457,12019305,5b74e08d7b51b5292dd7a9bb13f5eec9081c7fe44fa02c90806ab8deeafe7770,False
816,cryptography.hazmat.primitives.asymmetric.types,12019357,1305,12020662,e50adb6c87c1d64fede1a2ba689925713b7993a2df52ae839b273a054ba49b44,False
817,cryptography.hazmat.primitives.asymmetric.utils,12020714,600,12021314,2b981a4284179fd1df3f3c4d5e19302111fb73c27c5f168382a1c19e991c940a,False
818,cryptography.hazmat.primitives.asymmetric.x25519,12021367,2481,12023848,e80f0bb055571b746c9725514f846f1d3d1a02c7b35f6311723aff9e46740434,False
819,cryptography.hazmat.primitives.asymmetric.x448,12023899,2431,12026330,15bc4b029964dfaea4f2157bda9d842c5f52259f104c0286046485703025ba99,False
820,cryptography.hazmat.primitives.ciphers.aead,12026378,1888,12028266,d1d1b6535bd4ff93912c7e45e33997dacba7528fe8f411a238f05caadc70bb5b,False
821,cryptography.hazmat.primitives.ciphers.algorithms,12028320,1907,12030227,a5255becc64df4c94ebfd22f5662c025346600bb300c8a912d2732bafc5fa55f,False
822,cryptography.hazmat.primitives.ciphers.base,12030275,3950,12034225,682bd2bff98a03a8bdf882e557781fe60b5bbd207165f4cd46d247caf860df0a,False
823,cryptography.hazmat.primitives.ciphers,12034268,954,12035222,6488c3e65a8308c183d3045f413fb72aaba6662452dc3ea576fe77f6c0170e5d,False
824,cryptography.hazmat.primitives.ciphers.modes,12035271,3559,12038830,4351fe8b398d8ac2df22c9d806a2b370ed58a5a9b2b93abfc2bca21bea96bf28,False
825,cryptography.hazmat.primitives,12038865,347,12039212,1399bc30c8a3dc2e8a3b2f34c74387d1ba7a07335d5eff128009e930ab2c6acd,False
826,cryptography.hazmat.primitives.constant_time,12039261,232,12039493,940fb16c1c6a255d3d15ffa49fb2c672c2b2edcca46e668e4c10d6489e9dd405,False
827,cryptography.hazmat.primitives.hashes,12039535,2472,12042007,cb11faf5071c0ed9640e66701f2164acdd5373dbdb470883dbaa47a6cf87cc7d,False
828,cryptography.hazmat.primitives.hmac,12042047,269,12042316,a9618c495f100187f13165c140bec49d2f55f9dae6cbf69bcf4666c0b72b42b6,False
829,cryptography.hazmat.primitives.padding,12042359,2511,12044870,54664675845529fa714ce70b29e103e11b4da990bc042b72bf4d474777468531,False
830,cryptography.hazmat.primitives.serialization.base,12044924,383,12045307,a6b4f9d9d06031fefa0d83a28a7e92ae9178dedba7e5e4fb40ebc0649a813e8b,False
831,cryptography.hazmat.primitives.serialization,12045356,2147,12047503,fd23fefab6d995eec2d25f9911bb6da50ca4c70781dbf91f433d5f4bba9c260b,False
832,cryptography.hazmat.primitives.serialization.pkcs12,12047559,3485,12051044,1f0a8b36f35d5c048a5b298ad1e81bea0d3a22d3285548f0e034e413289960e3,False
833,cryptography.hazmat.primitives.serialization.ssh,12051097,17857,12068954,a1bcd4b910af7761a6ba35a1ff933a4c9f64ad8c9062b6ad59121c348e929384,False
834,cryptography.utils,12068977,2139,12071116,27c2c637c352781d960f2f7cdf67f76f78c4d81f0136a6aaf77500f9fc34aac5,False
835,cryptography.x509.base,12071143,18512,12089655,1ce2edd97ec8a18d009c58233ad2ce11fe2b3534766dbd447e3d58fc917af8d2,False
836,cryptography.x509.certificate_transparency,12089702,2077,12091779,a958f310fcd11c5eeb3575a4efcfc086d70691556fdde092d25419250fa9fbf4,False
837,cryptography.x509,12091801,7666,12099467,3cc9dd5f0e30f70701175870a98714bba1472266a61456c4820788b835ea66c7,False
838,cryptography.x509.extensions,12099500,25987,12125487,bdc4af28cb103e62ca6cace78f83333b1e81be30e9c282eadaf117678f4e3f16,False
839,cryptography.x509.general_name,12125522,3337,12128859,6f4fac5d381948c1c0bea03d6bdfb57bdb6a40341abd2582a795458769bd1845,False
840,cryptography.x509.name,12128886,7118,12136004,5557cb66db3f32767fa0283287911039d29fb35aa1e84e18b48ee29d01729db9,False
841,cryptography.x509.oid,12136030,795,12136825,4bf4c147c0ee2d04a4df03dafb6fab74859768298f9631db1562610aa91a5dd7,False
842,cryptography.x509.verification,12136860,398,12137258,d36821a6b44d685bb7b42a37c919b196be462a99ca04895b3f8510320eac0c79,False
843,cv2.Error,12137272,165,12137437,6ffc1f017b473c28f9836b4872cb3c3758f0f679cbd53b4e13577d65ac5d3af3,False
844,cv2.aruco,12137451,165,12137616,ea1988672444b562cf92ff1ff27897023f189b121b2493c9c71b589dacb39346,False
845,cv2.barcode,12137632,173,12137805,37fff8338f31cfd8c4bd353aea11cb348fe239527f4312c58726ae917a3fbc26,False
846,cv2,12137813,2680,12140493,007f0bd968a4af6a68ba029be4913cc02c7a7aa80c34f2cd3a1723038d3fd8f1,False
847,cv2.cuda,12140506,161,12140667,b5216b8db1a50a74c85be451b4d52d63d2e5c8abc9a095c824f13b98f959a9cf,False
848,cv2.data,12140680,212,12140892,838bc81ee325d3850946c12e8626585f1a928b9b97169f0dd51cad72b813861a,False
849,cv2.detail,12140907,169,12141076,d16c51099e0fc336f10237e9cea0d10b82dff48e901cddca8b79c7563eb78118,False
850,cv2.dnn,12141088,157,12141245,4f60a1765f825bdf92f74546c1e838a056d52aa8e4a5fe97e520799b977b1edc,False
851,cv2.fisheye,12141261,173,12141434,0bf156717f87e0c23cc10dfba2371048dc351a7b790350108a320a05da741886,False
852,cv2.flann,12141448,165,12141613,19f4bfc82e9d6e406f5a4f447a2cdcfd9a7c1de34d4a86d0aad1f42657b4b63d,False
853,cv2.gapi,12141626,3679,12145305,a30309da37f37c0aec5ab2aee5600b88af3253f88cb6227e1198bcb1c9529b2d,False
854,cv2.gapi.wip,12145322,224,12145546,8b4df6639b325e2f8d56e2d89b168d492a8d84311e5cd14a47291098dc9b4ab6,False
855,cv2.gapi.wip.draw,12145568,301,12145869,736035de90fce38bcf49a9c9bacaf9f33a8da473639e86b29101634cc7d70d8e,False
856,cv2.ipp,12145881,157,12146038,70ba2d6baddec9af0f4795fbe972c51114d5d18a35e3984f1dd0382fddd77d83,False
857,cv2.load_config_py3,12146062,192,12146254,f567a17007e01d5cc531e25af2e24ae8abb0a099cbd1562ed5baab04dfc5d6ea,False
858,cv2.mat_wrapper,12146274,796,12147070,10e9b8f4d3068b9dc418932fe4be163644fa882ba14bd29c2b78fbc03ebbfd48,False
859,cv2.misc,12147083,239,12147322,ccda58fe088c7b4ba7f5c9b5c8cb7f07b7792cd81eb51382b68c8ee02bbc7c9e,False
860,cv2.misc.version,12147343,121,12147464,f677439d00ab945193f0af047b9b973509daa548efb8308b90f761208324f027,False
861,cv2.ml,12147475,153,12147628,aa184af3d8179979e21ed8dc9581acc113cb3ff7cb09910cb989629e8ce0e95a,False
862,cv2.ocl,12147640,157,12147797,21ec2a78dc7bc938747be13d0c99d3e3e5a1c2730ee1faba89fb42047acacd93,False
863,cv2.ogl,12147809,157,12147966,5c374b50dde14112b252f9b02419ad9234e62842d3bae1fa9f51fdb8a4dbda5b,False
864,cv2.parallel,12147983,177,12148160,293087c12c1dcda092ff358fc5d0c4b61537fc317a0444d3f41347d48787c0b5,False
865,cv2.samples,12148176,173,12148349,1e8b1d91c2063c73f471a0eacef1ae3c9302880e5e640256109f844c25f029aa,False
866,cv2.segmentation,12148370,193,12148563,02b5183f35bbce3d590d16690787f18a315ac01bf8f5ebc20b7a18802ed509e3,False
867,cv2.typing,12148578,1897,12150475,5708285f2ce2809bab8be0c4cc411cd78664438e105d0384891ece6fa61cd56f,False
868,cv2.utils,12150489,355,12150844,bea7b9cb948501488b9576ca9f664d9011c84c3efb50e664af3e7729471edd64,False
869,cv2.version,12150860,128,12150988,45a60dd93f1c1f98cc5f95c5409672556464cdcf15d94891ba7b92bfd3867a89,False
870,cv2.videoio_registry,12151013,209,12151222,a123c050516ae7bc11954952998cc9b73524c40064d189fb2089d8ffebc65f79,False
871,frozenlist,12151237,1181,12152418,7ea2d7059fc9b6f432fe82eb9b5988016dab483ba12eca2e35d78ff595f4db24,False
872,h2.config,12152432,5891,12158323,eebfa79d87e0eb088d049648aeb02d5beca04f2f2913db1ab3f73a9eb9adc63e,False
873,h2.connection,12158341,41325,12199666,a78aec5aa96c07e5571dc69e020c86308e83cf4e4b2d0d4b8a43e633fc9c6d39,False
874,h2,12199673,182,12199855,eaa68617c1beacbf4bba9470a89529ee291fafbac876cc80d0e6c9fb07ae8c15,False
875,h2.errors,12199869,956,12200825,fe46233e911858289bc8d43babd03e043402a537cc0478a4964509f4d822ff8e,False
876,h2.events,12200839,12806,12213645,bde728cd81bb57be3db9d3a5fad7b4c05ba9572114582d8052c0a27408839a5d,False
877,h2.exceptions,12213663,3536,12217199,183222d159bffd315c84c938771606372d78da7fb2c334e14e512004785a36e4,False
878,h2.frame_buffer,12217219,2009,12219228,197ba55b696a6a637118ee5fcbd99805577a7fa7ecbc073fbf99b5dc7c508f6f,False
879,h2.settings,12219244,5475,12224719,c1c8370a0a377316f44edf55360f2ba799880ab55209c1511f99291fbe837b8f,False
880,h2.stream,12224733,19987,12244720,aad4480c8ee454cba0af55bd5948a49f777289d553415119a9dbdf1f99034af1,False
881,h2.utilities,12244737,10148,12254885,11eb9eedd8ae2c6f3493095357941bebee916ce3e9a137e020a60bda2e0393b8,False
882,h2.windows,12254900,3963,12258863,bad03c9ec0f14e4506216077b8b13eb3dd700880f30d109b02debf238cfe2a0c,False
883,hpack,12258873,782,12259655,06742fa143f5a9cc8f56728d69a773f8877df0b491d3c5270de3f61c8a05f360,False
884,hpack.exceptions,12259676,1077,12260753,d51f3805fa852fa17f2fcdd7cdbc2b142e5e1e5b7b1a387655d1a6e0ef0e8807,False
885,hpack.hpack,12260769,10627,12271396,0c089146575b025543cc3ba189877f7f85aaa784ae74eaed55cd2129ed0c6cb9,False
886,hpack.huffman,12271414,982,12272396,ab2fe5873f30589a8841e6a81490b06646666e5885aa2cc82669ef64bd745c22,False
887,hpack.huffman_constants,12272424,1647,12274071,78bea767f4b51fa3434cf3b2f2d12a35751b4bd2ba387ba0e684400242a6f1d6,False
888,hpack.huffman_table,12274095,6549,12280644,bc7eec62b4f34ad153a169370e0d8f31a083839ac7620d47ade52cf7cf29027c,False
889,hpack.struct,12280661,1346,12282007,47fcac0360486773bf92848efca325073db74a1458e4f8200b58ee739bc98e08,False
890,hpack.table,12282023,4175,12286198,ae1cc819fefc6b2ec72c5f68cec31f0539ae1be692d661d4c52bcfe62fe1c74d,False
891,hyperframe,12286213,256,12286469,7cd54ab1f3bf3189a7cdd755db1e46d48e908b41c8dd5d996020710881ee79bc,False
892,hyperframe.exceptions,12286495,1392,12287887,d140afd562c95d652f4f4423b2d35329f871332ad9d21f63c080326630d20c73,False
893,hyperframe.flags,12287908,1009,12288917,05d67198b17dd94acbdf2250775ba0bb1ebe52b007762347a966f7fb9125993b,False
894,hyperframe.frame,12288938,13652,12302590,c926fb4704204c134dfdc4887cca4557aaf00c044df183c07af1693ca7c0ac7d,False
895,idna,12302599,1060,12303659,fa4830c8b803090d24bdcd8d841e39c63f2a22d517af620d8545d59425c887dd,False
896,idna.core,12303673,3711,12307384,a42c3a5f37f7dc45a99030b6bc61c7b47dea702265abfd881bc4199c3f06a37b,False
897,idna.idnadata,12307402,22750,12330152,aae4017514e7db81eb448b9892e2cb0c5eeb0cd06177394abae389f65cfb91b9,False
898,idna.intranges,12330171,1014,12331185,1565cd6d873951d9bd3929ac56a35944ff20d6cfd2db319a2800a852616e7be3,False
899,idna.package_data,12331207,94,12331301,6917e9f3a34d7a6937cfe1cb4114093c79020cb1493efde2d9d44a83a44019c9,False
900,idna.uts46data,12331320,92394,12423714,2c40c4dbb455f8def7d239073389ca4fd77964bc0e070b4a29e6c2b17e6c12f3,False
901,isapi,12423724,549,12424273,79833800430c14cc827d711fe1e1a83ebae238905a02ad02740eea9a57d3aa50,False
902,license.activation_dialog,12424303,7227,12431530,a70d638aeb65c6fb8bb407907631994c6904414f011a879e96d806763f3d2935,True
903,license,12431542,285,12431827,fa0e2e78e906c89a136b76b37fb2c8cf19ee4ab8e961f89bafbb326dc75415ae,True
904,license.hwid_generator,12431854,2606,12434460,08acea166e57ca5c593da0c80e3e53d9ec9b74c897074e4ebb6a366ea4b4b0f2,True
905,license.license_client,12434487,8250,12442737,09f13ea83348f198f65c048cec5c84ca1a49b6c1ab4015585b89f8805a9c6492,True
906,magic_filter.attrdict,12442763,449,12443212,fd49bfa402ce0d03d198a6c6c59f828430dd9c5dcf83afcec6ed1ede8de176d8,False
907,magic_filter,12443229,385,12443614,de773bdc90b62ae2e6bbdd99968783a988887d50459eb27dd919dde3322658c3,False
908,magic_filter.exceptions,12443642,416,12444058,45251948ce77af2d33ed719f19cfe8a0e0fbf01b088c403050a4bb467f1d3e73,False
909,magic_filter.helper,12444082,221,12444303,ba5e04282918456f18d1fc1c4b9da3f8df563efc85f9b065fd1c72c84186b290,False
910,magic_filter.magic,12444326,4480,12448806,4152c33dec471cd65ef3d00771f5730163d69b34477db75d06772df2a5068a11,False
911,magic_filter.operations.base,12448839,435,12449274,bfa9e673077341eec778671cce64cbcf115e03006953ce43cf2baec5e3393ba7,False
912,magic_filter.operations.call,12449307,592,12449899,b9da52bb011941b708b944fc819d13487d2dda836d916d536225a292c1d34576,False
913,magic_filter.operations.cast,12449932,534,12450466,0e26bdee60e35e68da20b70b4b865fb85a4b153478f2c40dd27b63c6a6eb4631,False
914,magic_filter.operations.combination,12450506,814,12451320,f270c7d65546f5c947df682d8f8c7510c3dd9eab623d321f02a790c5e5fd00aa,False
915,magic_filter.operations.comparator,12451359,628,12451987,47adbe7936ae11c4dcc59b3b588be240a1f3c9989559a395e683e32a92bfdc38,False
916,magic_filter.operations,12452015,1158,12453173,5dd1ea9b5e01b5a29eb1d430500e02ba9e070aa881782a3af963b6ddb94cbf5c,False
917,magic_filter.operations.extract,12453209,610,12453819,a9cdbd3c33dda04c5ed198b522b9f19420973afc3e1cbb24825ae584c981a966,False
918,magic_filter.operations.function,12453856,814,12454670,88bb44bed719d45b7c2016044ac6c557d5ad6edaa2817a88d61125b69d730253,False
919,magic_filter.operations.getattr,12454706,573,12455279,c0364ee74ca74230d6fb4914b2cd3f2a2913e92900aa8eae02be1e6fb3ddec1c,False
920,magic_filter.operations.getitem,12455315,680,12455995,98233bfa8430db434c5821ef74a6b854489d5603ae73e6fdecee9ef0eaa5f749,False
921,magic_filter.operations.selector,12456032,616,12456648,984f237cec18b170c37d522299f2afddd91d9333a5c4d6726d1a577e21aef9f4,False
922,magic_filter.util,12456670,170,12456840,9848d45e18aae7ce37cfc391a7892e4b07fbe3d523013424108f046159caad0d,False
923,mss.base,12456853,5290,12462143,dce7f77f5a03ec7e2d95afd13039f1e26da7c9e97c8da43b651dcb309aa51567,False
924,mss,12462151,1025,12463176,a7289c8639bc6e15b22f7b9dd6f19fc734618f7a687d4fc53a019540bc42adce,False
925,mss.darwin,12463191,2977,12466168,d57dd459dbe20b1595270608f5edf8a2a6df3668065bc8e80fecb89f3dcde568,False
926,mss.exception,12466186,525,12466711,040d355eb9ed184583939d82eff91311e88739c76f533aa9d712bbd8d2aa76dd,False
927,mss.factory,12466727,655,12467382,bc8d2537f02e08b290262a76b998aa14a628b31790d28ddc2c2f3481367a5113,False
928,mss.linux,12467396,5211,12472607,d1e9d933712b511ea75ba82c46323acc5d60c435e62c2711115559f34e1065ce,False
929,mss.models,12472622,433,12473055,debf698d42f7aee56b6549e6e1c5fdd4f79c5a659d58bdb84770c19793eedf33,False
930,mss.screenshot,12473074,2338,12475412,0c2fc9565e4e816cddb064137ced577697c9f9f4c70dfa93197443e0a709444a,False
931,mss.tools,12475426,867,12476293,8417a67076084bed5f820dc3fd9a1305440750da0112f99953aa87893ddd1ed5,False
932,mss.windows,12476309,3918,12480227,026e6685003ce9791b72fdf9c605ff6c2b95c597ac0fefd29f04ef929c1ba8bb,False
933,multidict._abc,12480246,1283,12481529,83f08aabc98d8bc69dadee34fd316c25b15449fe7cea1de2e6bb53aa26dd773a,False
934,multidict._compat,12481551,217,12481768,449f6900290d486fa924ae105ad3d3a16b75ffc5cc1a66dc17172f8534275a2d,False
935,multidict._multidict_py,12481796,8857,12490653,1008a8caea030b71f3643842a3c3d75b7cc973461f203f12737d7fc7c587036e,False
936,multidict,12490667,1034,12491701,04e2f1aa9cf34382cd605583db338dd057b426db7bda1be8e41a59c82143dd2c,False
937,multiprocessing-postLoad,12491730,281,12492011,c852a0bf9c5608b899e80e48648f0684128f751f129d8d7d5d825c5785cb6e91,False
938,multiprocessing-preLoad,12492039,184,12492223,5a6ab8b072bf9d6a25d7db75aac895f7a781a6693df64b12529c00f1ed24efa2,False
939,numpy.__config__,12492244,3168,12495412,71ff0c367c67de185fa6fde4f07e0ad29813a8d337f983285fa2efc0b6dfe916,False
940,numpy._array_api_info,12495438,7423,12502861,578d3caeef4f7f772089e793f1b6803abbe1d9935ed47dc566e5b5d72b8649a3,False
941,numpy._core._add_newdocs,12502890,196047,12698937,54d6892baf7dc4f771480cb379a23ca37900d2a0da4bca109bdff899e74a172a,False
942,numpy._core._add_newdocs_scalars,12698974,9520,12708494,5dbc0908270faefc8932b755b3c3b5940de2d1c72cb078a1aa65a55003c37b3f,False
943,numpy._core._asarray,12708519,3099,12711618,31b11431cbb8726d04ce07c24b7f6780df2dc71be357609ec1448ac4a3b568a2,False
944,numpy._core._dtype,12711641,3891,12715532,6ed1ed6879edf2279d8fb7a902f24084cbb556121021605e22ab16ac3ebb903a,False
945,numpy._core._dtype_ctypes,12715562,1610,12717172,9cc59eb2cc9888d3563f40e5b4ad9d5ebd6cade9ef7fa2303f05b788804e2db8,False
946,numpy._core._exceptions,12717200,2754,12719954,305ee6b8478b3c6ab6ec0717de9acccb30c13251e6e7d5b64e043cfcd9b4fe68,False
947,numpy._core._internal,12719980,11071,12731051,1f4656f571d8f063cfcd85124274ea7b719b61b695ccf4da22744d886349f786,False
948,numpy._core._machar,12731075,5561,12736636,4ab48bad1ab979026f626cc5e2d7ed1e866fb424b5d05a460910cacc51173e0b,False
949,numpy._core._methods,12736661,2235,12738896,ca5a923e2e7d8c8e6f246e230cfbe7b3db93144c8135a8259a768e3267f361c8,False
950,numpy._core._string_helpers,12738928,2475,12741403,c43f9b2f0cdd34e1c360f2484ee6b72492b87a98d98a8939dcef8d7646eb43c9,False
951,numpy._core._type_aliases,12741433,1688,12743121,a2600ac592de4a28176e91d3d7c0922ffdf81f75a066a1a7d823202a712e5cee,False
952,numpy._core._ufunc_config,12743151,12900,12756051,e3f72f575b06a31e51a66270db58d9e3a04c04cc9a96a85c2467dc7453902a80,False
953,numpy._core.arrayprint,12756078,35355,12791433,d246bd0bcd9bbe66c15ff5a08805a22352e865eac9c54e3166656215e6749be7,False
954,numpy._core,12791449,2244,12793693,68718df95e60374d11715d12752e9219b0233af7722041fd103e67c2d36e284e,False
955,numpy._core.defchararray,12793722,29610,12823332,3013813f8b8023cc33d2cfc9bf8519fc94189101c6558d7d91d1f7a188363ce5,False
956,numpy._core.einsumfunc,12823359,31824,12855183,4ccc9d598472de15f05018b2d91fcda642d07a3dbf0782ac6f00a7f3310ef688,False
957,numpy._core.fromnumeric,12855211,126704,12981915,a445dfc66d5b11da6a2bf362b023c8fd17cd8648616e9c63cc8904194ade6d79,False
958,numpy._core.function_base,12981945,15206,12997151,5639f2a15ccca1888ee2d84a89cb949a6686059125946fa9b68e19396cd8c900,False
959,numpy._core.getlimits,12997177,12085,13009262,92e58060fac0873d7321058b980efd538cac149be48f3973ec7b3a7811d50fb1,False
960,numpy._core.memmap,13009285,8682,13017967,73eda3a97f237a6235ffe0c269bc9802446ee10ee9d807f7f3af91bca5e62108,False
961,numpy._core.multiarray,13017994,53624,13071618,1e3b318745a55d6e3edebde750837085d0aac83b4a26038b83df85ea9bd90706,False
962,numpy._core.numeric,13071642,65466,13137108,394de788014765a8d7408c4edec67f2c5b6989d7236e056591ef5957752c1e1b,False
963,numpy._core.numerictypes,13137137,11980,13149117,bf9c2a649c3d424d234f8be1cca34be11591122cfde3b6b91b60a95967d09ded,False
964,numpy._core.overrides,13149143,5262,13154405,0bec142a68da184d725d765cc93a382b46b769e045810b82cd266f78e3390c69,False
965,numpy._core.printoptions,13154434,638,13155072,0ef8fda426f8518d828b27d3dcc16267d5a8adcf5f5ed3a24ddefd614f64f396,False
966,numpy._core.records,13155096,19620,13174716,591c55a2c871fcf0fe1551effc92c055512f5256ed88ab546513e6552d041c26,False
967,numpy._core.shape_base,13174743,22861,13197604,23cf81846c9ceaab4461d4bec7fa95bf84effcce4340e018792e08ac95ec75ab,False
968,numpy._core.strings,13197628,34506,13232134,1a1617f5274fca1bacaee405db6752292478593dd84027b6e44af4ddda091fd0,False
969,numpy._core.umath,13232156,1863,13234019,37a3c3fc871c739930c70d7a575526bf63127de102742b632fbc5bdb289f6845,False
970,numpy._distributor_init,13234047,464,13234511,784a8eb66f6107b1204171afc06efc3c41208d19b463fbd10798127e7e888105,False
971,numpy._expired_attrs_2_0,13234540,3370,13237910,a7ee6e7e59784605797d8d2bc557ae98d86fd70363120574ecb6cfad6babeb62,False
972,numpy._globals,13237929,2680,13240609,ba8516bcf40f9aa4aa2079b021b159cd333d9a3cf7de61dc09f17576a2752934,False
973,numpy._pytesttester,13240633,165,13240798,e5ad4d474140819e75b0e6da7d9c0efb08de232359d964196ece3904330ea7dc,False
974,numpy._typing._add_docstring,13240831,3180,13244011,58fb2bdfd5806b4912e2e2367a037cb0accc6204eef505dd2d66c855bc08633f,False
975,numpy._typing._array_like,13244041,1778,13245819,40adf105a07e7eef1d504b97d3b163b21852d0b83abe80c3df436ee332bf95f1,False
976,numpy._typing._char_codes,13245849,5326,13251175,ffd0f0d3775ad10a58da04beabcbb9ae04b5f1185ceecbad4929c1195e7cabc8,False
977,numpy._typing._dtype_like,13251205,2208,13253413,f6d50dcf7dc12fd1369b74e4673b326f4766f52d2845e2b05c86645f3d090bdf,False
978,numpy._typing._nbit,13253437,288,13253725,f92d63bba39641209d0009a49aaa12b973dd802c804e36526419876bd078e7db,False
979,numpy._typing._nested_sequence,13253760,2399,13256159,28ac6ac3a5b933163ec7f8d63079fb82cee47cd680af87efe764e235ad6c24de,False
980,numpy._typing._scalars,13256186,429,13256615,cae94f149d9e8b6ddec585e9c22534b968e64c48bf539c1c1aba4ffd5357475c,False
981,numpy._typing._shape,13256640,175,13256815,8f0f946f58dba217c7b4cd1907e85a9fe5ce4aacb463385c2d3515354b9bdc48,False
982,numpy._typing,13256833,5517,13262350,ec4f65713c898d241b77b4d79125cadf514eed1cd6feb0682373477be02ce925,False
983,numpy._utils._convertions,13262380,229,13262609,53c83dd3ec46766a0319fc9f269256617ec38c2345a9d216d810ad78272075e9,False
984,numpy._utils._inspect,13262635,4964,13267599,68c45d663952f8d9d3e60259096a9b0ce269605b913ba9dfa45c7242bff03f49,False
985,numpy._utils,13267616,2756,13270372,87df39294d3bf39dc02c95010416892fccca6e63c3a60acc6a181262956e58bb,False
986,numpy.char,13270387,252,13270639,3646ce570a1d776fd0f9216b0a293876ba4a0b2e71a06f24350cdf821cf1397f,False
987,numpy.compat,13270656,828,13271484,7e97930ac37161343652d70834cd347f75cbb6ddca1b7e05a341f88ae0195739,False
988,numpy.compat.py3k,13271506,2558,13274064,88a7f60e90abafd11b26dbf3f969a6011794899b85be1916eef1a05691fed4a9,False
989,numpy,13274074,17486,13291560,3bea92c991ccf27aec88d863fff85a81afbfcf78fe2528d3d2856f2ebc9d8d35,False
990,numpy.core._dtype_ctypes,13291589,291,13291880,404c813850c1611f92584bb1ea060f3bbf534de5b0997e235a5c2782df83cfe6,False
991,numpy.core._utils,13291902,690,13292592,f28fce43be1967d14dc1b77e647cd6a2679fa0aafb8fbca06eef4ba0be265679,False
992,numpy.core,13292607,732,13293339,d23a517f0ba25d67fb350b009c77458e8a9429e6463c21c8cee65e9e08a57ddf,False
993,numpy.core.multiarray,13293365,315,13293680,d3836d7cd17f4883af571e85c02b0ac3ac6024e8419d03066b68010bf0490cec,False
994,numpy.ctypeslib,13293700,9610,13303310,d36fdcbe7e71ef618c900f1b5932828e3b9f5f3357ea8dbe6418e9a536f237a4,False
995,numpy.dtypes,13303327,968,13304295,e4161ff391a45f4f5fe34e93c7ef3e324f4063ed94f2017a5f1525a487aa7b8c,False
996,numpy.exceptions,13304316,7146,13311462,4e0edee58f5960cdddf0c0f30239f596eb1c65c3afbd558531c49318f353ce8d,False
997,numpy.fft._helper,13311484,5540,13317024,630908452bb8a96ba2ae60430cf68ce7bcb9e5a23ca8fb34b1605dabd0cbb087,False
998,numpy.fft._pocketfft,13317049,57353,13374402,453655957363ae4c940f49d26399018c14e5424f6d4efb6a1e055bf66c01c170,False
999,numpy.fft,13374416,8227,13382643,b7c77df5c383fd91150a4041cb46aff5cb3472444180917a22fa6c0fa4b049f6,False
1000,numpy.fft.helper,13382664,472,13383136,77fb43b505b2e791118ed9cca5067b4394cce6ea52ecd76a9082774b2d82b6ed,False
1001,numpy.lib._array_utils_impl,13383168,1359,13384527,5e92942ccdd2d458687ffb2cb8a4d3721ff2ee3adf7f5b34c052686bad3d0fd1,False
1002,numpy.lib._arraypad_impl,13384556,17628,13402184,a7c79408cc26dc41bc7a8f71d4bf5078806ff2d52d87d065bb93b62c0799a229,False
1003,numpy.lib._arraysetops_impl,13402216,27076,13429292,0df7c58ab9f5ef9ec223e4c1286633f6a148e6c4c648206a128dae991da75206,False
1004,numpy.lib._arrayterator_impl,13429325,4327,13433652,4a86241a3ac4cbfc7a556fb0deaf561c6038a63bb220e00d7f8e188969e76dd8,False
1005,numpy.lib._datasource,13433678,15684,13449362,1c1675d53efe58ce35cf9f1a92b1e9894cd0e732b68d6d0be47d73f64789ecff,False
1006,numpy.lib._function_base_impl,13449396,131474,13580870,eea965e65b03adab3976b0d846d727e398484779a92da74d4879581b1c6608b9,False
1007,numpy.lib._histograms_impl,13580901,24868,13605769,76a9382bad62f1d6e3e30f9cc85ec5f313e7eb1c264639d308b281995ccc6e49,False
1008,numpy.lib._index_tricks_impl,13605802,22973,13628775,8d79a1f23e96ff2b4c4e0f82924d8d6e20a0c22a16e6ea4a0c2ffe0a8c959950,False
1009,numpy.lib._iotools,13628798,16805,13645603,0241c4c3e21751fd71012b76d1b3c22515fe3864ab419f78632bf0569dc6012d,False
1010,numpy.lib._nanfunctions_impl,13645636,54353,13699989,33cf255642c3c2a49b142aa76715a9f51ff78265a7cd09c067a704055ac8e792,False
1011,numpy.lib._npyio_impl,13700015,56789,13756804,63b2f1661ad93bdd449c45451a21e0de8bc53254863292595ce8ab971ec9ebea,False
1012,numpy.lib._polynomial_impl,13756835,31071,13787906,1fe37e52fc14e675c9546f8f86daa399903f5c16429eb19a7166c2de7df5c183,False
1013,numpy.lib._scimath_impl,13787934,13913,13801847,a42c9d7982c2f61f9b39b51b8dee9767d8b00d98b5ad404947952033bad96e50,False
1014,numpy.lib._shape_base_impl,13801878,29720,13831598,0bfc977f74bebf30ebad2c3f1f54741f89100c523fbbed27a14171d529625dc6,False
1015,numpy.lib._stride_tricks_impl,13831632,13909,13845541,674e0f8c2468a86f6a7e18c29c7b616e8fc0cd9d468a40b9a5d0e8179bfe77dd,False
1016,numpy.lib._twodim_base_impl,13845573,29172,13874745,e9d17567455f6dc03048ed8ab0fd3f7bab75d1d6531319fe81c01e5574a2566b,False
1017,numpy.lib._type_check_impl,13874776,15317,13890093,d84d34297029de3b4684b5769605742f60aef50a34b976a66ee93d0f292f243e,False
1018,numpy.lib._ufunclike_impl,13890123,5338,13895461,2b05265bef541585816af081bc8219e7fbf0c534295711db0a51f4e473364324,False
1019,numpy.lib._utils_impl,13895487,10589,13906076,3be506054cf3e7da552cec2c4a774de2acb26948d29d1f7317bdc9e900428f19,False
1020,numpy.lib._version,13906099,2463,13908562,ff42dc486f07325703fc8b86a86ac971c6f547bf22dfccca81bc634f083dba87,False
1021,numpy.lib.array_utils,13908588,236,13908824,76c1f89574478e2d154447422300ff9e0d64ff34fe5c0f42ae4b9abac9fedbde,False
1022,numpy.lib,13908838,2551,13911389,051c9ceafa1c10c5266f094a81930ef897ed561f3cc2c8446fe0b886f3e53fe2,False
1023,numpy.lib.format,13911410,21173,13932583,b13a7edb333f5ebe246f79ef0572c8d8f0728067876bc682b4f0c273d72646ec,False
1024,numpy.lib.introspect,13932608,2075,13934683,149722da16217e154fd1a8fcba6beb45e46720b7d6e02cc3d4b216a91a072765,False
1025,numpy.lib.mixins,13934704,5570,13940274,9b8d1265fd44623b959f013c92ad1e8fcc60a416ccc7dca7bc5149ae0fb11819,False
1026,numpy.lib.npyio,13940294,137,13940431,0138a307a2332d97ee7b4271920d90efe97e8d64ffeafea2ee80563b8d7062f9,False
1027,numpy.lib.scimath,13940453,234,13940687,9fed45ac7b3c92ba48dd53c84cf07ff03eac6d0e699f8a2f8debade977bdaaad,False
1028,numpy.lib.stride_tricks,13940715,185,13940900,8da0371aae87a6f3e58da656b9413aa9deda684faf1cb44acf15a5f653bdeab6,False
1029,numpy.linalg._linalg,13940925,88211,14029136,a589015b8f6a59085ee1e2e5d9f85e3f7523a81f1cc10b02300e24402694667c,False
1030,numpy.linalg,14029153,2183,14031336,63686eb55dfff46c02c68039545ef44bd8d10773cca10c105d25bfedaa376499,False
1031,numpy.linalg.linalg,14031360,452,14031812,4beab444e82d6250598ce690f161dd78d3fc146e0d1b42eb13f42afeb025156b,False
1032,numpy.ma,14031825,1457,14033282,646baac90ed510456254062b2f57a1ee635d684ae42e62dd2d866983ba6a8ad0,False
1033,numpy.ma.core,14033300,166425,14199725,bf48eb0dade50382daeaf59afc2779b076e814abc401e69ff9f745654558fbf4,False
1034,numpy.ma.extras,14199745,48915,14248660,e9d8958d21e4951014eefae9a76734f778f99549358bae4b3ebf282208cc3161,False
1035,numpy.ma.mrecords,14248682,10792,14259474,0f6f5a61d24b41d405722c3a24f6790792d837049b4c197691c87fcfe6f21ade,False
1036,numpy.matlib,14259491,9293,14268784,af79751e26bacbf1dd0a386a2e299618ff080bea5c91584050b163b26b4d1c41,False
1037,numpy.matrixlib,14268804,392,14269196,ab9b4b1cdb23fc4cc887de29bbc4ffe4b00a46ac55b933517673f2e450bf9bff,False
1038,numpy.matrixlib.defmatrix,14269226,23416,14292642,602e5190540048194d7357bb04c67eec819227ce510995f6862d63c7072b2745,False
1039,numpy.polynomial._polybase,14292673,24901,14317574,a18df331c5deecd95b7b103b8dc4b99f5c08ac95b5a7c5b60ac3a100a40655d4,False
1040,numpy.polynomial.chebyshev,14317605,53379,14370984,f986ca38e42bb668af294ea337a6446c8fe46ebdce941181c318f6cf3922ea99,False
1041,numpy.polynomial,14371005,6704,14377709,b8873cd32fabefb7b1bc6c2c3510d856b6a7e451dc5c4e14bbee30a39eb576ae,False
1042,numpy.polynomial.hermite,14377738,47775,14425513,37261fb5c5f02087739a7abad2a9345d15b92e8588d464f531af4c65dbd0cc3b,False
1043,numpy.polynomial.hermite_e,14425544,45569,14471113,e771ed5dd297931656fa2c7958c42d3e889976760a7e0c40222ccbac2b77d66f,False
1044,numpy.polynomial.laguerre,14471143,46013,14517156,e97459790ceda5e0caca0d726a292e720632377403d88c9d4e407ccd28ea1fde,False
1045,numpy.polynomial.legendre,14517186,44317,14561503,f2b9b2f18cc7b6baba6745103224779d531b1e3bc5f4643bcfa3199ba99408fe,False
1046,numpy.polynomial.polynomial,14561535,46490,14608025,ee0dbbf14550ada1164d94163231256e96ed0214e4626798b35c894eb4d007a1,False
1047,numpy.polynomial.polyutils,14608056,15140,14623196,0aec822086894de848bb7bfbdfca90df4c58731db9b4eacb385578cf0cad27d5,False
1048,numpy.random._pickle,14623221,1786,14625007,6ee1e2517af1eb25f94aa3688a7f1ba1bdd04a69c7215f8b8f92902ca85648eb,False
1049,numpy.random,14625024,7272,14632296,a974e2b653368e5c9d2d058cca60fca04b0b75965fe66fcb006f943497152947,False
1050,numpy.rec,14632310,243,14632553,2cde12eca025010afd77f1341a59c3351e7ec80be59ef5268b50fd5f42b6041c,False
1051,numpy.strings,14632571,259,14632830,dd913993ae845687da8da4e0790b74dfb9642985845ad5d9227001150c2c8961,False
1052,numpy.typing,14632847,5263,14638110,2b51c84fd7792ea9a437691b081673e0b6a3bed800900d2b4ecbff76ef4348bf,False
1053,numpy.version,14638128,265,14638393,ece086d9cbc372e9edbbe58ff9a5442c12d02d6a74da2d19e5c5f366b180bb86,False
1054,propcache._helpers,14638416,418,14638834,068eb2bbf8842648ea79cd32df9d3b2c462806369a9bab97d311b49c46337435,False
1055,propcache._helpers_py,14638860,1138,14639998,c2cce533173af30d5ba16a1e06206d5d67b7c687a5e88f193740266e0e1bb0e6,False
1056,propcache.api,14640016,204,14640220,d9971d643f483ff70121db3b428b8685bc5c37606b5b30cc68d1a5cbee041291,False
1057,propcache,14640234,570,14640804,1f6ce38c7ffbf8010b7bc4b000427c63b59bca17db769730174f18f75543418d,False
1058,psutil._common,14640823,11782,14652605,e85c9e95fcb42c1d6f6e41968f0650de45d9ab3aa7b706e770b50d3f1163a22f,False
1059,psutil._compat,14652624,4032,14656656,896a66d8c758dcda870671d111995ee10460323c693983e264e37bfe688473c1,False
1060,psutil._psaix,14656674,5959,14662633,662098093b9699837724faa5d7563a94dbdbb5f0741ed9fc67439ef94d760f24,False
1061,psutil._psbsd,14662651,8492,14671143,04b65e3e2dbc703a367594f7e318f113e8d14f96f6d348b29a3f5f9f2ef51777,False
1062,psutil._pslinux,14671163,23222,14694385,8d6298334e3386a3f31112d7e9f735239195b72ea4815ae9d7c2b667471c3525,False
1063,psutil._psosx,14694403,5606,14700009,9f277296548c7ba160df3711913370962874af26240ee2b2ccd7a93b0e3b4555,False
1064,psutil._psposix,14700029,2716,14702745,432ca2ab50ca3deb470d8dbd24800aba8a494d9f9a03043482e35889efced7f9,False
1065,psutil._pssunos,14702765,7072,14709837,c74eb649bbf39ef90e3d64f5a3b193b5d2f4e2459234671ad8548273c6cd67cd,False
1066,psutil._pswindows,14709859,12806,14722665,2b9ddabc084bf60100a832e338117a6530659f82c3def711928e0c37b64028f3,False
1067,psutil,14722676,42555,14765231,bd3c2f3441b85ad79832017636ac60b839c94a824d92656f5b9cf115d27ab37c,False
1068,pydantic._internal._config,14765262,8028,14773290,84be341cc17b1a7bff0c860a7d7c36c8e5ed760942a26295e3c98a498c30a62d,False
1069,pydantic._internal._core_metadata,14773328,3394,14776722,0254430d6e73eefffb897431813129bd060451e9d26dca22c15ccb3c0a162816,False
1070,pydantic._internal._core_utils,14776757,3724,14780481,48fbc1f8962eacae8213689494afd6c808d2c3169f321202ae000bac9a9b1e61,False
1071,pydantic._internal._dataclasses,14780517,6883,14787400,c5bf3643bc8fa8c4b040a0f07a223bf8c2bd7c9fb348d45474f72a5419e255e3,False
1072,pydantic._internal._decorators,14787435,18666,14806101,bd6bd04a1a21d9d7b383a39bed0562925f0edc30279273ee8c1f548abda58a43,False
1073,pydantic._internal._discriminated_union,14806145,10187,14816332,7ad7e8c9018a74ca9bf20dc81d68390de96d7b04c3b60213d8942bd0601baaad,False
1074,pydantic._internal._docs_extraction,14816372,1807,14818179,e293e68167535ab7639cca0524e325a6ee9932891dc39398fba2709d9617d7fb,False
1075,pydantic._internal._fields,14818210,10801,14829011,9ed24ec291efeba8168d737f44f7549226636087d002df01d21b9ba44f6ac4b3,False
1076,pydantic._internal._forward_ref,14829047,601,14829648,d0be808e750fef0ad74d410900ab87b2881e9534a5e08a4de33dfd76bcaaebac,False
1077,pydantic._internal._generate_schema,14829688,47627,14877315,70d63ad1936604aaa4ee34e82d8f43d1150ddb38cf68d913c25570a224ee73eb,False
1078,pydantic._internal._generics,14877348,12625,14889973,986d831981bd49fb939d998cf66145791cce5fab7afa8deb55cfb2a46a15acf1,False
1079,pydantic._internal._git,14890001,620,14890621,6f6a3497c4091292589701994b089399428abd9b92d1fb7647b301f28dee0b99,False
1080,pydantic._internal._import_utils,14890658,319,14890977,0dde78f24cc20465fd217e034d6c5bba73c495fd437c47ccdc814397c4c4f593,False
1081,pydantic._internal._internal_dataclass,14891020,144,14891164,06c448d2ef9e2f9a0eef660d24a58b76904679c705b512a4b9a0b6424d639871,False
1082,pydantic._internal._known_annotated_metadata,14891213,6960,14898173,7519a761c07ee4fa9a1b0d563f1d1a8324246ff0c396b960fafdb3c9e19ccd8b,False
1083,pydantic._internal._mock_val_ser,14898210,4935,14903145,cc483b6e0c978d1018beebad60210514beac911ba287961ec70a0dd483e8fb39,False
1084,pydantic._internal._model_construction,14903188,16442,14919630,316a956fe86318f2c6375ba5a139ed39de2ff878d04178ab1695ff3338d9c6d2,False
1085,pydantic._internal._namespace_utils,14919670,7789,14927459,b97a7cacb86aa6aea4155468ab4400abf10a7c5646d0118fd6931827f530d3ad,False
1086,pydantic._internal._repr,14927488,2753,14930241,b69ece81b8a080fd7208c06df77b4bbb71ba4d841891bf80e5c5d3d015dd89f3,False
1087,pydantic._internal._schema_gather,14930279,2884,14933163,fea8a0f8a4d356d932af5d0c03a5e71ad8a1330b89e74d41d5961bb58140af35,False
1088,pydantic._internal._schema_generation_shared,14933212,3457,14936669,65c4a6e3b171a49a69bbbdc9ca3cc124d7298756990f5f008d10d26e27f74550,False
1089,pydantic._internal._serializers,14936705,591,14937296,331a7b4208e1bc7264e4c35d670bf01bccae8d2c3af8b50e9526e9d31424cb88,False
1090,pydantic._internal._signature,14937330,2943,14940273,8d66871026f9b8a63cc6b8d4fcb137a407e3b5c2facc291b0b0006d4f762d341,False
1091,pydantic._internal._typing_extra,14940310,11382,14951692,4dd81edc89ad4a27282506fce9937aea8aac5d01847f298b19f7a6f180c01ae3,False
1092,pydantic._internal._utils,14951722,8811,14960533,632cb68ecbb50a637e57591cfabe702610e092eba4e421f1abaf98e72efc3754,False
1093,pydantic._internal._validators,14960568,9378,14969946,b678c358fcd9573e4e5dde7ffe1c600ba904985007780b98e227f1dbe9f8ceb9,False
1094,pydantic._internal,14969969,234,14970203,068b4d61c6d77e758c18f048c56a828decb9f4b67826099261581299afc9707b,False
1095,pydantic._migration,14970227,9363,14979590,67388a6051607476132a4fc664e81531ded5f87f7dd11cc88f31f84485c2f97a,False
1096,pydantic.alias_generators,14979620,1089,14980709,00fe9d7a785d2af4b457191436ee034a3df640872d5b6dc5eb399b884274d0e0,False
1097,pydantic.aliases,14980730,3610,14984340,9f9a8f2077ce415f4a499b802912cf204ab822212bdc821f24bf587fef5de90e,False
1098,pydantic.annotated_handlers,14984372,3981,14988353,30e244ef6816c96c752e8a2f1f55e4e09743db4df3f2ac727af51c07d69c4682,False
1099,pydantic.class_validators,14988383,242,14988625,493f32f0c098a7e9bfd35348fa549819037251cf0a84a0e4d050f208a12120fa,False
1100,pydantic.color,14988644,12622,15001266,2221ace27017540f6f050cdbcbc23213b18fe60a4f0d392ae43d8e3addf380f0,False
1101,pydantic.config,15001286,4495,15005781,846fe4f4dfd0eb7552d8c3fbba57b907bd475749608e6856adc6d24f1c60be96,False
1102,pydantic,15005794,5623,15011417,636e72f86059dc79cbb7a0a46af1fe1e063f8003328b284ce8d577e4ff004e7a,False
1103,pydantic.dataclasses,15011442,8920,15020362,2008de5d4280baddda891cd0480d00b0095b8ca65312b6aa71895a1212cbf5c1,False
1104,pydantic.datetime_parse,15020390,238,15020628,95dbfa07dd0e1fa08c81e550f10899ef98d5558d169b3ad7bc5c64beda29060a,False
1105,pydantic.deprecated,15020652,238,15020890,880a6d3f201973adcb3a04c324372409920c4b8dfe12e3c5c93047d4cb67de2d,False
1106,pydantic.deprecated.copy_internals,15020929,2575,15023504,7ebf68bbe6f71512e6621c54b33dff730288b08a37179a7172ae91a1c3a29ec7,False
1107,pydantic.deprecated.decorator,15023538,4071,15027609,a6984da011944879654cd819ca6bf1e9d789a9c46b6530943086459818a9ff13,False
1108,pydantic.deprecated.json,15027638,2361,15029999,cfe0a231ad1732af285f48517c290735f4db53bea08c76dbea7b49204348cc04,False
1109,pydantic.deprecated.parse,15030029,1430,15031459,bb3f3c06839c45b3163ade5f05277830e847a8162246a9a42a381940078d2d22,False
1110,pydantic.env_settings,15031485,230,15031715,15040da4a4b64ed30db8d24f8c1e85499b7d0f7f158cf24e24363fed28fd676e,False
1111,pydantic.error_wrappers,15031743,238,15031981,b4eb3435067732b23e655959b68de8f5f6522ee03fce48351f1ab5fa0555589e,False
1112,pydantic.errors,15032001,4655,15036656,23260309aaa9de045a0e679fd8e63295e7062f835d847d2ac611e670841bf454,False
1113,pydantic.fields,15036676,48260,15084936,0e24a374c5934fe8cc8119c2171d8c658044beb4d44031788c64898ae167dfc8,False
1114,pydantic.functional_serializers,15084972,11517,15096489,fb39205e3c1afd2a3ccabf9a7eebf8ea9c1b62feb64eecd33cfc795aaac86516,False
1115,pydantic.functional_validators,15096524,19984,15116508,d7b78f716a7cd789095d62864568c423986d9f15b07556923b5f4320e4577b8e,False
1116,pydantic.json,15116526,198,15116724,4f536cb5225b7059ca25a645f06fff9890b89de6d5a057678ba77363c2e5a2f6,False
1117,pydantic.json_schema,15116749,61905,15178654,4ef5bfb1a1408a34742bea3cf8a3026359a6cadeb5c238e15d5ee88fab38b633,False
1118,pydantic.main,15178672,44593,15223265,1f6cf1430fb0ece999a7913afd2c09d57cd3245bc6bd7351f9023cdab268f358,False
1119,pydantic.mypy,15223283,24475,15247758,cf6f243a6d8d337c923788623d82b7d31d8bc18aa0ddc86cf6a9f99ab3b6366f,False
1120,pydantic.networks,15247780,26213,15273993,2a606f8dcc010cde77cbad419772ad1b814493a393a959b87915e9a0d8916845,False
1121,pydantic.parse,15274012,202,15274214,0f9b24b31a035b9f9318a58c3fe36db5141e2e6ff77195192ce329357deb3fd0,False
1122,pydantic.plugin._loader,15274242,817,15275059,54d20c9ca57a3bc88419fee5ec370a3d6508a4e8938bc8f2943960a341706043,False
1123,pydantic.plugin._schema_validator,15275097,3145,15278242,fc1dba84cd728974677c57999e0356623e004dade773db642e2d20e31b71d110,False
1124,pydantic.plugin,15278262,7323,15285585,64038e4dc8e3d9de3233fa668bff77791218d31376c5faeb794c0df1cd2a9941,False
1125,pydantic.root_model,15285609,4339,15289948,99ac62b0cba53afa0bf777ff6ebe29f99cbff442c18e53550e76f829e90ccd4c,False
1126,pydantic.schema,15289968,206,15290174,a6ca34502febb36a2450550b8f69d7af5dffdbb9d7d9f6f54aedb7ac262200c9,False
1127,pydantic.type_adapter,15290200,26431,15316631,68e1329410601a32e013b9da1956417a993dc011a54301e57cfe12df4624d0e7,False
1128,pydantic.types,15316650,56933,15373583,844decbcb56a1e3ef15a62a3b14049bf26eb999bc2c546667071c1c1b8373f09,False
1129,pydantic.typing,15373603,202,15373805,dfcd277b4d799ad0bdbbe6de8f4b16cc5f6431b2fc2ff257d5aaf3306a9c94a1,False
1130,pydantic.utils,15373824,202,15374026,60a098fef1170a84f3672639a1112866dbce5b1e95898f866f79618c7a26c6a4,False
1131,pydantic.v1.annotated_types,15374058,1597,15375655,1139c48e25044b343f2cb68f4383c93f2f15191a4875262f83ca109bbd55d1f0,False
1132,pydantic.v1.class_validators,15375688,6268,15381956,fdd57512c82f789224b838b29ef6a7c8b44ea2df9ff9e51a83e05309ca564958,False
1133,pydantic.v1.color,15381978,8571,15390549,7298b9181738515a9ab33db300d28d82beb627e7bd69fcf072d2a2d96440cfeb,False
1134,pydantic.v1.config,15390572,2214,15392786,9f6df3332f78069ff9b7ccf7b7fe84f9cc1e8b6c2c41c2f4f5bb7844df8d1352,False
1135,pydantic.v1,15392802,2276,15395078,cc6ff3f4a19b841ce0ef29ef0d8a68c8779f51de48e4388fbb0f212a27e3a01d,False
1136,pydantic.v1.dataclasses,15395106,7336,15402442,6002ee525104a797dc64bf4251dcd3aaf30250bef58421d7d05e8f685180dbe9,False
1137,pydantic.v1.datetime_parse,15402473,3266,15405739,59f7beb8cc43079806ceff868b17a4580ba20d9a566a6e0a0b31ef16175842c0,False
1138,pydantic.v1.decorator,15405765,3849,15409614,d49cf22a013e6973a90e82f0e747ebc338d7d7d29b3fa0d66630d3e321781320,False
1139,pydantic.v1.env_settings,15409643,5665,15415308,248aee2c2b32bae0167aaa9ff937e551e653f1121cb03dd36d56fbfb8bae01eb,False
1140,pydantic.v1.error_wrappers,15415339,1920,15417259,08f174203e475c5df8675e3b951be992f40e64f52f03dc32770e1a3a5f9d430f,False
1141,pydantic.v1.errors,15417282,10532,15427814,a6440478c3002a84ed2308977617b500da3d754b02a86078a848c787317e8db6,False
1142,pydantic.v1.fields,15427837,17390,15445227,9b13b5086b126a74a44d33f61279431bce89ba130b6bdd61ee5466e86f00aabc,False
1143,pydantic.v1.json,15445248,1782,15447030,70055aa2831e728ce51067ec868d8f16b4b2f647aade32964e8d29b25a2449a4,False
1144,pydantic.v1.main,15447051,14640,15461691,c8eed1d16b643cd85b52a915de7cf228be9d888652eb4d5b27438e8e9fbbce89,False
1145,pydantic.v1.networks,15461716,7469,15469185,0f8b29639233ac2543bd66415ac01c61e128e52cc2294ab54f0b959f3fe8bdcf,False
1146,pydantic.v1.parse,15469207,836,15470043,2bb20ff34fd46351953c9ae0d16acbda4ac6e4543bc8e53ce4004f379538e252,False
1147,pydantic.v1.schema,15470066,20134,15490200,4b3cd46b55b40f01ba25d7c9c474dc8fde61d818736e9fcc2211ca6f76ac0f25,False
1148,pydantic.v1.tools,15490222,1430,15491652,eedb0893e8712694a6489861ad18fa8dca407175e3388a26000f0aa5b3788f42,False
1149,pydantic.v1.types,15491674,11476,15503150,12501a9c0e67bc5dedc9c69afcf5993323ffd1d2a75c8a4321a529c156d6fe98,False
1150,pydantic.v1.typing,15503173,6071,15509244,7171aa9509e4b0e0b3922201236ec13c1bad94c0ef9c7ae7f41fd09a7bebce52,False
1151,pydantic.v1.utils,15509266,12577,15521843,9be735464befd70a4e34e9138cab2fcbdb1801962ee72aa08044d971ec304bd9,False
1152,pydantic.v1.validators,15521870,7455,15529325,80002881ed0db8b2e18ee0a1385c47815cb9d12c33c8a81df58ecd1c1e62c602,False
1153,pydantic.v1.version,15529349,633,15529982,4364820bfb836e35f778a9fad6dcf2c5d5c1a1580cb89beb86149240d10449e9,False
1154,pydantic.validators,15530006,222,15530228,ecd1e08d894f923a46cfaf7b837280a08bf2c1ebaf3f42bd24e19114e85a4c21,False
1155,pydantic.version,15530249,2109,15532358,62f88eae03b9f178afb484329e4e97215390b4cf7c0ac009ee06206da0cd1359,False
1156,pydantic.warnings,15532380,3760,15536140,d2ef193737fa1323cb894e6bec1da9f9d5b9b9134c9a4cba2e1fc2e9c65511ca,False
1157,pydantic_core,15536158,2183,15538341,0fe5da6da53fd2d4cd9d06930e16e18aea937f81bafd6abc3e58cda97fbb774a,False
1158,pydantic_core.core_schema,15538371,119686,15658057,12c7c313823f942152447ddba5d405ea0fdac991f8ab1698ed2183888c53d76b,False
1159,pydirectinput,15658075,3615,15661690,1721b1753393cf387ca8c21154d5f9886ddd69910f1abbaab5dadba599faac9c,False
1160,pynput._util,15661707,8391,15670098,0b014a3f4fab1df5cdb325c7fcfdf3ba23444757e227646b4a964006a316342a,False
1161,pynput._util.win32,15670121,8037,15678158,a48525058938188de408b82e921dd4dfb7a4b79179e8be85f61bdc0475867e13,False
1162,pynput._util.win32_vks,15678185,1876,15680061,646ea8e2a119869f30b6bf16dda134bd14c340a6de145e8f6ab8b11ddcb9ba92,False
1163,pynput,15680072,638,15680710,dfcac04bd2a4d9a7d736a4fd996e13d5850b391e07b74714a98598fe18775986,False
1164,pynput.keyboard._base,15680736,12819,15693555,6e61043b7f444a7b851cb401e994180d0e164f04bc48ffd7cdc846d24e13a4de,False
1165,pynput.keyboard._win32,15693582,4768,15698350,43daab9967763289ef6e3590c2edb86a1d285f06c458637189b67cf1508d72d8,False
1166,pynput.keyboard,15698370,3897,15702267,2fbe7242cbeb3f222e3bf6608b249b4b9e9806730db12ec0b6490752f38cdfc7,False
1167,pynput.mouse._base,15702290,6601,15708891,f5fee006d04838dec9a29a4fd69ce4d74287d4b5aaeeefb7b28ed116f925d8a9,False
1168,pynput.mouse._win32,15708915,2121,15711036,92761f3f5f027fa05878534c2d9fa451b7379461d55bc5063a9e3ed5be342e9a,False
1169,pynput.mouse,15711053,1214,15712267,df2a9e4e8ef3a44e78558a87e4c6afa7f970acf2d51c8c38a0d973c7ebb3f4cf,False
1170,python_socks._abc,15712289,608,15712897,27f03766cea20dc368a86eff136a638df4f9b906d73f7abbd38f1b0a7242929b,False
1171,python_socks._connectors.abc,15712930,373,15713303,6b35cf648bec095b3a6aea87a54186111b32f7ad7e08d6d3849643f63afe3042,False
1172,python_socks._connectors,15713332,258,15713590,8dccf9d63123618cfdf5b9ec4cac181cfdd882a5a8d46fcf07931411ba830c9a,False
1173,python_socks._connectors.factory_async,15713633,677,15714310,7406a653c735435a4f51a2e4d10bbbb73747582195b882277d0eab1ddc62cd23,False
1174,python_socks._connectors.http_async,15714350,809,15715159,556cc33ce9bf0e7491f9f77455bbe02118c58b57140f2ab67800c753ccd883b3,False
1175,python_socks._connectors.socks4_async,15715201,903,15716104,541d11c90353eb4671a8f8319065cab65f6e779b9755e2051eaa2c2df86f81a8,False
1176,python_socks._connectors.socks5_async,15716146,1231,15717377,d27cbdbb8ee5450aa56c74ec91dbe0248e63ebfa7f2116c18eb00ce9b182dc91,False
1177,python_socks._errors,15717402,391,15717793,8c06a2e6bdf92d8bd7406d631dad5f792220f3253d8ad4aa041f57bf026038a1,False
1178,python_socks._helpers,15717819,1366,15719185,7f620572b4688d86544137dbbab9cda0b27d799cc9fc66851cb0b1bf8388b6bb,False
1179,python_socks._protocols,15719213,254,15719467,6a8b078e1df23a355e5b19404fa2ae362f5b26cc44c493fe7e3d9d612484aaa4,False
1180,python_socks._protocols.errors,15719502,364,15719866,e997032388d94b68b1b2c946db1bf671cbbcf9bc08a2763de133e294f23fb452,False
1181,python_socks._protocols.http,15719899,2135,15722034,aacd4fa53ec76486296f700d54d12d9da81bd58452c1e44c940fa4d18efb9ee4,False
1182,python_socks._protocols.socks4,15722069,1468,15723537,980c3d200a1999489712ce1dbd7b3f45f211eabf5e66accb10b637388a2f6b78,False
1183,python_socks._protocols.socks5,15723572,3315,15726887,a1ecb1bcb493331e3066c93015b1f26bdbef933cbab67cadb891578a99fdd0ff,False
1184,python_socks._types,15726911,287,15727198,390683da1ed1a2544366ebe3b79dff3c79e3d3e500e10685343a7e338187dcc6,False
1185,python_socks._version,15727224,128,15727352,992eeff1793c4c565f2e3307b8eb87d3ddac1ad1c42dd444c0eb26a5006f11aa,False
1186,python_socks.async_._proxy_chain,15727389,586,15727975,18980bef4ccfe2b68c94c0baac3b43302669ff421ff60fb9ba3a8110cc366818,False
1187,python_socks.async_.asyncio._connect,15728016,567,15728583,ad2f9323a767d265a4e523c639c0c4f6ad6744773f2f3fefaeca79ac5e2496fa,False
1188,python_socks.async_.asyncio._proxy,15728622,1935,15730557,a32d38cebe689a315273469334b4d90d2c0aa3287b4f6d2d2398ecc380986252,False
1189,python_socks.async_.asyncio._resolver,15730599,679,15731278,55a241f81d4c86138baaec7dc93dcbc5f0b4bcd93bb15d141771ac32fe45e616,False
1190,python_socks.async_.asyncio._stream,15731318,804,15732122,604a6814c0d9b1e60a028311c81e9076920f7d45302638ae1f16b67d9e830cfb,False
1191,python_socks.async_.asyncio,15732154,386,15732540,02c57d9ccdd583aa8ad910e94196fb789254afe246420a60c66400afa48b1d2d,False
1192,python_socks.async_.asyncio.v2._chain,15732582,674,15733256,dc64ce06dd93abbad4084f4987566f2114765ba42462d596136321d7d61add8f,False
1193,python_socks.async_.asyncio.v2._connect,15733300,380,15733680,9586a57348b33e5a7e25e4fea4b08ed48b0bb0ec15b56bc332f202fd3ce5eef3,False
1194,python_socks.async_.asyncio.v2._proxy,15733722,1986,15735708,5a74ae58cff935a06232bb0ea9b71948de0ad974a4c75c6356fa56ffc7a70c9b,False
1195,python_socks.async_.asyncio.v2._stream,15735751,1288,15737039,ea0803a01064ba5ce3a8975c93564495315b456918d148af3f627ce6c68b33a1,False
1196,python_socks.async_.asyncio.v2,15737074,512,15737586,0702544406d4d34e173a0e704336f55bd1c9744c0aa97484fc6bb689618d1478,False
1197,python_socks.async_,15737610,278,15737888,973f2d7dca342c13580e388f9741e05e6e28224fe80aa43c44556fb858643413,False
1198,python_socks,15737905,519,15738424,2ee8c0ba2d556462470a1a8b8f60933a2b756f69370cd9f9f91a045610aa0ccb,False
1199,pythoncom,15738438,116,15738554,a04f5e3880ced8bc0c96414c8998345e08b0ac070af56da31b6ac1cb2aa45a57,False
1200,pythonwin,15738568,104,15738672,4cce8241f381f0cb961d50d2f0e1a4caadfe47278b8d767d62ca0149cfc1b109,False
1201,pywin,15738682,171,15738853,7cdf4557ff8d89da94aef27386f3ea3153fe9b70b138b0eecfd6310cab293157,False
1202,pywin.dialogs,15738871,214,15739085,24d80103c4dc652157211ef5431cbc19be785e34d1b501b2459a570c130fae23,False
1203,pywin.dialogs.list,15739108,1792,15740900,33676b5e85c8026563bd22df46827b35c02d4ac16565b69b618de48fe56ff70c,False
1204,pywin.dialogs.status,15740925,2675,15743600,e58f268cb193735c6feb1fa50e9bc59b636f89a4eb349cabaa1249cac30e7be5,False
1205,pywin.mfc,15743614,198,15743812,44c2864722a8a5823d7b9fe88d0a4f132a2bfc4c77af37c59702548527d28a86,False
1206,pywin.mfc.dialog,15743833,3559,15747392,1aae170e539248ea94d532b58ba0cc9d09cc222e96475a01cb3eaec9c8f8c46d,False
1207,pywin.mfc.object,15747413,798,15748211,834e4a2e8c38855731968dba22858cb55ffbcad685c1a03020953aa4dbbd5852,False
1208,pywin.mfc.thread,15748232,458,15748690,c04704f45220beaad4cdb3977b36c2da25279666f17cedb99b5143c2eabc3504,False
1209,pywin.mfc.window,15748711,610,15749321,bac2355a24b159230630060ea046698e91075db914cf3711a10ddf00884c9273,False
1210,pywin32_system32,15749342,118,15749460,ed9205b4290c2047a3058c56ec2b271e62a82ba66f1ea373e66a8d3d0b767e3a,False
1211,pywintypes,15749475,640,15750115,89c03ab422110885e7652cab5483eb1b067dfbe212c01e95a1144bd30cff341b,False
1212,requests.__version__,15750140,377,15750517,0c79a334aabbd679e1a0234507f82b7b38e2642e9ebf02a1eda5654fdc0db970,False
1213,requests._internal_utils,15750546,1050,15751596,1507eb46ed0b63c30f2ba0719c9566511cd15ac5c581279cdd22e36096d71ee3,False
1214,requests.adapters,15751618,11716,15763334,723ec27b0edf46e5eb27d08d24cdece41fd60b8ca250603a30bfe44207aa73dc,False
1215,requests.api,15763351,5653,15769004,71c0c3a9ba69b8b1c452f3624346c58154e8ea3221e2b9cfbaf47d40cf41e575,False
1216,requests.auth,15769022,3660,15772682,890bd7d48aa3670015277ae0f6326e12d716ee3885061fd1c77bcc35e8b50a9e,False
1217,requests.certs,15772701,422,15773123,bcf474e18d2c3d516108e404a6ce8938e5909bb7297c8620910772473543931a,False
1218,requests.compat,15773143,1116,15774259,700ba3553aa38e0848ce10c391b141ac7c398126488fa15bd4f6492ea76245cc,False
1219,requests,15774272,2696,15776968,64eff2f6574aea208fd94f342753187b874f210ae5c7aa9618d1d37203831179,False
1220,requests.cookies,15776989,10908,15787897,9b1ca597694b84f5a27fe13b5fb543e68d25ea6dfebd38ad2b374ff509796d6d,False
1221,requests.exceptions,15787921,2704,15790625,60000665a6207ae963525752081bf71ec6fe2fc02ce896fac35a291f678928ba,False
1222,requests.hooks,15790644,431,15791075,a5727d956fd7dd482cd059b28b85b415f943764193325737eb05aabb890cf7c2,False
1223,requests.models,15791095,13600,15804695,71c3f677f4bf5eaac860b18cdad3b8994c66f01270fdeec632e27aea29d5125b,False
1224,requests.packages,15804717,282,15804999,397add1ea4c352f6d173c3e22495f4e4b02b5bce1f86fccb14ec200c5c2a46ea,False
1225,requests.sessions,15805021,12896,15817917,baa81927d413d17866783bccaf2a20871091d026f43cd0ef1735ea68a8550a80,False
1226,requests.status_codes,15817943,3127,15821070,d82f893e3e14456050a14eba7ffbdfcee1e327da2db567365b736f6db46b11ac,False
1227,requests.structures,15821094,2310,15823404,e8ffa8811096441afd9804878def7526a4e0eeda1605652fbcabd6ff3ed29d7e,False
1228,requests.utils,15823423,14052,15837475,c23ca7f4ee159ea8b93cba0febde11b681bf979fa77a687ff702ca72a47d9595,False
1229,six,15837483,14147,15851630,bfe41542f8bf224fdd02502ecaad4015f7edb21f2a409ad51f10388782a8bc4c,False
1230,telegram.bot_manager,15851655,2519,15854174,74c83283fd2a8f1209830c59c2ea2f8ff5ae68b6457f9bc98fe1d549bfaf2ff6,True
1231,telegram,15854187,349,15854536,2876ef39353ee674eeff81a056aad8dc336786a22d853838bb613efbbb152cbe,True
1232,telegram.handlers,15854558,417,15854975,7ba4b3977913b27a13e71e415a8a05b37e114c0ae3fea75376093c235da675e8,True
1233,telegram.handlers.fish_names_map,15855012,1637,15856649,b9be9ea66e294fe9c919bfd8ec2c07e69e721fd1dadc9f72771b704afc7c4235,True
1234,telegram.handlers.fishing_handler,15856687,5593,15862280,415369e9184977ecd4bdd02a6200609db431f9ea1ecc7db60ebe87f0c579a5c6,True
1235,telegram.handlers.menu_handler,15862315,3302,15865617,c94fa5f0471e6a25140a6e8400dc32c9464c7328c27b089f7e3830c6287a46c9,True
1236,telegram.handlers.notifications_handler,15865661,2740,15868401,ae9fa8e7861436ce2a246c86219064e8c3549d0b3541a68064fbb2c9d40090c9,True
1237,telegram.handlers.screenshot_handler,15868442,2289,15870731,c797ceae60ca3cc3ec691ee0091906f1f5b2759b2a347d5d4689beb9d20a2e60,True
1238,telegram.handlers.system_handler,15870768,1565,15872333,bcbaa6f33c7c5dafe1fab4af8234bb4fb93712f5bd80ca124f57401b77ab0956,True
1239,telegram.notification_manager,15872367,5600,15877967,3df2e4e8c509b45aa5fa435059ebf2658fd128a110b8aefdd98a3b954152db84,True
1240,typing_extensions,15877989,58942,15936931,4bfc791a19b87e788cc0a8b047b2afe38ceb1a124e931dd23f6a0258e236862b,False
1241,typing_inspection,15936953,172,15937125,4ed2d4f65d0e4bf8b3834d4ebb1d6595d6dc1c8df453cb1332a82ad4057cffa4,False
1242,typing_inspection.introspection,15937161,9461,15946622,27212540a92d2ff98f2f65b924840b2700143a12e9ea6fbea08ca3532e511b05,False
1243,typing_inspection.typing_objects,15946659,9768,15956427,cecd0d89a7137d1b4adc47973c190b57b5d44bf8c0afd10d5533b27f5d85ee04,False
1244,ui,15956434,154,15956588,56b47bcc83bd5c8711ec5aaaaaf3ab42db2f8b874785e74b61f735fc65778a1d,True
1245,ui.fish_settings_dialog,15956616,5740,15962356,ed9dbb77ca17058936a3c13ccf6a1746a7820502093d995e3ed545ff2ecd2e9d,True
1246,ui.fishing_tab,15962375,11647,15974022,8768a16b4f36d67375e6e6674a0b03a18941622abf0de8853ad2d3ff8c1429c6,True
1247,ui.garbage_settings_dialog,15974053,4201,15978254,77cdf4f1da2039eb0a91d68e4e0ca7fb7833a76645ba8a3a0b06b5471fe03c28,True
1248,ui.home_tab,15978270,7993,15986263,5c5a5dbf09404864d12d8ab274590f54d58f3f6fca8f2155c35b6c1735a2c12d,True
1249,ui.hotkey_dialog,15986284,4109,15990393,91f89e8ba4d9da593266a2774997367612f36a58cc808f65413e2fab038800c9,True
1250,ui.hotkey_listener,15990416,3413,15993829,c28857b48365c181d3d49bc94d44168cf6167cb756fd58bdd54c5dbb984bc2af,True
1251,ui.ios_toggle,15993847,1636,15995483,dcb1bf21768d8a8df77f65cb76837e2cfe7e55f551ea3895f2a9d621364b6a5b,True
1252,ui.main_window,15995502,3696,15999198,a0245fbb11afa5d5482a23c424ba7bd00a22ff99a7f4291141dee244a3b16fa7,True
1253,ui.styles,15999212,4572,16003784,6ba638aef96ea4e35f4845bf8acbc07810475f445e52c7808f85164708e8d1a4,True
1254,ui.telegram_tab,16003804,4879,16008683,a21dd1f6046cbdcde7a9d43cb2784247b01dc9b12970da919d102aea4eb54c48,True
1255,urllib3._base_connection,16008712,758,16009470,97af5e20db611275f28e2ad417fefe1c56011cc60a251f59d13dc00bc0adf947,False
1256,urllib3._collections,16009495,8262,16017757,68060dacb03d40f10783bfdf1ff4de917ba078cf1d5d5758ef853591aa609780,False
1257,urllib3._request_methods,16017786,7831,16025617,b5e698ee2e449674f8e057b823db8793cd58f02ac192ae56195b8e2e5c1618ef,False
1258,urllib3._version,16025638,295,16025933,dfa60e81f62cac8ea422b40f15dfe399d5f856998edd9ba3864ab5f854f4264e,False
1259,urllib3.connection,16025956,15995,16041951,fab6cc7103fd9ffa635ea99165818177e653a43cd06c5b4ac2805e4698831803,False
1260,urllib3.connectionpool,16041978,21291,16063269,da51216ce215144dfa25fe2c596331c7ca7cce21fd7087d756f351779add144d,False
1261,urllib3,16063281,5383,16068664,8ad30c2e661fbd957ea0d8a0113ad2ba3a19c170a04677f4a9e855789be24163,False
1262,urllib3.contrib,16068684,222,16068906,9c509d60e3b951d58b63567dc1bae8ace814754088f28d14981451a70d56b672,False
1263,urllib3.contrib.pyopenssl,16068936,9130,16078066,aa2017684f31fbfda02de857f418bbb976f6f6bfda3997550249fffe45dbb78d,False
1264,urllib3.contrib.socks,16078092,3860,16081952,be4de91dd0650aee9ef82bfcf2864e300e87a7da3c7a7ac248df6b09fa17a28d,False
1265,urllib3.exceptions,16081975,6641,16088616,a71f1b4462a7e99a6ef35d0cc3f36031156fcb45c467b929ca9640dfad2b3def,False
1266,urllib3.fields,16088635,7292,16095927,c873cf3ed74f4a21c2c5bba4885595a7d0094dae26f1665c9e0bfc3b04a479da,False
1267,urllib3.filepost,16095948,1393,16097341,9128c4215252608c8f2559d2338fd549b1ed1cf77f0a241a9f9bea0095451b45,False
1268,urllib3.http2.connection,16097370,6212,16103582,53d1f81dda13b50c55e159dbda13c296fcf775fa67c8353fe80df93e076663b4,False
1269,urllib3.http2,16103600,730,16104330,3fe64521c009a2ae23c5ac0d0bed9c9d6ed37acbfe6448e650fa7c2d8b87feba,False
1270,urllib3.http2.probe,16104354,999,16105353,7893d75e9a722ec847110c07afc08e3fecb11d57b67370b31c84f112ae1fe0e3,False
1271,urllib3.poolmanager,16105377,13550,16118927,6d421e7a6a0817a94a1d525bf778ecf95840e9071a152d9bf78df7e284b4fa45,False
1272,urllib3.response,16118948,18023,16136971,eb820cc2c1352dc7878ffa483b249d90ccc9315e3b2cad891bf09763835c7314,False
1273,urllib3.util.connection,16136999,2206,16139205,6229646db5ba40ff83e43826ef43aaa956a82a6fda596c1ad502467d98cc70bf,False
1274,urllib3.util,16139222,1172,16140394,de2cb519b1a798ee067329e2f94a644dd6743473a573b30d0920917023086d25,False
1275,urllib3.util.proxy,16140417,673,16141090,b2f917e07ee4770a9b69bafb09d37ba1c1b5a9d2d83c3e8354d59f6c16c53b5e,False
1276,urllib3.util.request,16141115,4455,16145570,56b529c607d328990c31face68b9c52542a86d482539a0ef513a3d8e86ce210d,False
1277,urllib3.util.response,16145596,1438,16147034,28b57d6db10d36a73dc8f784ce54f28b8119a4e44e48f7de079c834875f2c894,False
1278,urllib3.util.retry,16147057,11713,16158770,08ba1cd8568f01605ea151307e4f2f91587cd51909d36b7fb041832f195419ca,False
1279,urllib3.util.ssl_,16158792,9403,16168195,c390b969e3cacc9d2d3a820de1c968415f2226b316dd66e7f24a3c9c7d5e2f2e,False
1280,urllib3.util.ssl_match_hostname,16168231,2329,16170560,b8ccd4509ebb0d3d78c7659d93ca633649108327fa38e16f3d5ee7691a8e4bdf,False
1281,urllib3.util.ssltransport,16170590,4942,16175532,b147ca0ac20ad8df5cfed5b565e3b453c1251e68aa43ffef3c19b9d315b0e240,False
1282,urllib3.util.timeout,16175557,7468,16183025,acacfe34354934382059b6baa29d55462fee638976eba5a3a43435b8ab8c597e,False
1283,urllib3.util.url,16183046,6732,16189778,e43748ae8da0dc1e95633a7a20e3625a307a9bc5ebe959d5b1e291c2c5cf53a8,False
1284,urllib3.util.util,16189800,530,16190330,7303468ca583772eae2d7ece1169b04f59c0ddbabdb4a2718a237f3b7ebb0af3,False
1285,urllib3.util.wait,16190352,1116,16191468,6eefe1133ed471e5742cec588d251fa1cbe15afb374925a461100b63e53486ca,False
1286,win32com.client.CLSIDToClass,16191501,1642,16193143,2ddc016e1649ace73176b187041266bd049de19958143732c6d270ee53bd8239,False
1287,win32com.client.build,16193169,6350,16199519,137fbb7b7fed2c4d51dfe122f86c328f9db84278da0a4e6cc7f549ecb1df6c02,False
1288,win32com.client,16199539,10640,16210179,f72a4859f78e3f38d648b5e3b942e666202e09ff4fc466ae4a236c8375f92976,False
1289,win32com.client.dynamic,16210207,7030,16217237,64125911da6d7ff8ef3cb6c4a20b0366ab85fcab9b5748f278ddd0e49717ad9d,False
1290,win32com.client.gencache,16217266,9824,16227090,ff8327c813bc6e38715e9221bcc8e5871164ef5f0343dea460c8ce31edb3b090,False
1291,win32com.client.genpy,16227116,12768,16239884,c90211e6a2bb7f79c8d45fcf27f1856b7b82d7fb0c3fb550e87b4e780e0544f7,False
1292,win32com.client.makepy,16239911,4788,16244699,5fcb85a0d74acb5efea131846ef6129600bcef07ca1f906dbbb75413697d82c6,False
1293,win32com.client.selecttlb,16244729,1612,16246341,5760dc220911f6149103a9a6c860adba534710e8e25f8066eef0e8274d6e8735,False
1294,win32com.client.util,16246366,1880,16248246,15406f1b5267946ac14244758b294d84954bff3c41c0c77b8f0b5f4883ae54e6,False
1295,win32com,16248259,649,16248908,40837235609d2afca661f492878b87e1f836fe8b3689e341b0c6391007efb412,False
1296,win32comext,16248924,108,16249032,a6228b98d967fb7ef5e3124a84a86c6d7fcf294da53872ae6f98769e7de351cb,False
1297,win32con,16249045,85998,16335043,f211c43043937424482ca6250d55f36f790238ee4c5efbfd5af53e8dacc81fe7,False
1298,win32timezone,16335061,13607,16348668,32dc4156f74ffa3cfd5192c9feea7d4c913d79ae91d8a0fd53ef0b9f2f8ab18f,False
1299,win32ui-preLoad,16348688,89,16348777,401388ef89c5a370d310c7605fcb4ceca8e9b9961dccd25a427c7cdf401d7313,False
1300,winerror,16348790,76600,16425390,abe0b64ac070db2892dc16bdbf66ad5ed96c889b68fbb41dbd632d2d7cb48b21,False
1301,workers,16425402,175,16425577,94802fc64db10a4a8eab28e3e14dab1b00483d96254f5c4fefbd6fc95bd1a6a4,True
1302,workers.fishing.casting_a_fishing_rod,16425619,6344,16431963,dc1cc2576324c82d6e1fc5de9db7ef88b8c7c729ae453003e40b313bbc461edf,True
1303,workers.fishing,16431983,279,16432262,213a8de13cb316b45b81dd4b4f789471dcb2a48b035b9dbbdde4a07aff355b3a,True
1304,workers.fishing.fish_recognition,16432299,5397,16437696,8940d57b993d3228488e6d855922c3c104ed04321256e30a16e451b6f49f16ec,True
1305,workers.fishing.fishing_bot,16437728,20244,16457972,6aa15fb92904af5733d1b499962da06acf5a41fce9ad57f56b5a4f5d6acae25c,True
1306,workers.fishing.garbage_disposal,16458009,8322,16466331,aeba026d3a541631a881fc99716e57ece1e1519eeff665c01728b071b0f4dc04,True
1307,workers.fishing.hooking,16466359,6207,16472566,5371a8a1a873ca440b874ab9f3b25c521aba5fc27a84f865bb7598df24c2b35a,True
1308,workers.fishing.meal_system,16472598,8760,16481358,9f9afbc0e419de6c75fa33a39d8daf6df27e02b54aa043d18f83a8742e3661c4,True
1309,workers.fishing.memory_fish_reader,16481397,4472,16485869,5581f6cd88378f16d80cf9f0e034d8a202044319f01691c72a156dbf1f3e90f6,True
1310,workers.fishing.memory_reeling,16485904,5653,16491557,73be8216bc42ae88e7cbc8d57dffdf5bb9f5540906310983bdf665d623a1af03,True
1311,workers.fishing.path_utils,16491588,1368,16492956,4fc7ea3b45f198fe4bb1aa72424c781c5bdbc7a3f99aa0ac565ae35280658e29,True
1312,workers.fishing.store_fish,16492987,7144,16500131,4f40854bab0c5fc9004a107a5c46afead9e0ace71eef404ccd74a160249c81b4,True
1313,workers.fishing.trigger_monitor,16500167,6272,16506439,55511eb4e5733b289fcafd0beaeca06a2e6cef44993b8751b09ba41014260bd6,True
1314,workers.fishing.window_activator,16506476,4895,16511371,1edd5b8124ee4142d03d145880a09b3e799d20ce96464aa13bbaa357a0777edf,True
1315,workers.fishing.window_capture,16511406,2789,16514195,c054187e050b95dc1262f0e527333254f60b944b97ae37bb50560f974362b066,True
1316,yarl._parse,16514211,1937,16516148,99e596a05c0204914ec175f896c9ca83d77086a6ee8b6a1240a40e031cca5370,False
1317,yarl._path,16516163,421,16516584,853bc7b683f193630093b807e837db2911ed07c6750598e779ba1a7b45096800,False
1318,yarl._query,16516600,1481,16518081,d262db4019ef7036363caa6de35daf65e2e0df4c07357eccb16d59184b3ced58,False
1319,yarl._quoters,16518099,839,16518938,c67271763cae1d5504896ebcb56ec32519c23b9346f62f0bdf1613223492a594,False
1320,yarl._quoting,16518956,229,16519185,e20a59b1fc27949aca274a33b6534d58cafc517e416785be0702e83eeec2e0e9,False
1321,yarl._quoting_py,16519206,1402,16520608,9f26349270b49126d61a582b92a30d80d9b2850ebf1012cbe350024d3f8bc955,False
1322,yarl._url,16520622,18026,16538648,688220d94d775488a455c796c53657f959457140ce985baa1fa8201affbcbc82,False
1323,yarl,16538657,420,16539077,fca4c553695d7e0701a19e7868b40545c8d21cdcf4d36523ac83af3489c58641,False
